TEMPORAL,,,,,,,,,FLAG,,,UPI RAW,,IMPS RAW,,NEFT RAW,,QUALITY,,GROWTH,,,VOLATILITY,,MA,,STRESS,,,,VALUE,MARKET,,
Date,Year,Month,Month_Name,Quarter,Weekday,Weekday_Num,Day,Fiscal_Year,Is_Weekend,Is_Month_End,Is_Month_Start,UPI_Volume,UPI_Value,IMPS_Volume,IMPS_Value,NEFT_Volume,NEFT_Value,UPI_Volume_Missing,UPI_Value_Missing,UPI_Daily_Growth_Pct,IMPS_Daily_Growth_Pct,NEFT_Daily_Growth_Pct,UPI_7D_Volatility,UPI_30D_Volatility,UPI_Volume_7D_MA,UPI_Volume_30D_MA,UPI_Z_Score,Spike_Flag,Stress_Index,Spike_Severity,Ticket_Size_Rs,Total_Digital_Volume,UPI_Market_Share_Pct,UPI_vs_Others_Ratio
2020-06-01,2020,6,Jun,Q2,Mon,0,1,FY20-21,0,0,1,476.97,10413.11,76.81,9072.55,172.11,104275.13,0,0,,,,,,,,,0,,,218.32,725.89,65.7083,1.9162
2020-06-02,2020,6,Jun,Q2,Tue,1,2,FY20-21,0,0,1,476.78,9951.3,72.25,8215.41,100.07,65259.02,0,0,-0.03983479,-5.936726989,-41.85695195,,,,,-0.0586,0,0,Normal,208.72,649.1,73.4525,2.7668
2020-06-03,2020,6,Jun,Q2,Wed,2,3,FY20-21,0,0,1,456.26,9622.38,68.15,7653.71,100.36,62985.75,0,0,-4.303871807,-5.674740484,0.289797142,,,,,-0.7721,0,0,Normal,210.9,624.77,73.0285,2.7076
2020-06-04,2020,6,Jun,Q2,Thu,3,4,FY20-21,0,0,0,463.05,9639.5,70.69,7705.89,94.66,63148.29,0,0,1.48818656,3.727072634,-5.679553607,,,,,0.197,0,0.197,Normal,208.17,628.4,73.6871,2.8004
2020-06-05,2020,6,Jun,Q2,Fri,4,5,FY20-21,0,0,0,464.79,9539.52,73,7705.25,111.26,68932.72,0,0,0.375769355,3.267788938,17.53644623,2.5393,,,,0.0109,0,0.0109,Normal,205.24,649.05,71.6108,2.5225
2020-06-06,2020,6,Jun,Q2,Sat,5,6,FY20-21,1,0,0,458.65,9119.2,70.35,7076.03,77.05,60118.06,0,0,-1.3210267,-3.630136986,-30.74779795,2.2213,,,,-0.273,0,0,Normal,198.83,606.05,75.6786,3.1116
2020-06-07,2020,6,Jun,Q2,Sun,6,7,FY20-21,1,0,0,427.26,6875,54.25,4350.25,8.36,2651.29,0,0,-6.843998692,-22.88557214,-89.14990266,3.1806,,460.54,,-1.197,0,0,Normal,160.91,489.87,87.2191,6.8241
2020-06-08,2020,6,Jun,Q2,Mon,0,8,FY20-21,0,0,0,469.99,10062.17,71.3,8143.19,121.32,68564.97,0,0,10.0009362,31.42857143,1351.196172,5.3139,,459.54,,1.6213,0,1.6213,Normal,214.09,662.61,70.9301,2.44
2020-06-09,2020,6,Jun,Q2,Tue,1,9,FY20-21,0,0,0,466.98,9786.86,69.55,7725.25,95.19,68888.08,0,0,-0.640439158,-2.454417952,-21.53808111,5.3178,,458.14,,-0.1591,0,0,Normal,209.58,631.72,73.922,2.8346
2020-06-10,2020,6,Jun,Q2,Wed,2,10,FY20-21,0,0,0,461.58,9839.41,69.48,7650.2,87.89,63676.19,0,0,-1.15636644,-0.100647017,-7.668872781,5.0364,,458.9,,-0.2454,0,0,Normal,213.17,618.95,74.5747,2.9331
2020-06-11,2020,6,Jun,Q2,Thu,3,11,FY20-21,0,0,0,449.65,9499.97,68.71,7424.38,79.91,69624.46,0,0,-2.584600719,-1.108232585,-9.079531232,5.1072,,456.99,,-0.4844,0,0,Normal,211.27,598.27,75.1584,3.0255
2020-06-12,2020,6,Jun,Q2,Fri,4,12,FY20-21,0,0,0,453.43,9288.43,68.24,7365.12,78.75,72097.78,0,0,0.840653842,-0.684034347,-1.451633087,5.1206,,455.36,,0.0887,0,0.0887,Normal,204.85,600.42,75.5188,3.0848
2020-06-13,2020,6,Jun,Q2,Sat,5,13,FY20-21,1,0,0,289,4333.74,47.25,4517,16.08,5053.56,0,0,-36.26359085,-30.75908558,-79.58095238,14.6013,,431.13,,-6.1192,0,0,Normal,149.96,352.33,82.0254,4.5634
2020-06-14,2020,6,Jun,Q2,Sun,6,14,FY20-21,1,0,0,435.87,7238.23,57.41,4388.98,10.83,2674.32,0,0,50.8200692,21.5026455,-32.64925373,25.6378,,432.36,,8.4507,1,8.4507,Extreme,166.06,504.11,86.4633,6.3873
2020-06-15,2020,6,Jun,Q2,Mon,0,15,FY20-21,0,0,0,463.91,9725.94,72.58,8165.45,95.28,88318.82,0,0,6.43311079,26.42396795,779.7783934,25.5106,,431.49,,1.0243,0,1.0243,Normal,209.65,631.77,73.4302,2.7637
2020-06-16,2020,6,Jun,Q2,Tue,1,16,FY20-21,0,0,0,469.24,9361.87,67.37,7244.15,82.53,88072.57,0,0,1.148929749,-7.178286029,-13.38161209,25.4829,17.108,431.81,,0.1402,0,0.1402,Normal,199.51,619.14,75.789,3.1304
2020-06-17,2020,6,Jun,Q2,Wed,2,17,FY20-21,0,0,0,446.58,9087.24,68.21,7098.01,72.77,64135.49,0,0,-4.829085329,1.246845777,-11.82600267,25.6142,16.5964,429.67,,-0.8599,0,0,Normal,203.49,587.56,76.0059,3.1677
2020-06-18,2020,6,Jun,Q2,Thu,3,18,FY20-21,0,0,0,433.32,8793.32,66.09,6929.78,70.92,76040.08,0,0,-2.969232836,-3.108048673,-2.542256424,25.6267,16.0957,427.34,,-0.5488,0,0,Normal,202.93,570.33,75.9771,3.1627
2020-06-19,2020,6,Jun,Q2,Fri,4,19,FY20-21,0,0,0,440.29,8512.47,65.63,6593.33,65.83,64031.9,0,0,1.608511031,-0.696020578,-7.177100959,25.6217,15.6169,425.46,,0.2171,0,0.2171,Normal,193.34,571.75,77.0074,3.3492
2020-06-20,2020,6,Jun,Q2,Sat,5,20,FY20-21,1,0,0,437.75,8280.13,64.79,6129.25,53.97,43978.1,0,0,-0.576892503,-1.279902484,-18.01610208,19.4917,15.1795,446.71,,-0.1485,0,0,Normal,189.15,556.51,78.6599,3.686
2020-06-21,2020,6,Jun,Q2,Sun,6,21,FY20-21,1,0,0,356.53,4938.44,45.95,3314.19,6.06,2093.33,0,0,-18.55396916,-29.07856151,-88.77153974,7.9274,15.3822,435.37,,-3.1562,0,0,Normal,138.51,408.54,87.2693,6.855
2020-06-22,2020,6,Jun,Q2,Mon,0,22,FY20-21,0,0,0,459.55,9375.2,68.48,7111.42,95.5,73128.6,0,0,28.89518414,49.03155604,1475.907591,14.2148,16.296,434.75,,4.7825,1,4.7825,Extreme,204.01,623.53,73.7013,2.8025
2020-06-23,2020,6,Jun,Q2,Tue,1,23,FY20-21,0,0,0,452.99,8650.02,66.62,6780.85,94.78,95774.01,0,0,-1.427483408,-2.716121495,-0.753926702,14.2339,15.9119,432.43,,-0.2908,0,0,Normal,190.95,614.39,73.73,2.8066
2020-06-24,2020,6,Jun,Q2,Wed,2,24,FY20-21,0,0,0,477.54,8942.45,65.81,6840.45,71.52,68814.85,0,0,5.419545685,-1.215851096,-24.54104241,14.1444,15.5744,436.85,,0.8548,0,0.8548,Normal,187.26,614.87,77.6652,3.4773
2020-06-25,2020,6,Jun,Q2,Thu,3,25,FY20-21,0,0,0,456.49,8531.52,66.16,6927.48,66.47,86276.49,0,0,-4.408007706,0.531834068,-7.060961969,14.2349,15.2737,440.16,,-0.7895,0,0,Normal,186.89,589.12,77.4868,3.4418
2020-06-26,2020,6,Jun,Q2,Fri,4,26,FY20-21,0,0,0,455.45,8660.95,66.32,6910.38,71.37,89606.85,0,0,-0.227825363,0.241837969,7.371746653,14.2509,14.9537,442.33,,-0.0901,0,0,Normal,190.16,593.14,76.7863,3.3078
2020-06-27,2020,6,Jun,Q2,Sat,5,27,FY20-21,1,0,0,436.26,7586.08,62.86,5836.21,13.77,6805.17,0,0,-4.213415304,-5.217129071,-80.70617907,14.3964,14.685,442.12,,-0.7569,0,0,Normal,173.89,512.89,85.0592,5.6931
2020-06-28,2020,6,Jun,Q2,Sun,6,28,FY20-21,1,1,0,397.91,5544.8,49.17,3612.89,6.58,2336.18,0,0,-8.790629441,-21.77855552,-52.21496006,12.5674,14.5138,448.03,,-1.5227,0,0,Normal,139.35,453.66,87.7111,7.1374
2020-06-29,2020,6,Jun,Q2,Mon,0,29,FY20-21,0,1,0,430.17,8825.17,72.11,8319.76,109.64,129714.54,0,0,8.107360961,46.6544641,1566.261398,5.8774,14.3189,443.83,,1.3045,0,1.3045,Normal,205.16,611.92,70.2984,2.3668
2020-06-30,2020,6,Jun,Q2,Tue,1,30,FY20-21,0,1,0,505.09,11811.09,83.56,10144,143.17,149509.51,0,0,17.41637027,15.87851893,30.58190441,9.0153,14.4046,451.27,445.64,2.8619,1,2.8619,Elevated,233.84,731.82,69.0183,2.2277
2020-07-01,2020,7,Jul,Q3,Wed,2,1,FY20-21,0,0,1,515.18,11611.71,90.45,10474.88,173,96466.52,0,0,1.997663783,8.245572044,20.83537054,8.8845,14.1549,456.65,446.92,0.2822,0,0.2822,Normal,225.39,778.63,66.1649,1.9555
2020-07-02,2020,7,Jul,Q3,Thu,3,2,FY20-21,0,0,1,481.96,10494.44,83.03,9342.1,100.44,74699.45,0,0,-6.448231686,-8.203427308,-41.94219653,9.1372,14.2221,460.29,447.09,-1.1308,0,0,Normal,217.75,665.43,72.4284,2.6269
2020-07-03,2020,7,Jul,Q3,Fri,4,3,FY20-21,0,0,1,507.41,10735.45,76.91,8293.17,108.03,71947.54,0,0,5.280521205,-7.370829821,7.556750299,9.2383,14.2073,467.71,448.8,0.8315,0,0.8315,Normal,211.57,692.35,73.2881,2.7436
2020-07-04,2020,7,Jul,Q3,Sat,5,4,FY20-21,1,0,0,498.77,10114.58,76.41,7785.95,70.06,48814.68,0,0,-1.702765022,-0.650110519,-35.14764417,9.007,14.2177,476.64,449.99,-0.3369,0,0,Normal,202.79,645.24,77.2999,3.4053
2020-07-05,2020,7,Jul,Q3,Sun,6,5,FY20-21,1,0,0,432.52,7115.05,55.19,4615.17,9.74,2897.45,0,0,-13.28267538,-27.77123413,-86.0976306,10.0281,14.4609,481.59,448.91,-2.2743,0,0,Normal,164.5,497.45,86.9474,6.6613
2020-07-06,2020,7,Jul,Q3,Mon,0,6,FY20-21,0,0,0,503.34,10863,82.24,8622.13,109.29,97039.58,0,0,16.3738093,49.01250226,1022.073922,11.3221,14.7329,492.04,450.4,2.6875,1,2.6875,Elevated,215.82,694.87,72.4366,2.628
2020-07-07,2020,7,Jul,Q3,Tue,1,7,FY20-21,0,0,0,496.02,10438.01,79.28,8374.16,117.57,75837.34,0,0,-1.454285374,-3.59922179,7.576173483,9.3356,14.6627,490.74,452.69,-0.2953,0,0,Normal,210.44,692.87,71.5892,2.5198
2020-07-08,2020,7,Jul,Q3,Wed,2,8,FY20-21,0,0,0,509.11,10642.44,77.06,8091.53,111.47,73250.39,0,0,2.639006492,-2.800201816,-5.188398401,9.3603,14.5768,489.88,454,0.3896,0,0.3896,Normal,209.04,697.64,72.976,2.7004
2020-07-09,2020,7,Jul,Q3,Thu,3,9,FY20-21,0,0,0,485.14,10059.96,74.58,7859.37,100.01,72248.89,0,0,-4.708216299,-3.218271477,-10.28079304,9.1756,14.6138,490.33,454.6,-0.8397,0,0,Normal,207.36,659.73,73.5361,2.7787
2020-07-10,2020,7,Jul,Q3,Fri,4,10,FY20-21,0,0,0,451.5,9324.23,74.82,8028.18,102.36,86573.94,0,0,-6.934080884,0.321802092,2.349765023,9.2647,14.6827,482.34,454.27,-1.2121,0,0,Normal,206.52,628.68,71.8171,2.5483
2020-07-11,2020,7,Jul,Q3,Sat,5,11,FY20-21,1,0,0,500.95,9024.34,68.01,6185.32,14.27,6074.97,0,0,10.95238095,-9.101844427,-86.05900742,10.3439,14.7789,482.65,455.98,1.7805,0,1.7805,Normal,180.14,583.23,85.8924,6.0884
2020-07-12,2020,7,Jul,Q3,Sun,6,12,FY20-21,1,0,0,434.05,6282.22,49.4,3658.08,7.29,2357.11,0,0,-13.35462621,-27.363623,-48.91380519,10.3599,15.0218,482.87,455.33,-2.2863,0,0,Normal,144.73,490.74,88.4481,7.6566
2020-07-13,2020,7,Jul,Q3,Mon,0,13,FY20-21,0,0,0,518.52,10469.79,77.46,8056.36,113.44,88295.77,0,0,19.4608916,56.80161943,1456.104252,11.1813,13.6508,485.04,462.98,3.204,1,3.204,High,201.92,709.42,73.0907,2.7162
2020-07-14,2020,7,Jul,Q3,Tue,1,14,FY20-21,0,0,0,519.6,10312.04,74.8,7839.39,85.14,68689.01,0,0,0.208285119,-3.434030467,-24.9471086,11.1395,10.1963,488.41,465.77,-0.0171,0,0,Normal,198.46,679.54,76.4635,3.2487
2020-07-15,2020,7,Jul,Q3,Wed,2,15,FY20-21,0,0,0,499.18,10118.86,72.43,7711.74,86.08,80746.8,0,0,-3.929946112,-3.168449198,1.104063895,11.272,10.1838,486.99,466.95,-0.7095,0,0,Normal,202.71,657.69,75.899,3.1492
2020-07-16,2020,7,Jul,Q3,Thu,3,16,FY20-21,0,0,0,479.81,9451.87,69.47,7083.76,84.26,69716.47,0,0,-3.880363797,-4.086704404,-2.114312268,11.2156,10.2179,486.23,467.3,-0.7012,0,0,Normal,196.99,633.54,75.7348,3.1211
2020-07-17,2020,7,Jul,Q3,Fri,4,17,FY20-21,0,0,0,472.6,9034.77,68.6,7062.31,76.66,74411.4,0,0,-1.502678143,-1.252339139,-9.019700926,10.8073,10.1754,489.24,468.17,-0.3034,0,0,Normal,191.17,617.86,76.4898,3.2535
2020-07-18,2020,7,Jul,Q3,Sat,5,18,FY20-21,1,0,0,462.3,8380.13,62.86,5988.41,59.85,40256.32,0,0,-2.179432924,-8.367346939,-21.92799374,9.923,10.1667,483.72,469.13,-0.4166,0,0,Normal,181.27,585.01,79.0243,3.7674
2020-07-19,2020,7,Jul,Q3,Sun,6,19,FY20-21,1,0,0,410.87,5766.61,47.37,3415.28,6.08,2343.16,0,0,-11.12481073,-24.64206172,-89.84126984,9.4763,10.3905,480.41,468.15,-1.9133,0,0,Normal,140.35,464.32,88.4885,7.687
2020-07-20,2020,7,Jul,Q3,Mon,0,20,FY20-21,0,0,0,461.25,8829,72.5,7248.83,74.32,70357.76,0,0,12.26178597,53.05045387,1122.368421,7.0351,10.6164,472.23,468.94,1.9995,0,1.9995,Normal,191.41,608.07,75.8548,3.1416
2020-07-21,2020,7,Jul,Q3,Tue,1,21,FY20-21,0,0,0,437.49,8301.25,70.65,7070.64,66.36,59734.09,0,0,-5.151219512,-2.551724138,-10.71044133,7.1158,10.045,460.5,471.63,-0.9138,0,0,Normal,189.75,574.5,76.1514,3.1931
2020-07-22,2020,7,Jul,Q3,Wed,2,22,FY20-21,0,0,0,496.81,9735.93,71.29,7124.26,68.65,62003.01,0,0,13.55916707,0.905874027,3.45087402,9.1833,8.9101,460.16,472.88,2.2166,1,2.2166,Elevated,195.97,636.75,78.0228,3.5502
2020-07-23,2020,7,Jul,Q3,Thu,3,23,FY20-21,0,0,0,470.34,8878.82,69.01,6874.02,63.87,67317.4,0,0,-5.327992593,-3.198204517,-6.962855062,9.3082,8.9694,458.81,473.45,-0.9434,0,0,Normal,188.77,603.22,77.9716,3.5396
2020-07-24,2020,7,Jul,Q3,Fri,4,24,FY20-21,0,0,0,483.32,9348.16,71.25,7238.9,78.16,79211.52,0,0,2.759705745,3.24590639,22.37357132,9.3271,8.9322,460.34,473.65,0.4097,0,0.4097,Normal,193.42,632.73,76.3865,3.2349
2020-07-25,2020,7,Jul,Q3,Sat,5,25,FY20-21,1,0,0,466.6,7787.59,64.02,5730.15,13.65,6554.57,0,0,-3.459405777,-10.14736842,-82.53582395,9.4048,8.9162,460.95,473.98,-0.6308,0,0,Normal,166.9,544.27,85.7295,6.0075
2020-07-26,2020,7,Jul,Q3,Sun,6,26,FY20-21,1,0,0,414.17,5659.17,47.71,3467.98,7.74,2268.57,0,0,-11.23660523,-25.47641362,-43.2967033,9.4279,9.1678,461.43,472.61,-1.932,0,0,Normal,136.64,469.62,88.1926,7.4693
2020-07-27,2020,7,Jul,Q3,Mon,0,27,FY20-21,0,0,0,501.87,9884.21,75.23,7929.13,88.85,102496.03,0,0,21.17487988,57.68182771,1047.932817,11.6284,9.9006,467.23,474.8,3.4908,1,3.4908,High,196.95,665.95,75.3615,3.0587
2020-07-28,2020,7,Jul,Q3,Tue,1,28,FY20-21,0,1,0,497.54,9580.56,74.46,7873.17,83.86,78909.27,0,0,-0.862773228,-1.023527848,-5.616207091,11.3123,9.7368,475.81,478.12,-0.1963,0,0,Normal,192.56,655.86,75.8607,3.1426
2020-07-29,2020,7,Jul,Q3,Wed,2,29,FY20-21,0,1,0,488.78,9301.61,72.92,7737.04,66.68,74219.23,0,0,-1.760662459,-2.06822455,-20.48652516,10.2161,9.6614,474.66,480.07,-0.3466,0,0,Normal,190.3,628.38,77.7841,3.5013
2020-07-30,2020,7,Jul,Q3,Thu,3,30,FY20-21,0,1,0,525.93,10592.09,80.96,8745.55,98.59,103059.18,0,0,7.600556488,11.02578168,47.85542891,10.2222,9.2383,482.6,480.76,1.2197,0,1.2197,Normal,201.4,705.48,74.5492,2.9292
2020-07-31,2020,7,Jul,Q3,Fri,4,31,FY20-21,0,1,0,550.61,12399.97,90.62,10248.32,155.29,124315.98,0,0,4.692639705,11.93181818,57.51090374,10.2712,9.2661,492.21,481.95,0.7331,0,0.7331,Normal,225.2,796.52,69.127,2.2391
2020-08-01,2020,8,Aug,Q3,Sat,5,1,FY20-21,1,0,1,554.43,10981.35,84.69,8404.61,55.29,20114.02,0,0,0.693775994,-6.543809314,-64.39564685,9.9989,9.1694,504.76,484.36,0.0641,0,0.0641,Normal,198.07,694.41,79.8419,3.9608
2020-08-02,2020,8,Aug,Q3,Sun,6,2,FY20-21,1,0,1,501.86,8082.04,65.67,5347.97,10.99,3078.99,0,0,-9.481810147,-22.45837761,-80.12298788,9.5994,9.3189,517.29,484.18,-1.6384,0,0,Normal,161.04,578.52,86.7489,6.5466
2020-08-03,2020,8,Aug,Q3,Mon,0,3,FY20-21,0,0,1,508.98,9804.57,81.23,8289.47,137.34,84243.92,0,0,1.418722353,23.69422872,1149.681529,5.4049,9.3124,518.3,484.52,0.1854,0,0.1854,Normal,192.63,727.55,69.9581,2.3287
2020-08-04,2020,8,Aug,Q3,Tue,1,4,FY20-21,0,0,0,526.55,11230.53,84.43,9259.91,111.28,78472.78,0,0,3.452002043,3.939431245,-18.97480705,5.4917,8.9544,522.45,487.65,0.5256,0,0.5256,Normal,213.29,722.26,72.9031,2.6905
2020-08-05,2020,8,Aug,Q3,Wed,2,5,FY20-21,0,0,0,492.26,10226.47,83.36,8887.28,99.21,77829.51,0,0,-6.51220207,-1.267322042,-10.8465133,6.1375,8.5687,522.95,487.28,-1.1415,0,0,Normal,207.75,674.83,72.9458,2.6963
2020-08-06,2020,8,Aug,Q3,Thu,3,6,FY20-21,0,0,0,459.74,9517.22,84.6,8626.75,103.43,86625.32,0,0,-6.606264982,1.487523992,4.253603467,5.6365,8.6555,513.49,486.07,-1.1573,0,0,Normal,207.01,647.77,70.9727,2.445
2020-08-07,2020,8,Aug,Q3,Fri,4,7,FY20-21,0,0,0,504.21,10464.83,86.54,9085.15,132.89,93507.61,0,0,9.672858572,2.293144208,28.483032,6.7846,8.8205,506.86,485.91,1.5664,0,1.5664,Normal,207.55,723.64,69.6769,2.2978
2020-08-08,2020,8,Aug,Q3,Sat,5,8,FY20-21,1,0,0,538.93,9938.8,77.43,7139.57,16.45,8205.33,0,0,6.886019714,-10.52692397,-87.62134096,7.4237,8.8461,504.65,487.7,1.1001,0,1.1001,Normal,184.42,632.81,85.1646,5.7406
2020-08-09,2020,8,Aug,Q3,Sun,6,9,FY20-21,1,0,0,440.12,6578.76,59.3,4529.82,9.35,2915.89,0,0,-18.33447758,-23.41469715,-43.16109422,9.6847,9.4128,495.83,487.32,-3.1195,0,0,Normal,149.48,508.77,86.5067,6.4111
2020-08-10,2020,8,Aug,Q3,Mon,0,10,FY20-21,0,0,0,511.87,10388.9,93.32,9889.43,140.47,97391.69,0,0,16.30237208,57.3693086,1402.352941,11.8145,9.6681,496.24,487.69,2.6756,1,2.6756,Elevated,202.96,745.66,68.6466,2.1894
2020-08-11,2020,8,Aug,Q3,Tue,1,11,FY20-21,0,0,0,578.27,11411.04,86.35,8468.22,91.87,66477.69,0,0,12.97204368,-7.468924132,-34.59813483,12.6996,9.56,503.63,492.49,2.1184,1,2.1184,Elevated,197.33,756.49,76.4412,3.2447
2020-08-12,2020,8,Aug,Q3,Wed,2,12,FY20-21,0,0,0,558.47,10962.22,81.66,7844.86,83.68,58909.3,0,0,-3.424006087,-5.431383903,-8.914770872,12.4026,8.9629,513.09,493.83,-0.6248,0,0,Normal,196.29,723.81,77.157,3.3777
2020-08-13,2020,8,Aug,Q3,Thu,3,13,FY20-21,0,0,0,539.19,10585.91,81.31,8194.45,98.59,83811.41,0,0,-3.45228929,-0.428606417,17.81787763,12.0697,8.9937,524.44,494.48,-0.6296,0,0,Normal,196.33,719.09,74.9823,2.9972
2020-08-14,2020,8,Aug,Q3,Fri,4,14,FY20-21,0,0,0,539.34,10316.23,82.18,8104.78,92.07,83445.98,0,0,0.027819507,1.069979092,-6.61324678,11.7192,8.9553,529.46,495.82,-0.0473,0,0,Normal,191.28,713.59,75.5812,3.0952
2020-08-15,2020,8,Aug,Q3,Sat,5,15,FY20-21,1,0,0,489.26,7615.92,66.09,5083.94,8.89,3931.87,0,0,-9.285422924,-19.57897299,-90.34430325,12.0844,9.1025,522.36,496.13,-1.6055,0,0,Normal,155.66,564.24,86.7113,6.5252
2020-08-16,2020,8,Aug,Q3,Sun,6,16,FY20-21,1,0,0,460.73,6513.29,55.73,3890.45,6.59,2450.05,0,0,-5.831255365,-15.67559389,-25.87176603,9.7491,9.1688,525.3,495.74,-1.0276,0,0,Normal,141.37,523.05,88.0853,7.393
2020-08-17,2020,8,Aug,Q3,Mon,0,17,FY20-21,0,0,0,491.93,9319.65,85.45,8575.21,114.85,93308.37,0,0,6.771862045,53.32854836,1642.792109,7.7168,9.2302,522.46,496.72,1.081,0,1.081,Normal,189.45,692.23,71.0645,2.456
2020-08-18,2020,8,Aug,Q3,Tue,1,18,FY20-21,0,0,0,492.12,8825.77,86.31,8419.76,93.21,73257.32,0,0,0.038623381,1.006436513,-18.84196778,5.114,8.9618,510.15,499.43,-0.0455,0,0,Normal,179.34,671.64,73.2714,2.7413
2020-08-19,2020,8,Aug,Q3,Wed,2,19,FY20-21,0,0,0,543.21,10080.86,84.6,8149.36,91.34,74304.66,0,0,10.38161424,-1.981230448,-2.006222508,6.8983,8.8865,507.97,502.16,1.685,0,1.685,Normal,185.58,719.15,75.535,3.0875
2020-08-20,2020,8,Aug,Q3,Thu,3,20,FY20-21,0,0,0,556.27,10676.16,83.15,7885.48,94.85,129691.79,0,0,2.404226726,-1.713947991,3.842785198,6.7914,8.8152,510.41,506.12,0.3503,0,0.3503,Normal,191.92,734.27,75.7582,3.1251
2020-08-21,2020,8,Aug,Q3,Fri,4,21,FY20-21,0,0,0,548.43,9893.06,82.84,7745.89,82.38,73075.5,0,0,-1.409387528,-0.372820204,-13.14707433,6.8347,8.5083,511.71,507.84,-0.2878,0,0,Normal,180.39,713.65,76.8486,3.3194
2020-08-22,2020,8,Aug,Q3,Sat,5,22,FY20-21,1,0,0,498.88,7381.02,67.47,5378.04,10.22,5101.55,0,0,-9.034881389,-18.55383873,-87.59407623,6.7757,8.6247,513.08,508.8,-1.5636,0,0,Normal,147.95,576.57,86.5255,6.4214
2020-08-23,2020,8,Aug,Q3,Sun,6,23,FY20-21,1,0,0,468.13,6217.56,55.33,3644.85,6.26,2309.26,0,0,-6.163806928,-17.99318216,-38.74755382,6.8283,8.6994,514.14,508.29,-1.0832,0,0,Normal,132.82,529.72,88.3731,7.6007
2020-08-24,2020,8,Aug,Q3,Mon,0,24,FY20-21,0,0,0,551.02,10572.5,85.94,8463.53,98.75,83752.1,0,0,17.70661996,55.3226098,1477.476038,9.3184,9.23,522.58,511.1,2.9105,1,2.9105,Elevated,191.87,735.71,74.8964,2.9835
2020-08-25,2020,8,Aug,Q3,Tue,1,25,FY20-21,0,0,0,561.84,10383.43,84.25,8235.26,84.35,84795.3,0,0,1.963631084,-1.966488248,-14.58227848,9.2796,8.9385,532.54,516.03,0.2766,0,0.2766,Normal,184.81,730.44,76.918,3.3324
2020-08-26,2020,8,Aug,Q3,Wed,2,26,FY20-21,0,0,0,552.49,10182.13,84.69,8089.01,86.75,72173.3,0,0,-1.664174854,0.522255193,2.845287493,8.6166,8.1325,533.87,517.71,-0.3304,0,0,Normal,184.3,723.93,76.3182,3.2226
2020-08-27,2020,8,Aug,Q3,Thu,3,27,FY20-21,0,0,0,544.74,10028.61,82.46,7961.93,78.46,91501.51,0,0,-1.402740321,-2.633132601,-9.556195965,8.5997,8.1365,532.22,519.29,-0.2867,0,0,Normal,184.1,705.66,77.1958,3.3852
2020-08-28,2020,8,Aug,Q3,Fri,4,28,FY20-21,0,1,0,549.31,10209.71,84.46,8356.87,99.64,104857.68,0,0,0.838932335,2.425418385,26.99464695,8.5802,8.1241,532.34,521.3,0.0884,0,0.0884,Normal,185.86,733.41,74.8981,2.9838
2020-08-29,2020,8,Aug,Q3,Sat,5,29,FY20-21,1,1,0,545.21,9725.31,79.38,7460.01,55.42,52715.94,0,0,-0.746390927,-6.014681506,-44.37976716,7.5886,8.0222,538.96,521.95,-0.1769,0,0,Normal,178.38,680.01,80.1768,4.0446
2020-08-30,2020,8,Aug,Q3,Sun,6,30,FY20-21,1,1,0,493.79,6981.95,61.84,4558.37,7.17,3005.02,0,0,-9.431228334,-22.09624591,-87.06243233,8.2137,8.1763,542.63,520.05,-1.6299,0,0,Normal,141.4,562.8,87.7381,7.1553
2020-08-31,2020,8,Aug,Q3,Mon,0,31,FY20-21,0,1,0,586.69,13211.82,99.18,11166.77,144.06,135291.74,0,0,18.81366573,60.38163001,1909.205021,8.5901,8.8722,547.72,521.13,3.0957,1,3.0957,High,225.19,829.93,70.6915,2.412
2020-09-01,2020,9,Sep,Q3,Tue,1,1,FY20-21,0,0,1,651.97,13916.88,105.8,11202.5,177.43,107664,0,0,11.12683018,6.674732809,23.16395946,9.3878,8.8655,560.6,526.13,1.8096,0,1.8096,Normal,213.46,935.2,69.7145,2.3019
2020-09-02,2020,9,Sep,Q3,Wed,2,2,FY20-21,0,0,1,638.42,13151.17,99.58,9936.08,109.32,91611.05,0,0,-2.078316487,-5.879017013,-38.38696951,9.4197,8.8862,572.88,530.45,-0.3997,0,0,Normal,206,847.32,75.3458,3.0561
2020-09-03,2020,9,Sep,Q3,Thu,3,3,FY20-21,0,0,1,625.8,12827.3,97.5,9674.66,101.54,85520.64,0,0,-1.976755114,-2.088772846,-7.116721551,9.4612,8.8926,584.46,533.75,-0.3827,0,0,Normal,204.97,824.84,75.8693,3.1441
2020-09-04,2020,9,Sep,Q3,Fri,4,4,FY20-21,0,0,0,621.85,12457.52,96.34,9454.77,107.01,78163.13,0,0,-0.631192074,-1.18974359,5.38703959,9.5168,8.7865,594.82,538.07,-0.1576,0,0,Normal,200.33,825.2,75.3575,3.058
2020-09-05,2020,9,Sep,Q3,Sat,5,5,FY20-21,1,0,0,624.89,12215.88,93.69,8705.94,79.37,54112.33,0,0,0.488863874,-2.750674694,-25.82936174,9.4654,8.6653,606.2,543.58,0.0298,0,0.0298,Normal,195.49,797.95,78.3119,3.6108
2020-09-06,2020,9,Sep,Q3,Sun,6,6,FY20-21,1,0,0,567.97,8642.76,73.72,5258.82,10.04,3376.37,0,0,-9.108803149,-21.31497492,-87.35038428,9.3992,8.7241,616.8,545.7,-1.576,0,0,Normal,152.17,651.73,87.1481,6.7809
2020-09-07,2020,9,Sep,Q3,Mon,0,7,FY20-21,0,0,0,634.74,13010.41,102.45,9747.71,123.88,95539.31,0,0,11.7559026,38.97178513,1133.864542,7.5359,8.8858,623.66,548.9,1.9149,0,1.9149,Normal,204.97,861.07,73.7153,2.8045
2020-09-08,2020,9,Sep,Q3,Tue,1,8,FY20-21,0,0,0,662.23,12601.81,98.49,9174.53,114.04,75912.78,0,0,4.330907143,-3.865300146,-7.94317081,6.4251,8.123,625.13,556.3,0.6726,0,0.6726,Normal,190.29,874.76,75.7042,3.1159
2020-09-09,2020,9,Sep,Q3,Wed,2,9,FY20-21,0,0,0,571.75,11563.73,99.12,9378.05,108.28,73881.37,0,0,-13.66292678,0.639658849,-5.050859348,8.3674,8.1048,615.6,558.3,-2.3379,0,0,Normal,202.25,779.15,73.3812,2.7568
2020-09-10,2020,9,Sep,Q3,Thu,3,10,FY20-21,0,0,0,646.68,12688.59,97.39,9062.37,105.52,93675.88,0,0,13.10537822,-1.745359161,-2.548947174,9.9445,8.1118,618.59,560.58,2.1407,1,2.1407,Elevated,196.21,849.59,76.1167,3.187
2020-09-11,2020,9,Sep,Q3,Fri,4,11,FY20-21,0,0,0,624.04,11651.3,93.64,8415.24,101.5,83557.31,0,0,-3.500958743,-3.850497998,-3.809704321,10.0763,8.1132,618.9,562.76,-0.6377,0,0,Normal,186.71,819.18,76.1786,3.1979
2020-09-12,2020,9,Sep,Q3,Sat,5,12,FY20-21,1,0,0,609.7,10366.6,89.39,7007.85,15.74,6908.11,0,0,-2.29792962,-4.538658693,-84.49261084,10.1311,8.0956,616.73,565.11,-0.4364,0,0,Normal,170.03,714.83,85.293,5.7995
2020-09-13,2020,9,Sep,Q3,Sun,6,13,FY20-21,1,0,0,474.74,6184.07,78.39,4565.94,8.22,3059.84,0,0,-22.13547646,-12.30562703,-47.77636595,12.9159,9.1086,603.41,562.96,-3.7555,0,0,Normal,130.26,561.35,84.5711,5.4814
2020-09-14,2020,9,Sep,Q3,Mon,0,14,FY20-21,0,0,0,631.44,12516.37,105.12,9221.01,105.94,96404.51,0,0,33.00754097,34.09873708,1188.807786,18.0878,10.7503,602.94,567.7,5.4705,1,5.4705,Extreme,198.22,842.5,74.9484,2.9918
2020-09-15,2020,9,Sep,Q3,Tue,1,15,FY20-21,0,0,0,623.6,11916.68,102.22,8818.39,90.05,87166.62,0,0,-1.241606487,-2.758751903,-14.99905607,18.0529,10.6764,597.42,573.13,-0.2597,0,0,Normal,191.09,815.87,76.4337,3.2434
2020-09-16,2020,9,Sep,Q3,Wed,2,16,FY20-21,0,0,0,628.73,11547.25,91.44,8276.72,89.59,71414.01,0,0,0.82264272,-10.54588143,-0.510827318,16.9604,10.6311,605.56,577.69,0.0857,0,0.0857,Normal,183.66,809.76,77.644,3.4731
2020-09-17,2020,9,Sep,Q3,Thu,3,17,FY20-21,0,0,0,402.75,7127.67,86.41,7634.38,72.45,68343.73,0,0,-35.94229638,-5.500874891,-19.13159951,21.4135,12.6258,570.71,574.71,-6.0655,0,0,Normal,176.98,561.61,71.7135,2.5353
2020-09-18,2020,9,Sep,Q3,Fri,4,18,FY20-21,0,0,0,637.88,11307.57,90.09,7784.73,87.18,80594.07,0,0,58.38112973,4.258766346,20.33126294,32.0246,16.4347,572.69,577.87,9.7157,1,9.7157,Extreme,177.27,815.15,78.2531,3.5984
2020-09-19,2020,9,Sep,Q3,Sat,5,19,FY20-21,1,0,0,614.3,10245.52,88.28,7319.18,57.54,46868.9,0,0,-3.696620054,-2.009102009,-33.99862354,32.0775,16.464,573.35,579.8,-0.6705,0,0,Normal,166.78,760.12,80.8162,4.2127
2020-09-20,2020,9,Sep,Q3,Sun,6,20,FY20-21,1,0,0,454.37,5724.58,73.79,4576.15,9.09,2903.56,0,0,-26.03451083,-16.41368373,-84.20229406,32.6394,17.213,570.44,576.67,-4.4078,0,0,Normal,125.99,537.25,84.5733,5.4823
2020-09-21,2020,9,Sep,Q3,Mon,0,21,FY20-21,0,0,0,636.98,11767.97,96.92,8804.35,81.87,77983.67,0,0,40.18971323,31.3457108,800.660066,33.8093,18.5456,571.23,581.27,6.6721,1,6.6721,Extreme,184.75,815.77,78.0833,3.5627
2020-09-22,2020,9,Sep,Q3,Tue,1,22,FY20-21,0,0,0,622.35,11255.24,93.6,8471.09,80.77,75697.38,0,0,-2.296775409,-3.425505572,-1.343593502,33.8422,18.4977,571.05,586.41,-0.4363,0,0,Normal,180.85,796.72,78.114,3.5691
2020-09-23,2020,9,Sep,Q3,Wed,2,23,FY20-21,0,0,0,607.23,10715.09,92.84,8271.95,72.83,83977.43,0,0,-2.429501085,-0.811965812,-9.830382568,33.9232,18.2907,567.98,588.28,-0.4585,0,0,Normal,176.46,772.9,78.5651,3.6653
2020-09-24,2020,9,Sep,Q3,Thu,3,24,FY20-21,0,0,0,601.18,10459.95,95.23,8153.98,76.9,84676.82,0,0,-0.996327586,2.574321413,5.588356447,29.3203,18.2978,596.33,589.59,-0.2187,0,0,Normal,173.99,773.31,77.7411,3.4926
2020-09-25,2020,9,Sep,Q3,Fri,4,25,FY20-21,0,0,0,604.82,10540.49,89.54,8193.48,80.4,104738.9,0,0,0.605475897,-5.975007876,4.55136541,19.6432,18.288,591.6,591.34,0.0493,0,0.0493,Normal,174.27,774.76,78.0655,3.559
2020-09-26,2020,9,Sep,Q3,Sat,5,26,FY20-21,1,0,0,501.38,7561.24,85.03,6861.94,15.57,7228.26,0,0,-17.10260904,-5.036855037,-80.63432836,20.7716,18.6046,575.47,589.89,-2.9134,0,0,Normal,150.81,601.98,83.2885,4.9839
2020-09-27,2020,9,Sep,Q3,Sun,6,27,FY20-21,1,0,0,592.81,7868.89,73.98,4494.32,8.75,2602.93,0,0,18.23566955,-12.99541338,-43.80218369,18.5541,18.86,595.25,591.34,2.999,1,2.999,Elevated,132.74,675.54,87.7535,7.1656
2020-09-28,2020,9,Sep,Q3,Mon,0,28,FY20-21,0,1,0,631.77,11503.91,96.98,9205.65,103.69,115189.8,0,0,6.572088865,31.08948364,1085.028571,10.6443,18.8726,594.51,594.23,1.0476,0,1.0476,Normal,182.09,832.44,75.8938,3.1483
2020-09-29,2020,9,Sep,Q3,Tue,1,29,FY20-21,0,1,0,599.96,11212.75,98.01,9422.63,100.27,122193.07,0,0,-5.035060228,1.062074655,-3.298292989,10.8077,18.7969,591.31,597.77,-0.8944,0,0,Normal,186.89,798.24,75.1604,3.0258
2020-09-30,2020,9,Sep,Q3,Wed,2,30,FY20-21,0,1,0,655.34,14482.65,111.1,11567.34,173.49,184548.96,0,0,9.230615374,13.35578002,73.02283834,11.2637,18.5858,598.18,600.06,1.4924,0,1.4924,Normal,220.99,939.93,69.7222,2.3028
2020-10-01,2020,10,Oct,Q4,Thu,3,1,FY20-21,0,0,1,690.78,15154.61,117.41,11846.45,214.38,134019,0,0,5.407879879,5.679567957,23.56908179,11.2735,18.5174,610.98,601.35,0.8528,0,0.8528,Normal,219.38,1022.57,67.5533,2.082
2020-10-02,2020,10,Oct,Q4,Fri,4,2,FY20-21,0,0,1,668.2,12182.05,100.43,8186.54,23.01,7405.19,0,0,-3.268768638,-14.46214121,-89.26672264,11.4787,18.5271,620.03,602.34,-0.5989,0,0,Normal,182.31,791.64,84.4071,5.4132
2020-10-03,2020,10,Oct,Q4,Sat,5,3,FY20-21,1,0,1,660.31,12936.91,106.86,9794.51,103.71,67722.4,0,0,-1.180784196,6.402469382,350.7170795,8.1585,18.5222,642.74,603.49,-0.2495,0,0,Normal,195.92,870.88,75.821,3.1358
2020-10-04,2020,10,Oct,Q4,Sun,6,4,FY20-21,1,0,0,621.62,10048.45,88.23,6323.15,14.43,3802.89,0,0,-5.859369084,-17.43402583,-86.08620191,6.1168,18.5696,646.85,603.48,-1.0323,0,0,Normal,161.65,724.28,85.8259,6.0551
2020-10-05,2020,10,Oct,Q4,Mon,0,5,FY20-21,0,0,0,662,14138.9,118.28,11409.38,126.92,91202.89,0,0,6.495929989,34.05871019,779.5564796,6.1049,18.5902,651.17,604.72,1.0349,0,1.0349,Normal,213.58,907.2,72.9718,2.6998
2020-10-06,2020,10,Oct,Q4,Tue,1,6,FY20-21,0,0,0,663.59,13442.54,109.04,10156.25,124.68,98705.97,0,0,0.240181269,-7.811971593,-1.76489127,5.5621,18.48,660.26,607.91,-0.0118,0,0,Normal,202.57,897.31,73.9533,2.8393
2020-10-07,2020,10,Oct,Q4,Wed,2,7,FY20-21,0,0,0,707.29,13835.59,107.93,9860.46,146.13,89487.5,0,0,6.585391582,-1.017975055,17.20404235,5.0191,18.4104,667.68,610.33,1.0498,0,1.0498,Normal,195.61,961.35,73.5726,2.7839
2020-10-08,2020,10,Oct,Q4,Thu,3,8,FY20-21,0,0,0,700.44,13802.48,108.67,9800.6,128.26,80587.37,0,0,-0.968485345,0.685629575,-12.22883734,4.6971,18.4116,669.06,611.6,-0.214,0,0,Normal,197.05,937.37,74.724,2.9563
2020-10-09,2020,10,Oct,Q4,Fri,4,9,FY20-21,0,0,0,703.69,13478.59,105.94,9594.28,129.38,98211.43,0,0,0.463994061,-2.512192878,0.873226259,4.4297,18.1841,674.13,616,0.0257,0,0.0257,Normal,191.54,939.01,74.9396,2.9904
2020-10-10,2020,10,Oct,Q4,Sat,5,10,FY20-21,1,0,0,679.11,11765.56,100.6,7998.82,20.57,7937.82,0,0,-3.49301539,-5.040589013,-84.10109754,4.6832,18.0925,676.82,617.08,-0.6364,0,0,Normal,173.25,800.28,84.859,5.6046
2020-10-11,2020,10,Oct,Q4,Sun,6,11,FY20-21,1,0,0,625.09,8802.28,85.8,5258.54,10.79,2827.44,0,0,-7.954528721,-14.71172962,-47.5449684,5.1959,18.1542,677.32,617.12,-1.3828,0,0,Normal,140.82,721.68,86.616,6.4716
2020-10-12,2020,10,Oct,Q4,Mon,0,12,FY20-21,0,0,0,690.28,13602.65,110.53,9983.91,135.23,99380.28,0,0,10.42889824,28.82284382,1153.290083,6.121,18.2115,681.36,619.8,1.6929,0,1.6929,Normal,197.06,936.04,73.7447,2.8088
2020-10-13,2020,10,Oct,Q4,Tue,1,13,FY20-21,0,0,0,659.71,12201.05,91.01,8047.83,109.78,88846.77,0,0,-4.428637654,-17.6603637,-18.81978851,6.4332,17.685,680.8,625.97,-0.7929,0,0,Normal,184.95,860.5,76.6659,3.2856
2020-10-14,2020,10,Oct,Q4,Wed,2,14,FY20-21,0,0,0,685.48,12826.95,109.52,9209.7,100.22,82707.93,0,0,3.906261842,20.33842435,-8.708325742,6.0507,16.7255,677.69,627.77,0.6016,0,0.6016,Normal,187.12,895.22,76.5711,3.2682
2020-10-15,2020,10,Oct,Q4,Thu,3,15,FY20-21,0,0,0,716.06,13768.29,105.73,9368.42,100.94,91051.13,0,0,4.461107545,-3.46055515,0.718419477,6.2927,16.7254,679.92,630.85,0.6944,0,0.6944,Normal,192.28,922.73,77.6023,3.4648
2020-10-16,2020,10,Oct,Q4,Fri,4,16,FY20-21,0,0,0,676.8,12787.33,104.89,8830,105.77,83795.94,0,0,-5.482780773,-0.794476497,4.785020804,6.685,16.7765,676.08,632.45,-0.9693,0,0,Normal,188.94,887.46,76.2626,3.2128
2020-10-17,2020,10,Oct,Q4,Sat,5,17,FY20-21,1,0,0,697.41,12953.33,102.3,8493.54,72.94,58570.15,0,0,3.045212766,-2.469253504,-31.03904699,6.6318,15.2132,678.69,642.27,0.4575,0,0.4575,Normal,185.73,872.65,79.9186,3.9797
2020-10-18,2020,10,Oct,Q4,Sun,6,18,FY20-21,1,0,0,641.64,9860.13,86.78,5338.86,10.43,3382.56,0,0,-7.996730761,-15.17106549,-85.70057582,6.6409,11.1299,681.05,642.4,-1.3899,0,0,Normal,153.67,738.85,86.8431,6.6006
2020-10-19,2020,10,Oct,Q4,Mon,0,19,FY20-21,0,0,0,686.15,13562.8,106.43,9547.04,92.14,89077.47,0,0,6.936911664,22.64346624,783.4132311,5.8616,11.158,680.46,644.79,1.1086,0,1.1086,Normal,197.67,884.72,77.5556,3.4555
2020-10-20,2020,10,Oct,Q4,Tue,1,20,FY20-21,0,0,0,676.48,13103.34,105.56,9231.26,98.08,90711.95,0,0,-1.409312832,-0.817438692,6.446711526,5.5803,9.9448,682.86,652.2,-0.2878,0,0,Normal,193.7,880.12,76.8622,3.3219
2020-10-21,2020,10,Oct,Q4,Wed,2,21,FY20-21,0,0,0,688.79,13438.16,103.81,9056.48,92.55,79993.57,0,0,1.819713813,-1.657824934,-5.638254486,5.4211,6.8037,683.33,653.93,0.2525,0,0.2525,Normal,195.1,885.15,77.8162,3.5078
2020-10-22,2020,10,Oct,Q4,Thu,3,22,FY20-21,0,0,0,657.31,12591.02,103.17,9107.09,94.79,101560.58,0,0,-4.570333483,-0.616510933,2.420313344,5.3106,6.8483,674.94,655.09,-0.8166,0,0,Normal,191.55,855.27,76.8541,3.3204
2020-10-23,2020,10,Oct,Q4,Fri,4,23,FY20-21,0,0,0,665.35,12525.03,104.51,9216.89,108.61,100875.53,0,0,1.223167151,1.298827178,14.579597,4.9815,6.8285,673.3,657.03,0.1527,0,0.1527,Normal,188.25,878.47,75.7396,3.122
2020-10-24,2020,10,Oct,Q4,Sat,5,24,FY20-21,1,0,0,638.52,10719.74,96.98,7551.62,16.76,7643.94,0,0,-4.032464117,-7.205052148,-84.56864009,4.9464,6.8743,664.89,658.27,-0.7266,0,0,Normal,167.88,752.26,84.8802,5.6139
2020-10-25,2020,10,Oct,Q4,Sun,6,25,FY20-21,1,0,0,566.26,7661.96,77.17,4469.52,9.48,2518.83,0,0,-11.31679509,-20.42689214,-43.43675418,5.7985,7.2006,654.12,656.99,-1.9454,0,0,Normal,135.31,652.91,86.7286,6.535
2020-10-26,2020,10,Oct,Q4,Mon,0,26,FY20-21,0,0,0,633.45,11007.26,96.48,7915.29,78.83,88236.88,0,0,11.86557412,25.02267721,731.5400844,7.1521,6.752,646.59,661.39,1.9332,0,1.9332,Normal,173.77,808.76,78.3236,3.6133
2020-10-27,2020,10,Oct,Q4,Tue,1,27,FY20-21,0,0,0,648.1,11851.51,104.09,9205.72,88.15,90351.18,0,0,2.312731865,7.887645108,11.82291006,7.2471,5.9254,642.54,663.23,0.335,0,0.335,Normal,182.87,840.34,77.1235,3.3713
2020-10-28,2020,10,Oct,Q4,Wed,2,28,FY20-21,0,1,0,645.16,12124.43,102.74,9341.63,102.93,93309.44,0,0,-0.453633699,-1.296954559,16.76687465,7.1825,5.8136,636.31,663.68,-0.1279,0,0,Normal,187.93,850.83,75.8271,3.1369
2020-10-29,2020,10,Oct,Q4,Thu,3,29,FY20-21,0,1,0,664.37,13283.1,107.25,10468.61,153.23,173460.12,0,0,2.977555955,4.389721627,48.86816283,7.0721,5.7469,637.32,665.83,0.4462,0,0.4462,Normal,199.94,924.85,71.8354,2.5506
2020-10-30,2020,10,Oct,Q4,Fri,4,30,FY20-21,0,1,0,671.68,12259.09,105.78,9568.04,35.73,29253.25,0,0,1.100290501,-1.370629371,-76.68211186,7.0698,5.5077,638.22,666.37,0.1321,0,0.1321,Normal,182.51,813.19,82.5982,4.7465
2020-10-31,2020,10,Oct,Q4,Sat,5,31,FY20-21,1,1,0,725.07,14391.61,115.8,10464.29,112.79,98751.25,0,0,7.948725584,9.472490074,215.6731038,7.2791,5.6087,650.58,667.51,1.2779,0,1.2779,Normal,198.49,953.66,76.0302,3.1719
2020-11-01,2020,11,Nov,Q4,Sun,6,1,FY20-21,1,0,1,719.36,11976.23,106.31,7578.92,19.54,5062.71,0,0,-0.787510171,-8.195164076,-82.67576913,4.6762,5.5723,672.46,669.22,-0.1837,0,0,Normal,166.48,845.21,85.1102,5.716
2020-11-02,2020,11,Nov,Q4,Mon,0,2,FY20-21,0,0,1,772.71,16403.19,130.14,12651.91,206.02,125966.52,0,0,7.416314502,22.41557709,954.3500512,3.5193,5.7078,692.35,672.97,1.1888,0,1.1888,Normal,212.28,1108.87,69.6845,2.2986
2020-11-03,2020,11,Nov,Q4,Tue,1,3,FY20-21,0,0,1,765.2,15169.76,123.76,11428.34,121.42,93701.85,0,0,-0.971904078,-4.902412786,-41.06397437,3.8215,5.583,709.08,677.75,-0.2146,0,0,Normal,198.25,1010.38,75.7339,3.121
2020-11-04,2020,11,Nov,Q4,Wed,2,4,FY20-21,0,0,0,762.26,15271.56,122.85,11182.2,121.58,93364.09,0,0,-0.384213278,-0.735294118,0.131774008,3.8127,5.4833,725.81,681.09,-0.1163,0,0,Normal,200.35,1006.69,75.7194,3.1185
2020-11-05,2020,11,Nov,Q4,Thu,3,5,FY20-21,0,0,0,726.68,13736.53,122.55,11031.72,132.57,99001.46,0,0,-4.667698685,-0.244200244,9.039315677,4.6472,5.5675,734.71,683.2,-0.8329,0,0,Normal,189.03,981.8,74.0151,2.8484
2020-11-06,2020,11,Nov,Q4,Fri,4,6,FY20-21,0,0,0,775.2,14875.48,120.62,10467.96,137.36,129518.89,0,0,6.676941707,-1.574867401,3.613185487,5.0518,5.571,749.5,685.46,1.0651,0,1.0651,Normal,191.89,1033.18,75.0305,3.0049
2020-11-07,2020,11,Nov,Q4,Sat,5,7,FY20-21,1,0,0,780.74,14334.9,121.28,10130.79,113.58,67719.23,0,0,0.714654283,0.54717294,-17.31217239,4.3677,5.5646,757.45,688.14,0.0676,0,0.0676,Normal,183.61,1015.6,76.8748,3.3243
2020-11-08,2020,11,Nov,Q4,Sun,6,8,FY20-21,1,0,0,772.49,11178.77,101.93,5940.04,13.36,3863.7,0,0,-1.056689807,-15.9548153,-88.23736573,4.3886,5.572,765.04,690.43,-0.2288,0,0,Normal,144.71,887.78,87.0137,6.7004
2020-11-09,2020,11,Nov,Q4,Mon,0,9,FY20-21,0,0,0,748.79,14434.11,130.04,11757.3,159.1,98539.2,0,0,-3.06800088,27.57774944,1090.868263,3.592,5.5621,761.62,692.75,-0.5653,0,0,Normal,192.77,1037.93,72.1426,2.5897
2020-11-10,2020,11,Nov,Q4,Tue,1,10,FY20-21,0,0,0,837.68,15796.87,128.18,11399.98,133.54,108075,0,0,11.87115213,-1.430329129,-16.06536769,5.8302,5.7021,771.98,699.84,1.9342,0,1.9342,Normal,188.58,1099.4,76.1943,3.2007
2020-11-11,2020,11,Nov,Q4,Wed,2,11,FY20-21,0,0,0,809.79,16033.53,134.25,11537.88,139.15,105358.6,0,0,-3.329433674,4.735528164,4.200988468,6.0846,5.4777,778.77,703.82,-0.609,0,0,Normal,198,1083.19,74.7597,2.9619
2020-11-12,2020,11,Nov,Q4,Thu,3,12,FY20-21,0,0,0,818.7,16137.97,137.83,11762.48,144.77,128408.74,0,0,1.100285259,2.666666667,4.038807043,5.5533,5.3924,791.91,709.12,0.1321,0,0.1321,Normal,197.12,1101.3,74.3394,2.897
2020-11-13,2020,11,Nov,Q4,Fri,4,13,FY20-21,0,0,0,793.01,15237.8,135.73,11329.65,158.26,104142.29,0,0,-3.137901551,-1.523616049,9.318228915,5.3656,5.4086,794.46,712.71,-0.577,0,0,Normal,192.15,1087,72.954,2.6974
2020-11-14,2020,11,Nov,Q4,Sat,5,14,FY20-21,1,0,0,739.7,10494.83,103.86,6309.12,11.52,4261.22,0,0,-6.722487737,-23.48043911,-92.72083913,6.0013,5.5194,788.59,713.5,-1.1767,0,0,Normal,141.88,855.08,86.5065,6.411
2020-11-15,2020,11,Nov,Q4,Sun,6,15,FY20-21,1,0,0,663.59,8643.49,83.66,4720.71,8.53,2582.82,0,0,-10.28930648,-19.44925862,-25.95486111,7.0381,5.7564,773.04,713.05,-1.7735,0,0,Normal,130.25,755.78,87.802,7.1981
2020-11-16,2020,11,Nov,Q4,Mon,0,16,FY20-21,0,0,0,725.27,11787.88,102.85,7520.79,58.69,40083.29,0,0,9.294895945,22.93808272,588.042204,8.1682,5.9758,769.68,713.98,1.5031,0,1.5031,Normal,162.53,886.81,81.7841,4.4897
2020-11-17,2020,11,Nov,Q4,Tue,1,17,FY20-21,0,0,0,762.78,13038.57,110.24,9056.24,90.49,84940.71,0,0,5.171867029,7.185221196,54.1829954,6.7996,5.827,758.98,718.02,0.8133,0,0.8133,Normal,170.93,963.51,79.1668,3.8
2020-11-18,2020,11,Nov,Q4,Wed,2,18,FY20-21,0,0,0,768.4,13252.11,109.41,9044.24,95.48,75166.8,0,0,0.736778626,-0.752902758,5.514421483,6.7539,5.7084,753.06,720.76,0.0713,0,0.0713,Normal,172.46,973.29,78.9487,3.7503
2020-11-19,2020,11,Nov,Q4,Thu,3,19,FY20-21,0,0,0,751.04,12885.59,109.29,8942.99,75.31,110466,0,0,-2.259239979,-0.109679188,-21.1248429,6.7365,5.7205,743.4,723.25,-0.43,0,0,Normal,171.57,935.64,80.2702,4.0685
2020-11-20,2020,11,Nov,Q4,Fri,4,20,FY20-21,0,0,0,754.39,12391.65,105.36,8476.38,78.16,81922.21,0,0,0.446048147,-3.595937414,3.784357987,6.6855,5.7151,737.88,725.44,0.0226,0,0.0226,Normal,164.26,937.91,80.4331,4.1107
2020-11-21,2020,11,Nov,Q4,Sat,5,21,FY20-21,1,0,0,725.53,11426.85,98.47,7406.16,52.66,48245,0,0,-3.825607444,-6.539483675,-32.62538383,6.3169,5.6941,735.86,727.71,-0.692,0,0,Normal,157.5,876.66,82.7607,4.8007
2020-11-22,2020,11,Nov,Q4,Sun,6,22,FY20-21,1,0,0,680.9,9239.93,88.28,5201.39,9.44,3245.81,0,0,-6.151365209,-10.34832944,-82.07368021,5.3198,5.8189,738.33,728.23,-1.0812,0,0,Normal,135.7,778.62,87.4496,6.9679
2020-11-23,2020,11,Nov,Q4,Mon,0,23,FY20-21,0,0,0,725.32,13061.32,113.54,9456.66,88.56,82512.42,0,0,6.523718608,28.61350249,838.1355932,4.611,5.8706,738.34,731.12,1.0395,0,1.0395,Normal,180.08,927.42,78.2084,3.5889
2020-11-24,2020,11,Nov,Q4,Tue,1,24,FY20-21,0,0,0,663.52,11841.29,109.16,9228.09,80.94,80953.01,0,0,-8.520377213,-3.857671305,-8.604336043,4.9858,5.6946,724.16,734.36,-1.4775,0,0,Normal,178.46,853.62,77.7301,3.4904
2020-11-25,2020,11,Nov,Q4,Wed,2,25,FY20-21,0,0,0,648.03,11564.67,104.57,9033.99,88.78,91574.48,0,0,-2.334518929,-4.204836937,9.686187299,4.8521,5.3104,706.96,734.85,-0.4426,0,0,Normal,178.46,841.38,77.0199,3.3516
2020-11-26,2020,11,Nov,Q4,Thu,3,26,FY20-21,0,0,0,669.09,11676.5,102,8376.49,73.48,92892.47,0,0,3.249849544,-2.457683848,-17.23361117,5.2876,5.3259,695.25,735.55,0.4918,0,0.4918,Normal,174.51,844.57,79.2226,3.8129
2020-11-27,2020,11,Nov,Q4,Fri,4,27,FY20-21,0,0,0,729.96,13687.62,114.19,10292.88,152.52,155237.5,0,0,9.097430839,11.95098039,107.5666848,6.6565,5.563,691.76,738.38,1.4701,0,1.4701,Normal,187.51,996.67,73.2399,2.7369
2020-11-28,2020,11,Nov,Q4,Sat,5,28,FY20-21,1,1,0,679.99,11982.57,107.75,8537.81,20.84,10959.49,0,0,-6.84558058,-5.639723268,-86.3362182,7.0129,5.7032,685.26,738.9,-1.1973,0,0,Normal,176.22,808.58,84.0968,5.288
2020-11-29,2020,11,Nov,Q4,Sun,6,29,FY20-21,1,1,0,641.01,9651.97,94.46,5863.94,11.57,3878.08,0,0,-5.732437242,-12.33410673,-44.48176583,6.9604,5.8029,679.56,737.87,-1.0111,0,0,Normal,150.57,747.04,85.8067,6.0456
2020-11-30,2020,11,Nov,Q4,Mon,0,30,FY20-21,0,1,0,691.16,13785.63,118.6,10792.05,136.87,86608.92,0,0,7.823590896,25.55579081,1082.973207,7.197,5.7971,674.68,736.74,1.257,0,1.257,Normal,199.46,946.63,73.0127,2.7054
2020-12-01,2020,12,Dec,Q4,Tue,1,1,FY20-21,0,0,1,716.24,15048.41,127.95,12382.15,210.99,134243.35,0,0,3.628682215,7.883642496,54.15357639,6.3455,5.8323,682.21,736.64,0.5551,0,0.5551,Normal,210.1,1055.18,67.8785,2.1132
2020-12-02,2020,12,Dec,Q4,Wed,2,2,FY20-21,0,0,1,692.08,14400.62,116.74,10736.98,148.67,108489.76,0,0,-3.373171004,-8.761234857,-29.53694488,6.455,5.6999,688.5,733.95,-0.6163,0,0,Normal,208.08,957.49,72.2807,2.6076
2020-12-03,2020,12,Dec,Q4,Thu,3,3,FY20-21,0,0,1,634.55,12916.16,135.97,11832.86,135.6,103032.92,0,0,-8.312622818,16.472503,-8.791282707,7.2499,5.8881,683.57,729.6,-1.4428,0,0,Normal,203.55,906.12,70.0294,2.3366
2020-12-04,2020,12,Dec,Q4,Fri,4,4,FY20-21,0,0,0,761.09,16061.54,120.63,10990.5,142.38,101255.53,0,0,19.94169096,-11.28190042,5,10.2061,6.9672,688.02,729.56,3.2845,1,3.2845,High,211.03,1024.1,74.3179,2.8938
2020-12-05,2020,12,Dec,Q4,Sat,5,5,FY20-21,1,0,0,776.24,16093.79,125.96,10573.95,107.35,67817.06,0,0,1.990566162,4.418469701,-24.6031746,9.5997,6.9119,701.77,731.21,0.2811,0,0.2811,Normal,207.33,1009.55,76.8897,3.3271
2020-12-06,2020,12,Dec,Q4,Sun,6,6,FY20-21,1,0,0,706.27,11486.81,106.56,6580.43,17.73,4196.1,0,0,-9.013964753,-15.40171483,-83.48393107,10.1222,7.0168,711.09,728.91,-1.5601,0,0,Normal,162.64,830.56,85.0354,5.6824
2020-12-07,2020,12,Dec,Q4,Mon,0,7,FY20-21,0,0,0,755.12,15716.32,122.81,10842.58,153.81,112269.18,0,0,6.91661829,15.24962462,767.5126904,10.0379,7.1314,720.23,728.06,1.1052,0,1.1052,Normal,208.13,1031.74,73.189,2.7298
2020-12-08,2020,12,Dec,Q4,Tue,1,8,FY20-21,0,0,0,574.97,9967.03,118.53,10021.78,117.27,78990.95,0,0,-23.85713529,-3.48505822,-23.7565828,13.8149,8.3695,700.05,721.47,-4.0435,0,0,Normal,173.35,810.77,70.9165,2.4384
2020-12-09,2020,12,Dec,Q4,Wed,2,9,FY20-21,0,0,0,791.01,16560.21,125.07,10353.7,112.5,80482.6,0,0,37.5741343,5.517590483,-4.067536454,20.3707,10.8757,714.18,722.88,6.2345,1,6.2345,Extreme,209.36,1028.58,76.9031,3.3296
2020-12-10,2020,12,Dec,Q4,Thu,3,10,FY20-21,0,0,0,763.53,15404.8,120.39,10212.12,110.88,112415.83,0,0,-3.474039519,-3.741904533,-1.44,19.9772,10.6926,732.6,720.41,-0.6332,0,0,Normal,201.76,994.8,76.7521,3.3015
2020-12-11,2020,12,Dec,Q4,Fri,4,11,FY20-21,0,0,0,750.49,14329.14,111.85,9374.22,116.58,108995.06,0,0,-1.707856928,-7.093612426,5.140692641,18.7922,10.6782,731.09,718.43,-0.3377,0,0,Normal,190.93,978.92,76.6651,3.2854
2020-12-12,2020,12,Dec,Q4,Sat,5,12,FY20-21,1,0,0,711.02,12251.73,102.65,7551.56,19.08,8743.49,0,0,-5.259230636,-8.225301743,-83.63355636,18.9408,10.724,721.77,714.84,-0.9319,0,0,Normal,172.31,832.75,85.3822,5.841
2020-12-13,2020,12,Dec,Q4,Sun,6,13,FY20-21,1,0,0,684.78,10004.15,96.95,5617.56,9.5,3210.35,0,0,-3.690472842,-5.552849489,-50.20964361,18.6147,10.7302,718.7,711.24,-0.6694,0,0,Normal,146.09,791.23,86.5463,6.4329
2020-12-14,2020,12,Dec,Q4,Mon,0,14,FY20-21,0,0,0,724.92,14107.85,121.79,10478.33,121.27,110021.65,0,0,5.861736616,25.62145436,1176.526316,18.5623,10.7029,714.39,710.74,0.9287,0,0.9287,Normal,194.61,967.98,74.89,2.9825
2020-12-15,2020,12,Dec,Q4,Tue,1,15,FY20-21,0,0,0,744.48,14510.2,125.29,10278.35,106.89,104320.92,0,0,2.69822877,2.873799162,-11.85783788,15.0743,10.5144,738.6,713.44,0.3995,0,0.3995,Normal,194.9,976.66,76.2271,3.2065
2020-12-16,2020,12,Dec,Q4,Wed,2,16,FY20-21,0,0,0,700.36,12973.1,122.34,9724.48,99.65,81099.36,0,0,-5.926284118,-2.354537473,-6.773318365,4.3616,10.4617,725.65,712.61,-1.0435,0,0,Normal,185.23,922.35,75.9321,3.1549
2020-12-17,2020,12,Dec,Q4,Thu,3,17,FY20-21,0,0,0,737.96,14062.04,112.84,9252.25,87.93,97403.82,0,0,5.368667542,-7.765244401,-11.76116407,4.9795,10.4649,722,711.78,0.8463,0,0.8463,Normal,190.55,938.73,78.6126,3.6756
2020-12-18,2020,12,Dec,Q4,Fri,4,18,FY20-21,0,0,0,731.5,13170.33,116.65,8991.78,102.16,92657.52,0,0,-0.8753862,3.376462247,16.18332765,4.9523,10.4672,719.29,710.55,-0.1984,0,0,Normal,180.05,950.31,76.9749,3.3431
2020-12-19,2020,12,Dec,Q4,Sat,5,19,FY20-21,1,0,0,738.81,12971.61,111.18,8460.5,64.87,56697.65,0,0,0.999316473,-4.68924132,-36.50156617,4.4377,10.4563,723.26,710.14,0.1152,0,0.1152,Normal,175.57,914.86,80.7566,4.1966
2020-12-20,2020,12,Dec,Q4,Sun,6,20,FY20-21,1,0,0,694.92,10002.15,96.87,5397.43,10.57,3398.39,0,0,-5.940634263,-12.87101997,-83.70587329,4.8641,10.521,724.71,708.16,-1.0459,0,0,Normal,143.93,802.36,86.6095,6.468
2020-12-21,2020,12,Dec,Q4,Mon,0,21,FY20-21,0,0,0,740.09,14261.92,116.35,9896.44,108.45,95046.88,0,0,6.50002878,20.109425,926.0170293,4.9898,10.5526,726.87,708.65,1.0355,0,1.0355,Normal,192.71,964.89,76.702,3.2922
2020-12-22,2020,12,Dec,Q4,Tue,1,22,FY20-21,0,0,0,735.6,13675.52,113.06,9606.83,97.32,96406.63,0,0,-0.606682971,-2.827675118,-10.26279391,4.8919,10.4791,725.61,710.47,-0.1535,0,0,Normal,185.91,945.98,77.7606,3.4965
2020-12-23,2020,12,Dec,Q4,Wed,2,23,FY20-21,0,0,0,739.01,13802.86,112.53,9271.94,101.48,94219.63,0,0,0.463567156,-0.46877764,4.274558159,4.1578,10.4224,731.13,710.93,0.0256,0,0.0256,Normal,186.78,953.02,77.544,3.4532
2020-12-24,2020,12,Dec,Q4,Thu,3,24,FY20-21,0,0,0,739.72,13897.71,113.41,10019.54,113.12,136385.21,0,0,0.096074478,0.782013685,11.47024044,3.6478,10.2814,731.38,713.47,-0.0359,0,0,Normal,187.88,966.25,76.5558,3.2654
2020-12-25,2020,12,Dec,Q4,Fri,4,25,FY20-21,0,0,0,702.45,11018.98,102.95,7021.65,17.96,9024.13,0,0,-5.038392905,-9.22317256,-84.12305516,4.1381,10.322,727.23,715.28,-0.895,0,0,Normal,156.86,823.36,85.3151,5.8097
2020-12-26,2020,12,Dec,Q4,Sat,5,26,FY20-21,1,0,0,706.67,11261.78,99.38,7165.57,19.82,8061.02,0,0,0.600754502,-3.467702768,10.35634744,4.1166,10.3112,722.64,716.53,0.0485,0,0.0485,Normal,159.36,825.87,85.5667,5.9284
2020-12-27,2020,12,Dec,Q4,Sun,6,27,FY20-21,1,0,0,647.92,8703.11,87.29,4918.98,9.9,2959.75,0,0,-8.31364003,-12.16542564,-50.05045409,4.6911,10.3102,715.92,713.8,-1.4429,0,0,Normal,134.32,745.11,86.9563,6.6665
2020-12-28,2020,12,Dec,Q4,Mon,0,28,FY20-21,0,1,0,734.21,14095.93,118.51,10785.37,144.42,138037.82,0,0,13.31800222,35.76583801,1358.787879,6.7427,10.4984,715.08,715.61,2.1763,1,2.1763,Elevated,191.99,997.14,73.6316,2.7924
2020-12-29,2020,12,Dec,Q4,Tue,1,29,FY20-21,0,1,0,712.67,13676.88,112.08,10393.08,124.61,104395.39,0,0,-2.933765544,-5.425702472,-13.71693671,6.8386,10.4511,711.81,717.99,-0.5428,0,0,Normal,191.91,949.36,75.0685,3.011
2020-12-30,2020,12,Dec,Q4,Wed,2,30,FY20-21,0,1,0,724.92,14315.01,113.39,10915.73,144.8,123950.47,0,0,1.718888125,1.168807994,16.20255196,6.877,10.3697,709.79,719.12,0.2356,0,0.2356,Normal,197.47,983.11,73.7374,2.8077
2020-12-31,2020,12,Dec,Q4,Thu,3,31,FY20-21,0,1,0,767.98,15428.54,128.96,12676.07,198.6,180075.72,0,0,5.939965789,13.73136961,37.15469613,7.2466,10.4012,713.83,720.84,0.9418,0,0.9418,Normal,200.9,1095.54,70.1006,2.3445
2021-01-01,2021,1,Jan,Q1,Fri,4,1,FY20-21,0,0,1,767.15,14291.54,115.56,9706.83,178.39,98747.57,0,0,-0.108075731,-10.39081886,-10.17623364,6.8163,10.3739,723.07,723.35,-0.0701,0,0,Normal,186.29,1061.1,72.2976,2.6098
2021-01-02,2021,1,Jan,Q1,Sat,5,2,FY20-21,1,0,1,792.19,16441.23,121.68,10670.38,91.09,56094.52,0,0,3.264029199,5.295950156,-48.93772072,6.8347,10.2365,735.29,728.6,0.4941,0,0.4941,Normal,207.54,1004.96,78.828,3.7232
2021-01-03,2021,1,Jan,Q1,Sun,6,3,FY20-21,1,0,1,712.39,11999.27,100.87,6925.4,16.56,4465.1,0,0,-10.07334099,-17.10223537,-81.82017785,7.2878,9.8008,744.5,726.98,-1.7373,0,0,Normal,168.44,829.82,85.8487,6.0665
2021-01-04,2021,1,Jan,Q1,Mon,0,4,FY20-21,0,0,0,797.78,17216.59,125.94,12061.39,128.86,88505.8,0,0,11.98641194,24.85377218,678.1400966,6.9397,10.0304,753.58,727.7,1.9535,0,1.9535,Normal,215.81,1052.58,75.7928,3.131
2021-01-05,2021,1,Jan,Q1,Tue,1,5,FY20-21,0,0,0,782.2,16391.11,124.11,11556.74,143.44,89250.16,0,0,-1.952919351,-1.453072892,11.314605,6.8469,9.8799,763.52,730.23,-0.3787,0,0,Normal,209.55,1049.75,74.513,2.9236
2021-01-06,2021,1,Jan,Q1,Wed,2,6,FY20-21,0,0,0,795.3,16315.32,121.71,10857.3,119.45,104962.87,0,0,1.674763488,-1.933768431,-16.72476297,6.8467,9.8139,773.57,731.57,0.2282,0,0.2282,Normal,205.15,1036.46,76.7323,3.2978
2021-01-07,2021,1,Jan,Q1,Thu,3,7,FY20-21,0,0,0,786.63,15903.99,120.31,10822.03,131.19,99181.09,0,0,-1.090154659,-1.150275244,9.828380075,6.6038,8.6702,776.23,738.62,-0.2344,0,0,Normal,202.18,1038.13,75.7737,3.1278
2021-01-08,2021,1,Jan,Q1,Fri,4,8,FY20-21,0,0,0,765.97,15067.11,116.93,10622.63,137.05,98740.76,0,0,-2.626393603,-2.809409027,4.466803872,6.712,5.3541,776.07,737.79,-0.4914,0,0,Normal,196.71,1019.95,75.0988,3.0159
2021-01-09,2021,1,Jan,Q1,Sat,5,9,FY20-21,1,0,0,755.92,13575.18,113,9006.03,32.34,11073.92,0,0,-1.31206183,-3.360985205,-76.40277271,6.5819,5.3197,770.88,737.53,-0.2715,0,0,Normal,179.58,901.26,83.8737,5.201
2021-01-10,2021,1,Jan,Q1,Sun,6,10,FY20-21,1,0,0,730.55,11442.15,98.89,6124.66,13.62,3630.01,0,0,-3.356175257,-12.48672566,-57.88497217,5.3196,5.3475,773.48,736.87,-0.6135,0,0,Normal,156.62,843.06,86.6546,6.4932
2021-01-11,2021,1,Jan,Q1,Mon,0,11,FY20-21,0,0,0,790.01,16385.67,129.59,11567.12,170.19,111765.07,0,0,8.139073301,31.044595,1149.559471,3.9559,5.4477,772.37,739.5,1.3098,0,1.3098,Normal,207.41,1089.79,72.4919,2.6353
2021-01-12,2021,1,Jan,Q1,Tue,1,12,FY20-21,0,0,0,796.26,16106.04,125.62,11060.55,126.12,87053.88,0,0,0.791129226,-3.063507987,-25.8945884,3.8739,5.3902,774.38,743.22,0.0804,0,0.0804,Normal,202.27,1048,75.979,3.163
2021-01-13,2021,1,Jan,Q1,Wed,2,13,FY20-21,0,0,0,799.33,15247.81,117.3,9951.27,125.58,85827.27,0,0,0.385552458,-6.62314918,-0.428163654,3.829,5.2993,774.95,745.7,0.0125,0,0.0125,Normal,190.76,1042.21,76.6957,3.291
2021-01-14,2021,1,Jan,Q1,Thu,3,14,FY20-21,0,0,0,709.06,12055.99,105.3,7871.07,73.48,72196.66,0,0,-11.29320806,-10.23017903,-41.48749801,5.8046,5.6963,763.87,744.52,-1.9414,0,0,Normal,170.03,887.84,79.8635,3.9661
2021-01-15,2021,1,Jan,Q1,Fri,4,15,FY20-21,0,0,0,716.84,12896.46,103.3,8433.01,92.03,83293.02,0,0,1.097227315,-1.899335233,25.24496462,5.8359,5.5879,756.85,745.07,0.1316,0,0.1316,Normal,179.91,912.17,78.5862,3.6699
2021-01-16,2021,1,Jan,Q1,Sat,5,16,FY20-21,1,0,0,736.58,13098.51,102.34,7951.18,65.12,49875.37,0,0,2.753752581,-0.929332043,-29.24046507,5.9762,5.525,754.09,745.02,0.4088,0,0.4088,Normal,177.83,904.04,81.4765,4.3985
2021-01-17,2021,1,Jan,Q1,Sun,6,17,FY20-21,1,0,0,693.63,10040.86,92.32,5163.63,10.87,3569.08,0,0,-5.831002742,-9.790893101,-83.30773956,6.2597,5.6295,748.82,743.76,-1.0276,0,0,Normal,144.76,796.82,87.0498,6.7219
2021-01-18,2021,1,Jan,Q1,Mon,0,18,FY20-21,0,0,0,742.75,14349.75,113.21,9934.98,103.92,77770.62,0,0,7.081585283,22.62781629,856.025759,6.0229,5.7753,742.06,743.89,1.1328,0,1.1328,Normal,193.2,959.88,77.3795,3.4208
2021-01-19,2021,1,Jan,Q1,Tue,1,19,FY20-21,0,0,0,726.82,13969.89,110.88,9538.96,99.3,85327.6,0,0,-2.144732413,-2.058122074,-4.445727483,6.0026,5.6773,732.14,744.95,-0.4108,0,0,Normal,192.21,937,77.5688,3.4581
2021-01-20,2021,1,Jan,Q1,Wed,2,20,FY20-21,0,0,0,768.51,15105.77,113.67,9776.08,91.88,88084.08,0,0,5.735945626,2.516233766,-7.472306143,6.5448,5.6502,727.74,745.9,0.9077,0,0.9077,Normal,196.56,974.06,78.8976,3.7388
2021-01-21,2021,1,Jan,Q1,Thu,3,21,FY20-21,0,0,0,759.64,14635.65,112.56,9770.02,100.41,95097.94,0,0,-1.154181468,-0.976510953,9.283848498,4.5397,5.6541,734.97,746.7,-0.2451,0,0,Normal,192.67,972.61,78.1032,3.5669
2021-01-22,2021,1,Jan,Q1,Fri,4,22,FY20-21,0,0,0,751.68,14181.12,111.2,9680.66,104.63,91931.23,0,0,-1.047864778,-1.208244492,4.202768649,4.6099,5.6589,739.94,747.12,-0.2273,0,0,Normal,188.66,967.51,77.6922,3.4827
2021-01-23,2021,1,Jan,Q1,Sat,5,23,FY20-21,1,0,0,713,11968.34,103.96,7659.04,21.95,10255.28,0,0,-5.145806726,-6.510791367,-79.0213132,4.9944,5.7429,736.58,746.23,-0.9129,0,0,Normal,167.86,838.91,84.9912,5.6628
2021-01-24,2021,1,Jan,Q1,Sun,6,24,FY20-21,1,0,0,589.58,8051.95,89.54,4933.85,10.27,3027.45,0,0,-17.30995792,-13.87071951,-53.2118451,8.0442,6.5034,721.71,742.47,-2.9481,0,0,Normal,136.57,689.39,85.522,5.907
2021-01-25,2021,1,Jan,Q1,Mon,0,25,FY20-21,0,0,0,724.19,14185.07,113.1,10204.44,125.82,114972.27,0,0,22.83150717,26.31226268,1125.121714,12.1578,7.7629,719.06,743.06,3.768,1,3.768,High,195.87,963.11,75.1929,3.0311
2021-01-26,2021,1,Jan,Q1,Tue,1,26,FY20-21,0,0,0,682.29,10407.76,90.3,6222.34,15.96,7112.53,0,0,-5.785774451,-20.15915119,-87.31521221,12.3538,7.6786,712.7,744.2,-1.02,0,0,Normal,152.54,788.55,86.5246,6.4209
2021-01-27,2021,1,Jan,Q1,Wed,2,27,FY20-21,0,0,0,705.02,13936,108.53,10179.98,119.75,102287.9,0,0,3.331427985,20.18826135,650.3132832,12.1914,7.3092,703.63,743.23,0.5054,0,0.5054,Normal,197.67,933.3,75.5406,3.0884
2021-01-28,2021,1,Jan,Q1,Thu,3,28,FY20-21,0,1,0,691.55,13304.92,111.32,10203.63,126.94,108954.77,0,0,-1.910584097,2.570717774,6.004175365,12.2003,7.2969,693.9,742.52,-0.3716,0,0,Normal,192.39,929.81,74.3754,2.9025
2021-01-29,2021,1,Jan,Q1,Fri,4,29,FY20-21,0,1,0,758.33,15526.32,122.41,11531.54,164.87,141785.62,0,0,9.656568578,9.962270931,29.88025839,12.808,7.4968,694.85,743.64,1.5637,0,1.5637,Normal,204.74,1045.61,72.5251,2.6397
2021-01-30,2021,1,Jan,Q1,Sat,5,30,FY20-21,1,1,0,778.35,15636.1,125.05,11291.88,116.81,84576.33,0,0,2.640011604,2.156686545,-29.15023958,12.5399,7.4369,704.19,743.98,0.3897,0,0.3897,Normal,200.89,1020.21,76.2931,3.2182
2021-01-31,2021,1,Jan,Q1,Sun,6,31,FY20-21,1,1,0,707.78,11448.43,105.02,7258.9,17.02,6453.72,0,0,-9.066615276,-16.01759296,-85.42932968,10.6823,7.6315,721.07,742,-1.5689,0,0,Normal,161.75,829.82,85.2932,5.7996
2021-02-01,2021,2,Feb,Q1,Mon,0,1,FY20-21,0,0,1,835.85,18468.88,133.17,12923.83,212.27,119988.43,0,0,18.09460567,26.80441821,1147.179788,9.2823,8.3006,737.02,743.46,2.9754,1,2.9754,Elevated,220.96,1181.29,70.7574,2.4197
2021-02-02,2021,2,Feb,Q1,Tue,1,2,FY20-21,0,0,1,817.28,17017.33,132.75,11881.6,135.66,99880.44,0,0,-2.221690495,-0.315386348,-36.09082772,8.8445,8.0764,756.31,746.96,-0.4237,0,0,Normal,208.22,1085.69,75.2775,3.0449
2021-02-03,2021,2,Feb,Q1,Wed,2,3,FY20-21,0,0,1,809.71,16419.83,125.37,11167.91,116.45,84620.15,0,0,-0.926243148,-5.559322034,-14.160401,8.9581,7.797,771.26,747.35,-0.2069,0,0,Normal,202.79,1051.53,77.003,3.3484
2021-02-04,2021,2,Feb,Q1,Thu,3,4,FY20-21,0,0,0,813.15,16525.55,127.56,11476.32,111.92,90567.07,0,0,0.424843462,1.746829385,-3.89008158,8.8165,7.785,788.64,748.39,0.0191,0,0.0191,Normal,203.23,1052.63,77.2494,3.3955
2021-02-05,2021,2,Feb,Q1,Fri,4,5,FY20-21,0,0,0,846,16576.05,123.8,10960.66,136.93,93802.71,0,0,4.039845047,-2.947632487,22.3463188,8.3146,7.8102,801.16,750.08,0.6239,0,0.6239,Normal,195.93,1106.73,76.4414,3.2447
2021-02-06,2021,2,Feb,Q1,Sat,5,6,FY20-21,1,0,0,859.11,16381.84,119.5,10332.56,118.59,77320.36,0,0,1.54964539,-3.473344103,-13.39370481,8.3077,7.8066,812.7,752.49,0.2073,0,0.2073,Normal,190.68,1097.2,78.3002,3.6083
2021-02-07,2021,2,Feb,Q1,Sun,6,7,FY20-21,1,0,0,812.38,12158.01,103.58,6516.55,19.41,5794.89,0,0,-5.439350025,-13.32217573,-83.63268404,7.6079,7.8631,827.64,754.04,-0.962,0,0,Normal,149.66,935.37,86.8512,6.6053
2021-02-08,2021,2,Feb,Q1,Mon,0,8,FY20-21,0,0,0,830.29,16526.49,126.56,11361.57,136.97,89658.27,0,0,2.2046333,22.18575014,605.6671819,3.1391,7.8616,826.85,756.52,0.3169,0,0.3169,Normal,199.04,1093.82,75.9074,3.1506
2021-02-09,2021,2,Feb,Q1,Tue,1,9,FY20-21,0,0,0,851.58,16665.88,123.07,11013.37,123.84,86466.01,0,0,2.564164328,-2.757585335,-9.586040739,3.109,7.833,831.75,760.55,0.377,0,0.377,Normal,195.71,1098.49,77.5228,3.4489
2021-02-10,2021,2,Feb,Q1,Wed,2,10,FY20-21,0,0,0,863.77,17089,123.95,10964.25,147.53,87022.55,0,0,1.431456821,0.715040221,19.12952196,3.0391,7.7111,839.47,763.01,0.1875,0,0.1875,Normal,197.84,1135.25,76.0863,3.1817
2021-02-11,2021,2,Feb,Q1,Thu,3,11,FY20-21,0,0,0,847.77,16136.53,124.1,10597.96,118.4,97278.83,0,0,-1.852344953,0.121016539,-19.74513658,3.2232,7.7237,844.41,764.73,-0.3619,0,0,Normal,190.34,1090.27,77.7578,3.496
2021-02-12,2021,2,Feb,Q1,Fri,4,12,FY20-21,0,0,0,836.08,15632.23,120.93,10378.63,119.42,118570.71,0,0,-1.378911733,-2.55439162,0.861486486,2.9064,7.7312,843,765.95,-0.2827,0,0,Normal,186.97,1076.43,77.6716,3.4786
2021-02-13,2021,2,Feb,Q1,Sat,5,13,FY20-21,1,0,0,797.38,13406.04,107.66,8078.61,23.8,9909.02,0,0,-4.628743661,-10.97329033,-80.07033998,3.2308,7.4742,834.18,768.9,-0.8264,0,0,Normal,168.13,928.84,85.8469,6.0656
2021-02-14,2021,2,Feb,Q1,Sun,6,14,FY20-21,1,0,0,760.56,10714.19,94.26,5416.61,13.03,3593.98,0,0,-4.617622714,-12.44659112,-45.25210084,3.0533,7.5351,826.78,770.35,-0.8246,0,0,Normal,140.87,867.85,87.6373,7.0888
2021-02-15,2021,2,Feb,Q1,Mon,0,15,FY20-21,0,0,0,810.95,15853.05,118.89,10559.07,121.19,101663.29,0,0,6.625381298,26.1298536,830.0844206,4.0847,7.6085,824.01,772.83,1.0565,0,1.0565,Normal,195.49,1051.03,77.1576,3.3778
2021-02-16,2021,2,Feb,Q1,Tue,1,16,FY20-21,0,0,0,803.9,15074.43,110.77,9567.47,107.11,87164.24,0,0,-0.869350761,-6.829842712,-11.61812031,3.8898,7.5174,817.2,776.51,-0.1974,0,0,Normal,187.52,1021.78,78.6764,3.6896
2021-02-17,2021,2,Feb,Q1,Wed,2,17,FY20-21,0,0,0,814.96,14883.53,109.43,9842.89,103.29,80830.71,0,0,1.375793009,-1.209713821,-3.566427038,3.8846,7.4235,810.23,778.92,0.1782,0,0.1782,Normal,182.63,1027.68,79.3009,3.8311
2021-02-18,2021,2,Feb,Q1,Thu,3,18,FY20-21,0,0,0,809.37,15014.25,107.72,9563.46,111.63,96849.75,0,0,-0.685923235,-1.562642785,8.074353761,3.8551,7.4099,804.74,781.67,-0.1667,0,0,Normal,185.51,1028.72,78.6774,3.6899
2021-02-19,2021,2,Feb,Q1,Fri,4,19,FY20-21,0,0,0,788.06,13981.94,102.44,8996.59,90.64,70596.98,0,0,-2.632912018,-4.901596732,-18.80318911,3.9259,7.3679,797.88,782.32,-0.4925,0,0,Normal,177.42,981.14,80.3209,4.0815
2021-02-20,2021,2,Feb,Q1,Sat,5,20,FY20-21,1,0,0,811.43,14406.39,106.15,8775.78,75.02,58485.4,0,0,2.96551024,3.621632175,-17.23300971,3.7282,7.3775,799.89,784.04,0.4442,0,0.4442,Normal,177.54,992.6,81.7479,4.4788
2021-02-21,2021,2,Feb,Q1,Sun,6,21,FY20-21,1,0,0,753.9,10512.08,87.9,5223.28,12.44,3785.87,0,0,-7.089952306,-17.19265191,-83.41775527,4.3396,7.5019,798.94,784.12,-1.2382,0,0,Normal,139.44,854.24,88.2539,7.5135
2021-02-22,2021,2,Feb,Q1,Mon,0,22,FY20-21,0,0,0,815.81,15458.36,109.26,10041.8,105.1,89760.52,0,0,8.211964452,24.3003413,744.8553055,4.7665,7.5654,799.63,787.55,1.322,0,1.322,Normal,189.48,1030.17,79.1918,3.8058
2021-02-23,2021,2,Feb,Q1,Tue,1,23,FY20-21,0,0,0,810.66,14883.16,108.54,9865.76,97.19,91653.51,0,0,-0.631274439,-0.658978583,-7.526165557,4.7586,6.7654,800.6,794.92,-0.1576,0,0,Normal,183.59,1016.39,79.7588,3.9404
2021-02-24,2021,2,Feb,Q1,Wed,2,24,FY20-21,0,0,0,818.77,15108.13,105.89,9727.19,93.8,88987.88,0,0,1.000419411,-2.441496223,-3.48801317,4.7454,5.4037,801.14,798.07,0.1154,0,0.1154,Normal,184.52,1018.46,80.3929,4.1002
2021-02-25,2021,2,Feb,Q1,Thu,3,25,FY20-21,0,0,0,810.92,15282.2,107.89,10258.55,104.85,122460.39,0,0,-0.958755206,1.888752479,11.7803838,4.7547,5.2791,801.36,802.36,-0.2124,0,0,Normal,188.46,1023.66,79.2177,3.8118
2021-02-26,2021,2,Feb,Q1,Fri,4,26,FY20-21,0,0,0,835.39,16838.18,118.51,12419.67,212.75,171542.11,0,0,3.017560302,9.843358977,102.9089175,4.6879,5.2741,808.13,806.7,0.4529,0,0.4529,Normal,201.56,1166.65,71.6059,2.5219
2021-02-27,2021,2,Feb,Q1,Sat,5,27,FY20-21,1,0,0,848.63,15541.31,112.24,10162.68,34.61,19022.67,0,0,1.584888495,-5.290692769,-83.73207991,4.6165,5.253,813.44,811.94,0.2132,0,0.2132,Normal,183.13,995.48,85.2483,5.7789
2021-02-28,2021,2,Feb,Q1,Sun,6,28,FY20-21,1,1,0,815.28,12507.9,97.84,7155.75,17.27,5566.97,0,0,-3.929863427,-12.82965075,-50.10112684,3.8076,5.0459,822.21,813.84,-0.7095,0,0,Normal,153.42,930.39,87.6278,7.0826
2021-03-01,2021,3,Mar,Q1,Mon,0,1,FY20-21,0,0,1,931.35,20137.82,131.34,13199.46,248.79,144971.92,0,0,14.23682661,34.23957482,1340.59062,5.8134,5.6363,838.71,818.94,2.33,1,2.33,Elevated,216.22,1311.48,71.0152,2.4501
2021-03-02,2021,3,Mar,Q1,Tue,1,2,FY20-21,0,0,1,923.65,19359.29,130.66,13410.64,139.51,104322.69,0,0,-0.826756858,-0.517740216,-43.92459504,5.8288,5.3342,854.86,826.13,-0.1903,0,0,Normal,209.6,1193.82,77.3693,3.4188
2021-03-03,2021,3,Mar,Q1,Wed,2,3,FY20-21,0,0,1,887.95,18133.93,124.42,12433.85,120.98,92564.33,0,0,-3.865100417,-4.775753865,-13.28220199,6.2456,4.321,864.74,827.87,-0.6986,0,0,Normal,204.22,1133.35,78.3474,3.6184
2021-03-04,2021,3,Mar,Q1,Thu,3,4,FY20-21,0,0,0,918.98,18836.35,123.92,12242.41,132.41,99611.28,0,0,3.494566135,-0.401864652,9.447842619,6.2011,4.3325,880.18,831.26,0.5327,0,0.5327,Normal,204.97,1175.31,78.1904,3.5851
2021-03-05,2021,3,Mar,Q1,Fri,4,5,FY20-21,0,0,0,921.15,18226.84,122.88,11775.11,137.39,99205.38,0,0,0.236131363,-0.83925113,3.761045238,6.2111,4.3247,892.43,834.97,-0.0125,0,0,Normal,197.87,1181.42,77.9697,3.5392
2021-03-06,2021,3,Mar,Q1,Sat,5,6,FY20-21,1,0,0,897.01,17171.99,114.27,10809.35,123.36,79396.8,0,0,-2.620637247,-7.006835938,-10.21180581,6.4087,4.3626,899.34,837.77,-0.4904,0,0,Normal,191.44,1134.64,79.0568,3.7748
2021-03-07,2021,3,Mar,Q1,Sun,6,7,FY20-21,1,0,0,870.99,13251.52,100.07,6727.74,20.7,5288.17,0,0,-2.900748041,-12.42670867,-83.21984436,6.2885,4.3478,907.3,838.6,-0.5373,0,0,Normal,152.14,991.76,87.8227,7.212
2021-03-08,2021,3,Mar,Q1,Mon,0,8,FY20-21,0,0,0,924.45,18178.63,118.23,10442.51,140.44,92520.82,0,0,6.137843144,18.14729689,578.4541063,3.6703,4.4763,906.31,840.78,0.9749,0,0.9749,Normal,196.64,1183.12,78.1366,3.5739
2021-03-09,2021,3,Mar,Q1,Tue,1,9,FY20-21,0,0,0,929.41,18159.23,126.85,11949.67,131.84,118466.26,0,0,0.536535237,7.290873721,-6.123611507,3.6584,4.3412,907.13,844.68,0.0378,0,0.0378,Normal,195.38,1188.1,78.2266,3.5928
2021-03-10,2021,3,Mar,Q1,Wed,2,10,FY20-21,0,0,0,959.21,19087.27,132.35,12171.25,149.68,125680.14,0,0,3.206335202,4.33582972,13.5315534,3.3277,4.3583,917.31,848.98,0.4845,0,0.4845,Normal,198.99,1241.24,77.2784,3.4011
2021-03-11,2021,3,Mar,Q1,Thu,3,11,FY20-21,0,0,0,866.3,14920.18,115.32,9224.48,61.16,45080.86,0,0,-9.68609585,-12.86739705,-59.13949759,5.0613,4.7237,909.79,849.47,-1.6726,0,0,Normal,172.23,1042.78,83.076,4.9088
2021-03-12,2021,3,Mar,Q1,Fri,4,12,FY20-21,0,0,0,892.83,16750.51,126.05,11221.19,129.5,131265,0,0,3.062449498,9.304543878,111.7396991,5.2598,4.7481,905.74,850.44,0.4604,0,0.4604,Normal,187.61,1148.38,77.7469,3.4938
2021-03-13,2021,3,Mar,Q1,Sat,5,13,FY20-21,1,0,0,881.74,15106.81,116.28,9176.48,28.76,12408.49,0,0,-1.24211776,-7.750892503,-77.79150579,5.1847,4.7402,903.56,851.57,-0.2598,0,0,Normal,171.33,1026.78,85.8743,6.0793
2021-03-14,2021,3,Mar,Q1,Sun,6,14,FY20-21,1,0,0,778.18,10795.13,99.34,6270.46,14.01,4127.12,0,0,-11.74495883,-14.56828345,-51.28650904,6.7995,5.2161,890.3,849.64,-2.017,0,0,Normal,138.72,891.53,87.2859,6.8653
2021-03-15,2021,3,Mar,Q1,Mon,0,15,FY20-21,0,0,0,888.65,17078.68,127.07,11035.34,119.89,105248.64,0,0,14.19594438,27.91423394,755.7458958,8.7023,5.7576,885.19,852.68,2.3231,1,2.3231,Elevated,192.19,1135.61,78.2531,3.5984
2021-03-16,2021,3,Mar,Q1,Tue,1,16,FY20-21,0,0,0,879.7,15014.8,116.02,9520.45,92.48,73299.13,0,0,-1.00714567,-8.695994334,-22.86262407,8.6989,5.6838,878.09,856.65,-0.2205,0,0,Normal,170.68,1088.2,80.8399,4.2192
2021-03-17,2021,3,Mar,Q1,Wed,2,17,FY20-21,0,0,0,889.05,17307.19,121.5,11279.16,131.86,125061.44,0,0,1.062862339,4.723323565,42.58217993,8.5854,5.5714,868.06,859.26,0.1258,0,0.1258,Normal,194.67,1142.41,77.8223,3.509
2021-03-18,2021,3,Mar,Q1,Thu,3,18,FY20-21,0,0,0,887.01,16791.68,120.28,10998.05,118.97,131658.59,0,0,-0.229458411,-1.004115226,-9.77551949,7.6397,5.5674,871.02,862.03,-0.0904,0,0,Normal,189.31,1126.26,78.7571,3.7075
2021-03-19,2021,3,Mar,Q1,Fri,4,19,FY20-21,0,0,0,881.98,16549.78,120.82,10756.53,113.05,115868.06,0,0,-0.567073652,0.448952444,-4.976044381,7.5664,5.5679,869.47,864.26,-0.1469,0,0,Normal,187.64,1115.85,79.0411,3.7712
2021-03-20,2021,3,Mar,Q1,Sat,5,20,FY20-21,1,0,0,893.8,16114.6,115.59,10061.08,97,77413.49,0,0,1.340166444,-4.328753518,-14.19725785,7.5548,5.5664,871.2,867.07,0.1722,0,0.1722,Normal,180.29,1106.39,80.7853,4.2043
2021-03-21,2021,3,Mar,Q1,Sun,6,21,FY20-21,1,0,0,813,11625.59,97.09,5942.4,15.87,4768.89,0,0,-9.040053703,-16.00484471,-83.63917526,6.8657,5.8076,876.17,867.91,-1.5645,0,0,Normal,143,925.96,87.8008,7.1972
2021-03-22,2021,3,Mar,Q1,Mon,0,22,FY20-21,0,0,0,873.17,16846.96,120.84,10978.54,121.61,109279.09,0,0,7.40098401,24.46183953,666.2885948,4.8418,5.9338,873.96,869.96,1.1863,0,1.1863,Normal,192.94,1115.62,78.2677,3.6014
2021-03-23,2021,3,Mar,Q1,Tue,1,23,FY20-21,0,0,0,873.33,16338.27,117.79,10811.55,128.21,117018.98,0,0,0.018324038,-2.523998676,5.427185264,4.827,5.7634,873.05,873.94,-0.0489,0,0,Normal,187.08,1119.33,78.0226,3.5501
2021-03-24,2021,3,Mar,Q1,Wed,2,24,FY20-21,0,0,0,880.58,16911.96,118.75,11021.39,121.81,130907.92,0,0,0.83015584,0.815009763,-4.991810311,4.8192,5.5842,871.84,876.1,0.0869,0,0.0869,Normal,192.05,1121.14,78.5433,3.6605
2021-03-25,2021,3,Mar,Q1,Thu,3,25,FY20-21,0,0,0,888.41,17301.18,122.95,11869.6,133.66,135521.99,0,0,0.889186672,3.536842105,9.728265331,4.8302,5.5813,872.04,878.7,0.0968,0,0.0968,Normal,194.74,1145.02,77.589,3.4621
2021-03-26,2021,3,Mar,Q1,Fri,4,26,FY20-21,0,0,0,905.65,16867.73,123.44,12111.47,141.47,160337.01,0,0,1.940545469,0.39853599,5.843184199,4.8633,5.5872,875.42,881.59,0.2727,0,0.2727,Normal,186.25,1170.56,77.369,3.4187
2021-03-27,2021,3,Mar,Q1,Sat,5,27,FY20-21,1,0,0,883.98,15316.88,115.17,10017.64,34.12,15760.71,0,0,-2.392756584,-6.699611147,-75.8818124,4.9573,5.606,874.02,884.03,-0.4523,0,0,Normal,173.27,1033.27,85.5517,5.9212
2021-03-28,2021,3,Mar,Q1,Sun,6,28,FY20-21,1,1,0,820.79,10761.31,93.85,5927.21,19.99,7917.34,0,0,-7.148351773,-18.51176522,-41.4126612,4.4066,5.7501,875.13,883.54,-1.248,0,0,Normal,131.11,934.63,87.8198,7.21
2021-03-29,2021,3,Mar,Q1,Mon,0,29,FY20-21,0,1,0,689.6,9607.64,76.74,6064.63,95.86,77997.34,0,0,-15.98338186,-18.23122003,379.5397699,6.4467,6.4461,848.91,878.24,-2.7262,0,0,Normal,139.32,862.2,79.9814,3.9954
2021-03-30,2021,3,Mar,Q1,Tue,1,30,FY20-21,0,1,0,856.44,16167.59,110.75,11787.65,180.35,200203.34,0,0,24.1937355,44.31847798,88.13895264,12.2617,7.8255,846.49,879.61,3.9959,1,3.9959,High,188.78,1147.54,74.6327,2.9421
2021-03-31,2021,3,Mar,Q1,Wed,2,31,FY20-21,0,1,0,928.51,20169.11,130.81,15998.78,236.65,303157.28,0,0,8.415067022,18.11286682,31.2170779,12.6422,7.5387,853.34,879.52,1.3559,0,1.3559,Normal,217.22,1295.97,71.6459,2.5268
2021-04-01,2021,4,Apr,Q2,Thu,3,1,FY21-22,0,0,1,769.5,14169.04,102.39,10151.27,48.19,18730.6,0,0,-17.12528675,-21.72616772,-79.63659413,14.469,8.1796,836.35,874.38,-2.9172,0,0,Normal,184.13,920.08,83.634,5.1102
2021-04-02,2021,4,Apr,Q2,Fri,4,2,FY21-22,0,0,1,898.85,16537.44,124.09,11200.42,110.22,52649.86,0,0,16.80961663,21.19347593,128.7196514,16.009,8.7207,835.38,874.74,2.7604,1,2.7604,Elevated,183.98,1133.16,79.3224,3.8362
2021-04-03,2021,4,Apr,Q2,Sat,5,3,FY21-22,1,0,1,963.87,19547.72,129.49,13089.15,130.13,95717.61,0,0,7.23368749,4.351680232,18.06387226,16.0856,8.7928,846.79,876.24,1.1583,0,1.1583,Normal,202.8,1223.49,78.7804,3.7126
2021-04-04,2021,4,Apr,Q2,Sun,6,4,FY21-22,1,0,0,883.7,14296.25,104.41,7879.35,23.02,5560.3,0,0,-8.317511698,-19.36829099,-82.30999769,16.2062,8.9401,855.78,874.99,-1.4436,0,0,Normal,161.78,1011.13,87.3973,6.9348
2021-04-05,2021,4,Apr,Q2,Mon,0,5,FY21-22,0,0,0,949.94,20006.52,131.99,13685.68,141.89,114052.26,0,0,7.495756478,26.41509434,516.3770634,14.1166,9.0188,892.97,876.75,1.2021,0,1.2021,Normal,210.61,1223.82,77.6209,3.4685
2021-04-06,2021,4,Apr,Q2,Tue,1,6,FY21-22,0,0,0,924.3,18445.55,120.82,11934.6,120.01,85052.55,0,0,-2.699117839,-8.46276233,-15.42039608,11.6311,9.0162,902.67,878.53,-0.5036,0,0,Normal,199.56,1165.13,79.3302,3.838
2021-04-07,2021,4,Apr,Q2,Wed,2,7,FY21-22,0,0,0,956.92,19190.78,125.09,12561.93,140.22,89349.36,0,0,3.5291572,3.534183082,16.84026331,11.3021,8.9733,906.73,879.61,0.5385,0,0.5385,Normal,200.55,1222.23,78.293,3.6068
2021-04-08,2021,4,Apr,Q2,Thu,3,8,FY21-22,0,0,0,960.63,18638.51,122.31,11803.57,161.39,88471.32,0,0,0.387702211,-2.222399872,15.09770361,8.1119,8.9733,934.03,880.65,0.0129,0,0.0129,Normal,194.02,1244.33,77.2006,3.3861
2021-04-09,2021,4,Apr,Q2,Fri,4,9,FY21-22,0,0,0,1004.67,18858.61,123.27,11825.28,147.48,130138.2,0,0,4.584491428,0.784890851,-8.618873536,5.7342,8.9912,949.15,882.17,0.7151,0,0.7151,Normal,187.71,1275.42,78.7717,3.7107
2021-04-10,2021,4,Apr,Q2,Sat,5,10,FY21-22,1,0,0,930.11,16956.53,109.72,9573.76,31.53,11079.92,0,0,-7.421342331,-10.99213109,-78.62082994,6.0622,8.9115,944.32,884.3,-1.2936,0,0,Normal,182.31,1071.36,86.8158,6.5848
2021-04-11,2021,4,Apr,Q2,Sun,6,11,FY21-22,1,0,0,855.49,12806.86,94.54,6464.15,18.51,4549.64,0,0,-8.022706992,-13.83521692,-41.29400571,5.9983,9.0355,940.29,883.05,-1.3943,0,0,Normal,149.7,968.54,88.3278,7.5674
2021-04-12,2021,4,Apr,Q2,Mon,0,12,FY21-22,0,0,0,1004.36,20461.95,132.41,12773.08,188.2,114264.86,0,0,17.40172299,40.05711868,916.7477039,8.7041,9.5558,948.07,887.14,2.8595,1,2.8595,Elevated,203.73,1324.97,75.8025,3.1327
2021-04-13,2021,4,Apr,Q2,Tue,1,13,FY21-22,0,0,0,927.55,16563.22,118.62,10289.53,82.68,50772.63,0,0,-7.647656219,-10.41462125,-56.06801275,9.2488,9.3973,948.53,892.12,-1.3315,0,0,Normal,178.57,1128.85,82.1677,4.6078
2021-04-14,2021,4,Apr,Q2,Wed,2,14,FY21-22,0,0,0,896.17,15217.21,110.79,8866.7,32.94,18802.74,0,0,-3.383106032,-6.60091047,-60.15965167,9.2282,9.0894,939.85,892.37,-0.618,0,0,Normal,169.8,1039.9,86.1785,6.2351
2021-04-15,2021,4,Apr,Q2,Thu,3,15,FY21-22,0,0,0,901.22,17662.85,114.5,10943.63,136.93,118225.65,0,0,0.563509156,3.348677678,315.6952034,9.2315,9.0854,931.37,893.09,0.0423,0,0.0423,Normal,195.99,1152.65,78.1868,3.5844
2021-04-16,2021,4,Apr,Q2,Fri,4,16,FY21-22,0,0,0,909.1,17173.74,116.53,10608.11,127.84,98245.03,0,0,0.874370298,1.772925764,-6.638428394,8.9902,9.085,917.71,893.75,0.0943,0,0.0943,Normal,188.91,1153.47,78.8144,3.7202
2021-04-17,2021,4,Apr,Q2,Sat,5,17,FY21-22,1,0,0,864.75,15764.69,103,9074.59,78.29,49459.29,0,0,-4.878451215,-11.61074401,-38.75938673,8.7397,9.1368,908.38,893.01,-0.8682,0,0,Normal,182.3,1046.04,82.6689,4.77
2021-04-18,2021,4,Apr,Q2,Sun,6,18,FY21-22,1,0,0,809.01,11456.18,83.88,5636.82,14.6,4381.62,0,0,-6.445793582,-18.5631068,-81.35138587,8.5383,9.2189,901.74,890.58,-1.1304,0,0,Normal,141.61,907.49,89.1481,8.215
2021-04-19,2021,4,Apr,Q2,Mon,0,19,FY21-22,0,0,0,920.28,17808.09,108.61,10128.24,113.25,81231.72,0,0,13.75384729,29.48259418,675.6849315,7.2824,9.5486,889.73,891.46,2.2492,1,2.2492,Elevated,193.51,1142.14,80.5751,4.148
2021-04-20,2021,4,Apr,Q2,Tue,1,20,FY21-22,0,0,0,902.51,17153.95,109.18,10209.3,123.45,83443.08,0,0,-1.930934064,0.524813553,9.006622517,6.7141,9.3898,886.15,894.45,-0.375,0,0,Normal,190.07,1135.14,79.5065,3.8796
2021-04-21,2021,4,Apr,Q2,Wed,2,21,FY21-22,0,0,0,864.43,15185.21,97.72,8675.78,61.34,41434.66,0,0,-4.21934383,-10.49642792,-50.31186715,6.7871,9.3462,881.61,894.16,-0.7579,0,0,Normal,175.67,1023.49,84.4591,5.4346
2021-04-22,2021,4,Apr,Q2,Thu,3,22,FY21-22,0,0,0,848.75,16262.77,100.98,9557.17,106.54,98824.3,0,0,-1.813912058,3.336062219,73.68764265,6.7946,9.3546,874.12,893.34,-0.3555,0,0,Normal,191.61,1056.27,80.3535,4.09
2021-04-23,2021,4,Apr,Q2,Fri,4,23,FY21-22,0,0,0,845.72,15809.46,99.14,9640.3,112.03,83334.2,0,0,-0.356995582,-1.822142999,5.152994181,6.764,9.3549,865.06,892.17,-0.1117,0,0,Normal,186.93,1056.89,80.0197,4.0049
2021-04-24,2021,4,Apr,Q2,Sat,5,24,FY21-22,1,0,0,765.01,13210.5,80.45,6963.52,24.27,9153.25,0,0,-9.54334768,-18.8521283,-78.33615996,7.4254,9.5237,850.82,888.06,-1.6487,0,0,Normal,172.68,869.73,87.9595,7.3053
2021-04-25,2021,4,Apr,Q2,Sun,6,25,FY21-22,1,0,0,705.54,10166.47,64.24,4729.37,14.52,3356.57,0,0,-7.773754591,-20.14916097,-40.17305315,7.5878,9.6176,836.03,881.39,-1.3526,0,0,Normal,144.09,784.3,89.9579,8.9581
2021-04-26,2021,4,Apr,Q2,Mon,0,26,FY21-22,0,0,0,838.52,16495.37,100.6,9710.9,93.31,99261.69,0,0,18.8479746,56.60024907,542.630854,9.3552,10.2279,824.35,879.87,3.1015,1,3.1015,High,196.72,1032.43,81.2181,4.3243
2021-04-27,2021,4,Apr,Q2,Tue,1,27,FY21-22,0,0,0,803.07,15635.89,98.74,9658.21,82.35,74684.94,0,0,-4.227686877,-1.848906561,-11.74579359,9.4344,10.1682,810.15,879.28,-0.7593,0,0,Normal,194.7,984.16,81.5995,4.4346
2021-04-28,2021,4,Apr,Q2,Wed,2,28,FY21-22,0,1,0,806.7,15920.58,94.76,9458.31,98.91,75798.04,0,0,0.452015391,-4.030787928,20.10928962,9.3583,9.6858,801.9,883.19,0.0236,0,0.0236,Normal,197.35,1000.37,80.6402,4.1653
2021-04-29,2021,4,Apr,Q2,Thu,3,29,FY21-22,0,1,0,823.09,16046.25,94.67,9745.75,103.27,101987.99,0,0,2.031734226,-0.094976783,4.40804772,9.3901,8.6413,798.24,882.08,0.2879,0,0.2879,Normal,194.95,1021.03,80.6137,4.1583
2021-04-30,2021,4,Apr,Q2,Fri,4,30,FY21-22,0,1,0,876.85,20215.49,112.74,12703.87,195.42,144220.67,0,0,6.531485014,19.08735608,89.23211,9.7118,8.5864,802.68,880.35,1.0408,0,1.0408,Normal,230.55,1185.01,73.9952,2.8454
2021-05-01,2021,5,May,Q2,Sat,5,1,FY21-22,1,0,1,862.39,18140.21,104.8,10646.35,115.19,41589.95,0,0,-1.649084792,-7.042753238,-41.05516324,8.7025,7.9539,816.59,883.45,-0.3279,0,0,Normal,210.35,1082.38,79.6753,3.9201
2021-05-02,2021,5,May,Q2,Sun,6,2,FY21-22,1,0,1,793.73,13692.47,78.41,6749.53,27.26,4687.68,0,0,-7.961595102,-25.18129771,-76.33475128,8.738,7.4934,829.19,879.95,-1.384,0,0,Normal,172.51,899.4,88.2511,7.5114
2021-05-03,2021,5,May,Q2,Mon,0,3,FY21-22,0,0,1,877.17,20191.07,116.63,12312.89,173.29,86615.15,0,0,10.51239086,48.74378268,535.6933236,6.283,7.6275,834.71,877.06,1.7068,0,1.7068,Normal,230.18,1167.09,75.1587,3.0256
2021-05-04,2021,5,May,Q2,Tue,1,4,FY21-22,0,0,0,893.11,20005.02,114.35,11591.18,137.54,75226.77,0,0,1.817207611,-1.954900111,-20.63015754,5.8771,7.4713,847.58,877.37,0.2521,0,0.2521,Normal,223.99,1145,78.0009,3.5456
2021-05-05,2021,5,May,Q2,Wed,2,5,FY21-22,0,0,0,877.04,19438.15,110.74,11266.32,145.21,83145.78,0,0,-1.79933043,-3.156974202,5.576559546,6.0152,7.3541,857.63,874.94,-0.353,0,0,Normal,221.63,1132.99,77.4093,3.4266
2021-05-06,2021,5,May,Q2,Thu,3,6,FY21-22,0,0,0,853.5,18425.68,103.69,10467.42,133.81,88975.66,0,0,-2.684028094,-6.366263319,-7.850698988,6.1884,7.3539,861.97,872.58,-0.501,0,0,Normal,215.88,1091,78.231,3.5937
2021-05-07,2021,5,May,Q2,Fri,4,7,FY21-22,0,0,0,863.12,18247.77,105.68,10408.47,151.44,93337.43,0,0,1.127123609,1.919182178,13.17539795,5.6506,7.327,860.01,869.45,0.1366,0,0.1366,Normal,211.42,1120.24,77.0478,3.3569
2021-05-08,2021,5,May,Q2,Sat,5,8,FY21-22,1,0,0,834.5,16365.41,92.99,8612.39,32.25,10075.07,0,0,-3.315877282,-12.00794852,-78.7044374,5.7612,7.3498,856.02,865.25,-0.6068,0,0,Normal,196.11,959.74,86.9506,6.6632
2021-05-09,2021,5,May,Q2,Sun,6,9,FY21-22,1,0,0,794.03,13425.59,80.24,6277.19,19.56,4200.5,0,0,-4.849610545,-13.71115174,-39.34883721,5.1631,7.339,856.07,858.23,-0.8634,0,0,Normal,169.08,893.83,88.8346,7.9562
2021-05-10,2021,5,May,Q2,Mon,0,10,FY21-22,0,0,0,849.17,18772.21,99.05,10295.57,148.93,97599.55,0,0,6.944322003,23.44217348,661.400818,4.0138,7.3427,852.07,855.53,1.1099,0,1.1099,Normal,221.07,1097.15,77.3978,3.4243
2021-05-11,2021,5,May,Q2,Tue,1,11,FY21-22,0,0,0,900.09,18267.37,100.11,9957.27,97.73,72872.06,0,0,5.996443586,1.070166583,-34.37856711,4.6569,7.2638,853.06,857.02,0.9513,0,0.9513,Normal,202.95,1097.93,81.9806,4.5496
2021-05-12,2021,5,May,Q2,Wed,2,12,FY21-22,0,0,0,857.68,17402.93,94.56,9296.18,97,83959.04,0,0,-4.711751047,-5.543901708,-0.746955899,4.9842,6.5692,850.3,852.13,-0.8403,0,0,Normal,202.91,1049.24,81.743,4.4773
2021-05-13,2021,5,May,Q2,Thu,3,13,FY21-22,0,0,0,851.7,16038.79,92,8511.6,72.79,55687.98,0,0,-0.697229736,-2.707275804,-24.95876289,4.8754,6.4229,850.04,849.6,-0.1686,0,0,Normal,188.32,1016.49,83.7883,5.1684
2021-05-14,2021,5,May,Q2,Fri,4,14,FY21-22,0,0,0,811.67,14038.22,83.66,7189.25,49.55,41116.04,0,0,-4.700011741,-9.065217391,-31.92746256,5.1544,6.4506,842.69,846.78,-0.8383,0,0,Normal,172.95,944.88,85.9019,6.0932
2021-05-15,2021,5,May,Q2,Sat,5,15,FY21-22,1,0,0,805.25,14824.99,82.41,7528.11,59.02,42778.52,0,0,-0.790961844,-1.49414296,19.11200807,5.0328,6.4503,838.51,843.58,-0.1843,0,0,Normal,184.1,946.68,85.0604,5.6936
2021-05-16,2021,5,May,Q2,Sun,6,16,FY21-22,1,0,0,712.83,10804.95,68.94,5139.88,15.36,3739.83,0,0,-11.477181,-16.34510375,-73.97492375,6.4367,6.767,826.91,837.04,-1.9722,0,0,Normal,151.58,797.13,89.4246,8.4559
2021-05-17,2021,5,May,Q2,Mon,0,17,FY21-22,0,0,0,800.15,15977.6,87.67,8757.45,88.7,68827.42,0,0,12.24976502,27.16855236,477.4739583,7.7535,7.107,819.91,834.89,1.9975,0,1.9975,Normal,199.68,976.52,81.9389,4.5368
2021-05-18,2021,5,May,Q2,Tue,1,18,FY21-22,0,0,0,803.01,15314.82,84.06,8218.29,76.47,71192.06,0,0,0.357432981,-4.117714155,-13.78804961,7.2305,7.0028,806.04,834.69,0.0078,0,0.0078,Normal,190.72,963.54,83.3396,5.0022
2021-05-19,2021,5,May,Q2,Wed,2,19,FY21-22,0,0,0,803.03,15542.35,89.09,8487.11,75.93,64861.79,0,0,0.002490629,5.98382108,-0.706159278,7.0883,6.5186,798.23,830.78,-0.0516,0,0,Normal,193.55,968.05,82.9534,4.8663
2021-05-20,2021,5,May,Q2,Thu,3,20,FY21-22,0,0,0,793.42,15265.44,88.67,8488.18,78.56,71532.57,0,0,-1.196717433,-0.471433382,3.463716581,7.0905,6.5134,789.91,827.14,-0.2522,0,0,Normal,192.4,960.65,82.592,4.7445
2021-05-21,2021,5,May,Q2,Fri,4,21,FY21-22,0,0,0,797.68,14967.99,85.19,7973.03,81.44,70075.97,0,0,0.536916135,-3.924664486,3.66598778,6.8829,6.4707,787.91,824.92,0.0379,0,0.0379,Normal,187.64,964.31,82.7203,4.7871
2021-05-22,2021,5,May,Q2,Sat,5,22,FY21-22,1,0,0,772.38,13312.11,78.93,6801.02,22.26,8417.14,0,0,-3.171697924,-7.348280315,-72.66699411,6.9839,6.4881,783.21,822.37,-0.5826,0,0,Normal,172.35,873.57,88.4165,7.633
2021-05-23,2021,5,May,Q2,Sun,6,23,FY21-22,1,0,0,756.08,11237.42,72.32,5154.26,11.15,2821.1,0,0,-2.110360185,-8.374509059,-49.91015274,5.1651,6.4982,789.39,819.38,-0.4051,0,0,Normal,148.63,839.55,90.0578,9.0581
2021-05-24,2021,5,May,Q2,Mon,0,24,FY21-22,0,0,0,800.3,15851.67,87.26,8863.4,91.1,95371.04,0,0,5.848587451,20.65818584,717.0403587,2.9028,6.3387,789.41,820.56,0.9265,0,0.9265,Normal,198.07,978.66,81.7751,4.487
2021-05-25,2021,5,May,Q2,Tue,1,25,FY21-22,0,0,0,799.33,15027.36,86.7,8442.06,85.54,79624.56,0,0,-0.121204548,-0.641760257,-6.103183315,2.8997,6.1522,788.89,823.69,-0.0723,0,0,Normal,188,971.57,82.272,4.6408
2021-05-26,2021,5,May,Q2,Wed,2,26,FY21-22,0,0,0,682.56,12817.62,82.9,7449.62,53.19,38424.44,0,0,-14.60848461,-4.382929642,-37.81856441,6.2246,5.7481,771.68,818.49,-2.4961,0,0,Normal,187.79,818.65,83.3763,5.0155
2021-05-27,2021,5,May,Q2,Thu,3,27,FY21-22,0,0,0,775.33,14644.79,84.49,8020.21,76.17,91443.28,0,0,13.59147914,1.917973462,43.2036097,8.6329,6.2507,769.09,817.56,2.222,1,2.222,Elevated,188.88,935.99,82.8353,4.8259
2021-05-28,2021,5,May,Q2,Fri,4,28,FY21-22,0,1,0,802.27,14803.08,84.13,8340.1,95.19,86614.96,0,0,3.474649504,-0.426085927,24.97046081,8.7344,6.2813,769.75,817.42,0.5294,0,0.5294,Normal,184.51,981.59,81.7317,4.474
2021-05-29,2021,5,May,Q2,Sat,5,29,FY21-22,1,1,0,793.03,14114.81,81.45,7589.33,58.38,49138.86,0,0,-1.151731961,-3.185546179,-38.67002836,8.6289,6.2757,772.7,816.41,-0.2447,0,0,Normal,177.99,932.86,85.0106,5.6714
2021-05-30,2021,5,May,Q2,Sun,6,30,FY21-22,1,1,0,769.66,11414.94,71.38,5342.91,15.89,4267.87,0,0,-2.946925085,-12.36341314,-72.78177458,8.68,6.1768,774.64,812.84,-0.545,0,0,Normal,148.31,856.93,89.816,8.8193
2021-05-31,2021,5,May,Q2,Mon,0,31,FY21-22,0,1,0,906.61,20732.78,106.11,12112.87,179.48,131238.92,0,0,17.79357119,48.65508546,1029.515419,10.8022,6.9912,789.83,814.31,2.9251,1,2.9251,Elevated,228.68,1192.2,76.0451,3.1745
2021-06-01,2021,6,Jun,Q2,Tue,1,1,FY21-22,0,0,1,978.07,21837.51,117.92,12615.42,237.69,98894.42,0,0,7.882110279,11.12995948,32.43258302,10.9273,6.9361,815.36,820.46,1.2668,0,1.2668,Normal,223.27,1333.68,73.3362,2.7504
2021-06-02,2021,6,Jun,Q2,Wed,2,2,FY21-22,0,0,1,981.37,20668.35,110.79,11264.75,124.39,75164.2,0,0,0.337399164,-6.046472185,-47.66712945,7.8379,6.6958,858.05,823.93,0.0045,0,0.0045,Normal,210.61,1216.55,80.6683,4.1728
2021-06-03,2021,6,Jun,Q2,Thu,3,3,FY21-22,0,0,1,928,19629.84,105.12,10689.35,113.53,80124.66,0,0,-5.438315824,-5.117790414,-8.730605354,7.8915,6.7804,879.86,825.1,-0.9619,0,0,Normal,211.53,1146.65,80.9314,4.2442
2021-06-04,2021,6,Jun,Q2,Fri,4,4,FY21-22,0,0,0,908.24,18987.07,104.49,10414.92,120.99,84235.07,0,0,-2.129310345,-0.599315068,6.57095041,8.0991,6.7843,895,826.14,-0.4082,0,0,Normal,209.05,1133.72,80.1115,4.028
2021-06-05,2021,6,Jun,Q2,Sat,5,5,FY21-22,1,0,0,921.2,18465.68,98.88,9299.53,84.46,51654.27,0,0,1.426935612,-5.368934826,-30.1925779,7.9871,6.7627,913.31,828.39,0.1868,0,0.1868,Normal,200.45,1104.54,83.4012,5.0245
2021-06-06,2021,6,Jun,Q2,Sun,6,6,FY21-22,1,0,0,850.62,13881.64,82.44,6182.58,22.06,4656.63,0,0,-7.661745549,-16.62621359,-73.88112716,8.6833,6.9218,924.87,827.98,-1.3339,0,0,Normal,163.19,955.12,89.059,8.1399
2021-06-07,2021,6,Jun,Q2,Mon,0,7,FY21-22,0,0,0,958.53,20566.61,111.15,10926.89,150.94,100867.28,0,0,12.68604077,34.82532751,584.2248413,7.1974,7.2519,932.29,832.11,2.0705,1,2.0705,Elevated,214.56,1220.62,78.5281,3.6573
2021-06-08,2021,6,Jun,Q2,Tue,1,8,FY21-22,0,0,0,959.49,19555.25,106.48,10269.49,128.53,77463.9,0,0,0.10015336,-4.201529465,-14.84695906,6.5299,7.1769,929.64,837.62,-0.0352,0,0,Normal,203.81,1194.5,80.3257,4.0828
2021-06-09,2021,6,Jun,Q2,Wed,2,9,FY21-22,0,0,0,959.32,19616.4,104.08,10165.87,113.29,70541.95,0,0,-0.017717746,-2.253944403,-11.85715397,6.5274,7.0859,926.49,841.3,-0.0549,0,0,Normal,204.48,1176.69,81.527,4.4133
2021-06-10,2021,6,Jun,Q2,Thu,3,10,FY21-22,0,0,0,960.68,19826.78,105.65,10082.94,115.45,75218.01,0,0,0.141767085,1.508455035,1.906611351,6.1004,7.0137,931.15,843.32,-0.0283,0,0,Normal,206.38,1181.78,81.2909,4.345
2021-06-11,2021,6,Jun,Q2,Fri,4,11,FY21-22,0,0,0,948.41,19013.39,102.01,9796.61,109.38,82085.77,0,0,-1.277220302,-3.445338381,-5.257687311,6.0439,6.9544,936.89,846.34,-0.2657,0,0,Normal,200.48,1159.8,81.7736,4.4865
2021-06-12,2021,6,Jun,Q2,Sat,5,12,FY21-22,1,0,0,914.84,16646.22,94.05,7817.94,28.8,10027.85,0,0,-3.539608397,-7.803156553,-73.6697751,6.2424,6.9914,935.98,848.45,-0.6442,0,0,Normal,181.96,1037.69,88.1612,7.4468
2021-06-13,2021,6,Jun,Q2,Sun,6,13,FY21-22,1,0,0,851.65,12899.97,79.31,5269.94,17.09,3960.16,0,0,-6.907218749,-15.67251462,-40.65972222,6.0915,7.059,936.13,849.78,-1.2076,0,0,Normal,151.47,948.05,89.8318,8.8345
2021-06-14,2021,6,Jun,Q2,Mon,0,14,FY21-22,0,0,0,973.72,20359.99,106.61,10510.13,116.84,94876.28,0,0,14.3333529,34.42188879,583.6746635,6.6608,7.4977,938.3,855.39,2.3461,1,2.3461,Elevated,209.09,1197.17,81.3351,4.3577
2021-06-15,2021,6,Jun,Q2,Tue,1,15,FY21-22,0,0,0,968.59,19631.73,105.41,10154.54,126.5,84239.87,0,0,-0.5268455,-1.125597974,8.267716535,6.6698,7.132,939.6,863.92,-0.1401,0,0,Normal,202.68,1200.5,80.6822,4.1766
2021-06-16,2021,6,Jun,Q2,Wed,2,16,FY21-22,0,0,0,958.88,19341.99,103.78,9849.48,118.7,72698.23,0,0,-1.002488153,-1.546342852,-6.166007905,6.6884,6.8323,939.54,869.21,-0.2197,0,0,Normal,201.71,1181.36,81.1675,4.31
2021-06-17,2021,6,Jun,Q2,Thu,3,17,FY21-22,0,0,0,914.54,17975.02,98.45,9155.56,92.72,79452.22,0,0,-4.624144836,-5.135864328,-21.88711036,6.9304,6.9042,932.95,872.93,-0.8256,0,0,Normal,196.55,1105.71,82.7107,4.7839
2021-06-18,2021,6,Jun,Q2,Fri,4,18,FY21-22,0,0,0,968.15,18847.37,101.08,9378.02,95.13,84439.99,0,0,5.861963391,2.671406805,2.599223469,7.3128,6.9676,935.77,878.43,0.9288,0,0.9288,Normal,194.67,1164.36,83.1487,4.9343
2021-06-19,2021,6,Jun,Q2,Sat,5,19,FY21-22,1,0,0,923.37,16946.72,92.46,8076.8,63.81,44683.11,0,0,-4.625316325,-8.527898694,-32.92336802,7.4238,7.0302,936.99,882.76,-0.8258,0,0,Normal,183.53,1079.64,85.5257,5.9088
2021-06-20,2021,6,Jun,Q2,Sun,6,20,FY21-22,1,0,0,861.58,12949.17,77.76,5128.47,14.51,4384.25,0,0,-6.691792023,-15.89876703,-77.26061746,7.389,7.16,938.4,884.89,-1.1716,0,0,Normal,150.3,953.85,90.3266,9.3376
2021-06-21,2021,6,Jun,Q2,Mon,0,21,FY21-22,0,0,0,967.74,19694.06,104.23,9869.31,88.98,86115.86,0,0,12.32154878,34.04063786,513.2322536,6.7694,7.4395,937.55,891.41,2.0095,1,2.0095,Elevated,203.51,1160.95,83.3576,5.0087
2021-06-22,2021,6,Jun,Q2,Tue,1,22,FY21-22,0,0,0,937.82,18529.74,104.03,9575.71,94.44,79700.73,0,0,-3.091739517,-0.191883335,6.136210384,6.8777,7.4559,933.15,897.46,-0.5693,0,0,Normal,197.58,1136.29,82.5335,4.7252
2021-06-23,2021,6,Jun,Q2,Wed,2,23,FY21-22,0,0,0,886.08,16920.82,104.12,9646.56,100.17,81111.69,0,0,-5.51705018,0.086513506,6.067344346,7.1641,7.4887,922.75,900.32,-0.975,0,0,Normal,190.96,1090.37,81.2642,4.3374
2021-06-24,2021,6,Jun,Q2,Thu,3,24,FY21-22,0,0,0,901.21,17171.85,106.47,9472.38,85.85,74167.29,0,0,1.707520766,2.257011141,-14.29569731,7.0151,7.4901,920.85,903.72,0.2337,0,0.2337,Normal,190.54,1093.53,82.4129,4.686
2021-06-25,2021,6,Jun,Q2,Fri,4,25,FY21-22,0,0,0,935.25,17648.46,104.51,9874.01,97.2,104580.05,0,0,3.777144062,-1.840894149,13.22073384,6.7643,6.9285,916.15,912.14,0.58,0,0.58,Normal,188.7,1136.96,82.2588,4.6366
2021-06-26,2021,6,Jun,Q2,Sat,5,26,FY21-22,1,0,0,923.18,15638.86,93.34,7912.01,27.49,10709.54,0,0,-1.29056402,-10.68797244,-71.718107,6.5222,6.5381,916.12,917.07,-0.2679,0,0,Normal,169.4,1044.01,88.4264,7.6403
2021-06-27,2021,6,Jun,Q2,Sun,6,27,FY21-22,1,0,0,853.53,11945.99,77.88,5223.36,16.86,3969.58,0,0,-7.544574189,-16.56310264,-38.66860677,6.6779,6.6893,914.97,918.78,-1.3143,0,0,Normal,139.96,948.27,90.0092,9.0092
2021-06-28,2021,6,Jun,Q2,Mon,0,28,FY21-22,0,1,0,957.51,19199.12,107.11,10813.07,109.29,103210.36,0,0,12.1823486,37.53210067,548.2206406,6.6354,7.0168,913.51,924.26,1.9862,0,1.9862,Normal,200.51,1173.91,81.5659,4.4247
2021-06-29,2021,6,Jun,Q2,Tue,1,29,FY21-22,0,1,0,971.64,19122.24,105.77,10839.96,106.47,106376.74,0,0,1.475702604,-1.251050322,-2.580290969,6.5002,6.9804,918.34,930.99,0.1949,0,0.1949,Normal,196.8,1183.88,82.0725,4.578
2021-06-30,2021,6,Jun,Q2,Wed,2,30,FY21-22,0,1,0,1051.95,23855.32,123.07,13835.19,201.69,168161.19,0,0,8.265406941,16.35624468,89.43364328,6.3952,6.3813,942.04,935.84,1.3309,0,1.3309,Normal,226.77,1376.71,76.4104,3.2392
2021-07-01,2021,7,Jul,Q3,Thu,3,1,FY21-22,0,0,1,1052.35,23416.77,134.92,13674.25,227.45,112644.66,0,0,0.038024621,9.628666612,12.77207596,6.4671,6.2353,963.63,938.31,-0.0456,0,0,Normal,222.52,1414.72,74.3857,2.9041
2021-07-02,2021,7,Jul,Q3,Fri,4,2,FY21-22,0,0,1,1081.5,22773.32,127.9,11463.14,135.81,85435.16,0,0,2.769990973,-5.203083309,-40.29017366,6.4429,6.2499,984.52,941.65,0.4115,0,0.4115,Normal,210.57,1345.21,80.3964,4.1011
2021-07-03,2021,7,Jul,Q3,Sat,5,3,FY21-22,1,0,1,1044.52,20784,114.77,10568.05,103.21,50786.85,0,0,-3.419325012,-10.26583268,-24.00412341,6.6847,6.1943,1001.86,945.54,-0.6241,0,0,Normal,198.98,1262.5,82.7343,4.7918
2021-07-04,2021,7,Jul,Q3,Sun,6,4,FY21-22,1,0,0,979.48,16400.08,101.82,7683.55,28.41,6275.36,0,0,-6.226783594,-11.28343644,-72.47359752,6.384,6.3003,1019.85,947.91,-1.0938,0,0,Normal,167.44,1109.71,88.2645,7.5212
2021-07-05,2021,7,Jul,Q3,Mon,0,5,FY21-22,0,0,0,1092.2,23601.76,135.37,12691.55,146.14,85999.7,0,0,11.50814718,32.95030446,414.3963393,6.2102,6.6158,1039.09,953.61,1.8734,0,1.8734,Normal,216.09,1373.71,79.5073,3.8798
2021-07-06,2021,7,Jul,Q3,Tue,1,6,FY21-22,0,0,0,1027.63,21426.67,124.26,11839.15,141.39,97029.04,0,0,-5.911920894,-8.207135998,-3.250307924,6.9137,6.5462,1047.09,959.51,-1.0411,0,0,Normal,208.51,1293.28,79.4592,3.8684
2021-07-07,2021,7,Jul,Q3,Wed,2,7,FY21-22,0,0,0,1150,23158.49,126.81,11742.71,145.63,84690.66,0,0,11.90798245,2.05214872,2.998797652,7.6493,6.499,1061.1,965.89,1.9403,0,1.9403,Normal,201.38,1422.44,80.847,4.2211
2021-07-08,2021,7,Jul,Q3,Thu,3,8,FY21-22,0,0,0,953.67,19593.6,119.22,11425.05,123.78,86950.16,0,0,-17.07217391,-5.985332387,-15.00377669,10.4311,7.2734,1047,965.7,-2.9083,0,0,Normal,205.45,1196.67,79.6936,3.9246
2021-07-09,2021,7,Jul,Q3,Fri,4,9,FY21-22,0,0,0,1151.69,22376.23,121.14,11332.29,132.34,87631.03,0,0,20.76399593,1.610468042,6.915495233,13.3116,8.1816,1057.03,972.11,3.422,1,3.422,High,194.29,1405.17,81.9609,4.5435
2021-07-10,2021,7,Jul,Q3,Sat,5,10,FY21-22,1,0,0,922.13,17381.76,112.28,9463.02,37.09,11467.57,0,0,-19.9324471,-7.313851742,-71.9737041,15.6224,9.0254,1039.54,970.83,-3.3869,0,0,Normal,188.5,1071.5,86.0597,6.1735
2021-07-11,2021,7,Jul,Q3,Sun,6,11,FY21-22,1,0,0,935.44,14528.9,93.83,6168.12,20.28,4660.66,0,0,1.443397352,-16.43213395,-45.32218927,15.4387,9.0231,1033.25,970.39,0.1895,0,0.1895,Normal,155.32,1049.55,89.1277,8.1977
2021-07-12,2021,7,Jul,Q3,Mon,0,12,FY21-22,0,0,0,924.29,17865.05,119.24,11509.15,123.1,93953.34,0,0,-1.19195245,27.08089097,507.0019724,14.6395,8.9983,1009.26,970.71,-0.2514,0,0,Normal,193.28,1166.63,79.2273,3.814
2021-07-13,2021,7,Jul,Q3,Tue,1,13,FY21-22,0,0,0,1419.22,26954.63,114.2,10801.89,105.16,79128.6,0,0,53.54704692,-4.22676954,-14.57351747,25.1096,13.1233,1065.21,989.63,8.907,1,8.907,Extreme,189.93,1638.58,86.6128,6.4698
2021-07-14,2021,7,Jul,Q3,Wed,2,14,FY21-22,0,0,0,1009.17,19870.94,113.07,10640.17,107.37,80874.89,0,0,-28.89263116,-0.989492119,2.101559528,28.3277,14.1085,1045.09,990.81,-4.886,0,0,Normal,196.9,1229.61,82.0724,4.578
2021-07-15,2021,7,Jul,Q3,Thu,3,15,FY21-22,0,0,0,1063.64,21013.1,113.43,10673.83,103.35,99747.94,0,0,5.39750488,0.31838684,-3.744062587,27.1559,14.1279,1060.8,993.98,0.8511,0,0.8511,Normal,197.56,1280.42,83.0696,4.9065
2021-07-16,2021,7,Jul,Q3,Fri,4,16,FY21-22,0,0,0,1159.32,21440.28,110.09,10122.53,96.29,82248.09,0,0,8.995524802,-2.944547298,-6.831156265,26.3292,14.192,1061.89,1000.66,1.4531,0,1.4531,Normal,184.94,1365.7,84.8883,5.6174
2021-07-17,2021,7,Jul,Q3,Sat,5,17,FY21-22,1,0,0,1030.17,18400.77,106.41,8978.69,72.46,44616.52,0,0,-11.14015112,-3.342719593,-24.74815661,25.2536,14.3385,1077.32,1004.51,-1.9158,0,0,Normal,178.62,1209.04,85.2056,5.7593
2021-07-18,2021,7,Jul,Q3,Sun,6,18,FY21-22,1,0,0,915.12,12743.31,89.72,5698.98,18.47,4668.68,0,0,-11.16805964,-15.68461611,-74.51007452,25.9096,14.4886,1074.42,1002.75,-1.9205,0,0,Normal,139.25,1023.31,89.4274,8.4585
2021-07-19,2021,7,Jul,Q3,Mon,0,19,FY21-22,0,0,0,1049.52,20635.1,113.47,10461.61,97.76,84968.77,0,0,14.68659848,26.47124387,429.2907417,26.2538,14.6696,1092.31,1006.95,2.4052,1,2.4052,Elevated,196.61,1260.75,83.2457,4.9686
2021-07-20,2021,7,Jul,Q3,Tue,1,20,FY21-22,0,0,0,1078.12,20476.24,112.81,10319.91,116.38,89912.31,0,0,2.725055263,-0.581651538,19.04664484,15.0723,14.5912,1043.58,1014.17,0.4039,0,0.4039,Normal,189.93,1307.31,82.4686,4.704
2021-07-21,2021,7,Jul,Q3,Wed,2,21,FY21-22,0,0,0,954.91,15421.19,95.73,7481.88,46.41,22758.11,0,0,-11.42822691,-15.14050173,-60.12201409,10.894,14.6395,1035.83,1013.74,-1.964,0,0,Normal,161.49,1097.05,87.0434,6.7181
2021-07-22,2021,7,Jul,Q3,Thu,3,22,FY21-22,0,0,0,822.07,15711.85,100.12,9241.05,101.65,94698.34,0,0,-13.91125865,4.585814269,119.026072,11.6372,14.8729,1001.32,1009.88,-2.3795,0,0,Normal,191.13,1023.84,80.2928,4.0743
2021-07-23,2021,7,Jul,Q3,Fri,4,23,FY21-22,0,0,0,1172.6,19889.5,112.68,9525.44,104.64,93445.74,0,0,42.63992117,12.54494606,2.941465814,20.7857,16.6839,1003.22,1019.43,7.0821,1,7.0821,Extreme,169.62,1389.92,84.3646,5.3957
2021-07-24,2021,7,Jul,Q3,Sat,5,24,FY21-22,1,0,0,978.07,15607.17,97.27,7484.52,30.93,10152.48,0,0,-16.58962988,-13.67589634,-70.44151376,21.4416,17.0317,995.77,1022,-2.8276,0,0,Normal,159.57,1106.27,88.4115,7.6293
2021-07-25,2021,7,Jul,Q3,Sun,6,25,FY21-22,1,0,0,967.95,12927.13,91.07,5485.46,22.42,4238.38,0,0,-1.034690769,-6.374010486,-27.5137407,20.8166,17.0326,1003.32,1023.09,-0.2251,0,0,Normal,133.55,1081.44,89.5057,8.5289
2021-07-26,2021,7,Jul,Q3,Mon,0,26,FY21-22,0,0,0,1051.06,19885.25,116.94,10479.67,110.94,98491.39,0,0,8.586187303,28.40672011,394.8260482,20.3408,17.0745,1003.54,1027.35,1.3846,0,1.3846,Normal,189.19,1278.94,82.1821,4.6123
2021-07-27,2021,7,Jul,Q3,Tue,1,27,FY21-22,0,0,0,1040.66,19262.96,113.1,10151.44,114.84,87143.72,0,0,-0.98947729,-3.283735249,3.515413737,20.354,16.9937,998.19,1033.59,-0.2175,0,0,Normal,185.1,1268.6,82.0322,4.5655
2021-07-28,2021,7,Jul,Q3,Wed,2,28,FY21-22,0,1,0,1056.26,19325.52,110.36,10137.18,121.88,86665.8,0,0,1.499048681,-2.422634836,6.130268199,19.6071,16.8831,1012.67,1036.88,0.1988,0,0.1988,Normal,182.96,1288.5,81.9759,4.5481
2021-07-29,2021,7,Jul,Q3,Thu,3,29,FY21-22,0,1,0,1044.44,19154.18,116.54,10372.47,121.1,100340.48,0,0,-1.11904266,5.59985502,-0.639973745,18.3355,16.8903,1044.43,1039.3,-0.2392,0,0,Normal,183.39,1282.08,81.4645,4.3951
2021-07-30,2021,7,Jul,Q3,Fri,4,30,FY21-22,0,1,0,1117.52,21272.89,130.41,11999.04,197.53,151649.72,0,0,6.997051051,11.90149305,63.11312964,8.1899,16.8743,1036.57,1041.49,1.1187,0,1.1187,Normal,190.36,1445.46,77.3124,3.4077
2021-07-31,2021,7,Jul,Q3,Sat,5,31,FY21-22,1,1,0,1210.3,22584.56,135.66,11694.59,115.78,81028.62,0,0,8.302312263,4.025764895,-41.38611856,4.5915,16.9179,1069.74,1046.76,1.3371,0,1.3371,Normal,186.6,1461.74,82.7986,4.8135
2021-08-01,2021,8,Aug,Q3,Sun,6,1,FY21-22,1,0,1,1139.83,17991.95,124.69,8832.34,40.02,7553.63,0,0,-5.822523341,-8.086392452,-65.43444464,5.5748,16.9722,1094.3,1048.7,-1.0261,0,0,Normal,157.85,1304.54,87.3741,6.9202
2021-08-02,2021,8,Aug,Q3,Mon,0,2,FY21-22,0,0,1,1202.32,25029.23,142.11,13465.84,233.96,106532.9,0,0,5.482396498,13.97064721,484.6076962,5.1138,16.9622,1115.9,1053.96,0.8653,0,0.8653,Normal,208.17,1578.39,76.1738,3.1971
2021-08-03,2021,8,Aug,Q3,Tue,1,3,FY21-22,0,0,1,1200.77,23649.82,136.24,12359.77,144.29,85685,0,0,-0.128917426,-4.130603054,-38.32706446,5.0384,16.8999,1138.78,1061.34,-0.0735,0,0,Normal,196.96,1481.3,81.0619,4.2804
2021-08-04,2021,8,Aug,Q3,Wed,2,4,FY21-22,0,0,0,1191.28,24030.66,138.62,12673.49,133.09,83823.76,0,0,-0.790326207,1.746917205,-7.762145679,5.1622,16.8087,1158.07,1064.64,-0.1842,0,0,Normal,201.72,1462.99,81.4278,4.3844
2021-08-05,2021,8,Aug,Q3,Thu,3,5,FY21-22,0,0,0,1183.4,23718.76,135.53,12335.83,146.56,92988.66,0,0,-0.661473373,-2.229115568,10.12097077,5.1211,16.7558,1177.92,1069.83,-0.1626,0,0,Normal,200.43,1465.49,80.7511,4.1951
2021-08-06,2021,8,Aug,Q3,Fri,4,6,FY21-22,0,0,0,1105.22,21095.72,125.58,11408.22,136.45,105029.18,0,0,-6.606388372,-7.341547997,-6.89819869,5.4406,16.7079,1176.16,1068.34,-1.1573,0,0,Normal,190.87,1367.25,80.8353,4.2179
2021-08-07,2021,8,Aug,Q3,Sat,5,7,FY21-22,1,0,0,1222.45,22910.2,118.87,10106.14,123.4,59148.87,0,0,10.60693799,-5.343207517,-9.563942836,6.0632,16.4325,1177.9,1077.3,1.7227,0,1.7227,Normal,187.41,1464.72,83.4596,5.0458
2021-08-08,2021,8,Aug,Q3,Sun,6,8,FY21-22,1,0,0,1127.74,16658.61,109.12,7042.32,27.7,5483.65,0,0,-7.747556137,-8.202237739,-77.55267423,6.4201,16.1322,1176.17,1076.5,-1.3482,0,0,Normal,147.72,1264.56,89.1804,8.2425
2021-08-09,2021,8,Aug,Q3,Mon,0,9,FY21-22,0,0,0,1235.1,24086.79,135.07,12132.82,137.02,86413.81,0,0,9.519924805,23.78115836,394.6570397,7.1341,15.7011,1180.85,1086.93,1.5408,0,1.5408,Normal,195.02,1507.19,81.9472,4.5393
2021-08-10,2021,8,Aug,Q3,Tue,1,10,FY21-22,0,0,0,1247.03,24240.48,135.77,12232.89,128.28,83470.51,0,0,0.965913691,0.518249796,-6.378630857,7.1275,15.702,1187.46,1097.32,0.1096,0,0.1096,Normal,194.39,1511.08,82.5257,4.7227
2021-08-11,2021,8,Aug,Q3,Wed,2,11,FY21-22,0,0,0,1218.33,23627.85,133.85,11955.11,133.82,81649.03,0,0,-2.301468289,-1.414156294,4.318677892,7.2046,15.7111,1191.32,1107.12,-0.437,0,0,Normal,193.94,1486,81.9872,4.5516
2021-08-12,2021,8,Aug,Q3,Thu,3,12,FY21-22,0,0,0,1187.33,22704.03,126.2,11126.2,128.26,81455.83,0,0,-2.544466606,-5.715353007,-4.154834853,7.2915,12.3394,1191.89,1099.39,-0.4777,0,0,Normal,191.22,1441.79,82.3511,4.6661
2021-08-13,2021,8,Aug,Q3,Fri,4,13,FY21-22,0,0,0,1152.84,20953.57,122.33,10652.83,115.95,96104.58,0,0,-2.904836903,-3.066561014,-9.597692188,6.8292,11.0806,1198.69,1104.18,-0.538,0,0,Normal,181.76,1391.12,82.8714,4.8382
2021-08-14,2021,8,Aug,Q3,Sat,5,14,FY21-22,1,0,0,1147.81,19317.55,115.59,9348.34,33.83,12709.42,0,0,-0.436313799,-5.509686912,-70.82363088,5.2875,11.0516,1188.03,1106.98,-0.125,0,0,Normal,168.3,1297.23,88.4816,7.6818
2021-08-15,2021,8,Aug,Q3,Sun,6,15,FY21-22,1,0,0,1062.92,14679.03,97.38,6216.67,23.45,4309.83,0,0,-7.395823351,-15.75395795,-30.68282589,5.2113,11.0371,1178.77,1103.77,-1.2894,0,0,Normal,138.1,1183.75,89.7926,8.7968
2021-08-16,2021,8,Aug,Q3,Mon,0,16,FY21-22,0,0,0,1137.05,21637.92,125.16,10937.6,122.53,76543.99,0,0,6.974184322,28.52741836,422.5159915,4.4031,10.8874,1164.76,1107.33,1.1149,0,1.1149,Normal,190.3,1384.74,82.1129,4.5906
2021-08-17,2021,8,Aug,Q3,Tue,1,17,FY21-22,0,0,0,1145.32,21311.21,123,10914.18,120.24,106196.96,0,0,0.727320698,-1.725790988,-1.868930058,4.3854,10.6487,1150.23,1115.01,0.0697,0,0.0697,Normal,186.07,1388.56,82.4826,4.7086
2021-08-18,2021,8,Aug,Q3,Wed,2,18,FY21-22,0,0,0,1141.79,21660.34,122,10764.7,131.16,107105.09,0,0,-0.308210806,-0.81300813,9.081836327,4.361,10.3435,1139.29,1118.08,-0.1035,0,0,Normal,189.71,1394.95,81.8517,4.5102
2021-08-19,2021,8,Aug,Q3,Thu,3,19,FY21-22,0,0,0,1148.7,20696.02,121.75,10104.67,113.83,65267.63,0,0,0.605190096,-0.204918033,-13.21286978,4.3183,10.3367,1133.78,1120.44,0.0493,0,0.0493,Normal,180.17,1384.28,82.9818,4.8761
2021-08-20,2021,8,Aug,Q3,Fri,4,20,FY21-22,0,0,0,1115.08,18706.14,121.12,9382.72,81.13,71184.89,0,0,-2.926786802,-0.517453799,-28.72704911,4.3204,10.1075,1128.38,1125.77,-0.5417,0,0,Normal,167.76,1317.33,84.647,5.5134
2021-08-21,2021,8,Aug,Q3,Sat,5,21,FY21-22,1,0,0,1173.5,19530.45,123.34,9518.31,77.37,49997.19,0,0,5.239085985,1.832892999,-4.634537163,4.8154,9.734,1132.05,1137.49,0.8246,0,0.8246,Normal,166.43,1374.21,85.3945,5.8467
2021-08-22,2021,8,Aug,Q3,Sun,6,22,FY21-22,1,0,0,1060.53,13242.53,94.05,5428,19.69,4198.66,0,0,-9.626757563,-23.74736501,-74.55085951,5.4506,6.153,1131.71,1133.75,-1.6626,0,0,Normal,124.87,1174.27,90.314,9.3242
2021-08-23,2021,8,Aug,Q3,Mon,0,23,FY21-22,0,0,0,1085.96,19805.16,115.34,10134.66,85.87,79375.03,0,0,2.397857675,22.63689527,336.1097004,4.7128,5.3241,1124.41,1137.35,0.3492,0,0.3492,Normal,182.37,1287.17,84.368,5.3971
2021-08-24,2021,8,Aug,Q3,Tue,1,24,FY21-22,0,0,0,1097.23,19853.25,114.94,10338.54,111.21,82915.93,0,0,1.037791447,-0.346800763,29.509724,4.7283,5.3171,1117.54,1141.66,0.1217,0,0.1217,Normal,180.94,1323.38,82.9112,4.8518
2021-08-25,2021,8,Aug,Q3,Wed,2,25,FY21-22,0,0,0,1139.74,20927.52,118.71,10575.76,105.04,86529.06,0,0,3.874301651,3.279972159,-5.548062225,5.014,5.1383,1117.25,1144.62,0.5962,0,0.5962,Normal,183.62,1363.49,83.5899,5.0938
2021-08-26,2021,8,Aug,Q3,Thu,3,26,FY21-22,0,0,0,1113.96,19824.58,119.01,10287.39,93.56,104990.47,0,0,-2.261919385,0.252716705,-10.92916984,5.0811,5.1554,1112.29,1147.06,-0.4304,0,0,Normal,177.96,1326.53,83.9755,5.2404
2021-08-27,2021,8,Aug,Q3,Fri,4,27,FY21-22,0,0,0,1106.01,19367.36,122.4,10499.6,108.07,108522.91,0,0,-0.71367015,2.848500126,15.50876443,4.9596,5.1542,1110.99,1148.72,-0.1714,0,0,Normal,175.11,1336.48,82.7554,4.7989
2021-08-28,2021,8,Aug,Q3,Sat,5,28,FY21-22,1,1,0,1108.1,18119.46,116.72,9057.68,35.99,14192.15,0,0,0.18896755,-4.640522876,-66.69751087,4.4055,5.1475,1101.65,1150.84,-0.0204,0,0,Normal,163.52,1260.81,87.8879,7.2562
2021-08-29,2021,8,Aug,Q3,Sun,6,29,FY21-22,1,1,0,1067.33,14334.35,102.24,6006.93,21.74,4363.46,0,0,-3.679270824,-12.40575737,-39.59433176,2.6119,5.0382,1102.62,1149.17,-0.6676,0,0,Normal,134.3,1191.31,89.593,8.6089
2021-08-30,2021,8,Aug,Q3,Mon,0,30,FY21-22,0,1,0,1091.65,19281.64,124.28,10069.37,105,94459.85,0,0,2.278583006,21.5571205,382.9806808,2.5949,4.8095,1103.43,1145.21,0.3293,0,0.3293,Normal,176.63,1320.93,82.6425,4.7612
2021-08-31,2021,8,Aug,Q3,Tue,1,31,FY21-22,0,1,0,1199.13,26124.77,136.11,14294.12,200.21,161615.96,0,0,9.845646498,9.518828452,90.67619048,4.5342,5.0273,1117.99,1147.19,1.5953,0,1.5953,Normal,217.86,1535.45,78.0963,3.5654
2021-09-01,2021,9,Sep,Q3,Wed,2,1,FY21-22,0,0,1,1261.06,27148.4,142.31,13785.59,265.92,118580.84,0,0,5.164577652,4.555139226,32.82053843,4.6774,5.0163,1135.32,1149.15,0.8121,0,0.8121,Normal,215.28,1669.29,75.5447,3.0891
2021-09-02,2021,9,Sep,Q3,Thu,3,2,FY21-22,0,0,1,1276.66,26154.15,145.68,13600.34,154.96,102119.71,0,0,1.237054541,2.368069707,-41.72683514,4.3801,5.0186,1158.56,1151.68,0.155,0,0.155,Normal,204.86,1577.3,80.9396,4.2465
2021-09-03,2021,9,Sep,Q3,Fri,4,3,FY21-22,0,0,1,1245,23910.41,138.05,12442.5,136.12,88679.55,0,0,-2.479908511,-5.237506864,-12.15797625,4.6104,5.041,1178.42,1153.47,-0.4669,0,0,Normal,192.05,1519.17,81.9526,4.541
2021-09-04,2021,9,Sep,Q3,Sat,5,4,FY21-22,1,0,0,1237.38,23834.31,133.08,11888.4,109.57,56153.88,0,0,-0.612048193,-3.600144875,-19.50484866,4.6665,5.0407,1196.89,1155.27,-0.1544,0,0,Normal,192.62,1480.03,83.6051,5.0994
2021-09-05,2021,9,Sep,Q3,Sun,6,5,FY21-22,1,0,0,1088.95,16861.66,118.18,8116.53,29.38,6389.29,0,0,-11.99550663,-11.19627292,-73.18609108,6.8198,5.3789,1199.98,1154.72,-2.0589,0,0,Normal,154.84,1236.51,88.0664,7.3797
2021-09-06,2021,9,Sep,Q3,Mon,0,6,FY21-22,0,0,0,1221.17,24922.42,136.85,12590.17,138.64,109031.54,0,0,12.14197162,15.79793535,371.8856365,8.1415,5.4886,1218.48,1154.68,1.9795,0,1.9795,Normal,204.09,1496.66,81.593,4.4327
2021-09-07,2021,9,Sep,Q3,Tue,1,7,FY21-22,0,0,0,1139.79,21864.83,141.79,12627.87,180.18,92137.36,0,0,-6.664100821,3.609791743,29.96249279,7.8421,5.4382,1210,1155.08,-1.1669,0,0,Normal,191.83,1461.76,77.9738,3.5401
2021-09-08,2021,9,Sep,Q3,Wed,2,8,FY21-22,0,0,0,1264.05,24634.77,138.87,12076.84,146.56,83737.29,0,0,10.90200826,-2.059383595,-18.65911866,8.7723,5.5252,1210.43,1156.05,1.772,0,1.772,Normal,194.89,1549.48,81.579,4.4286
2021-09-09,2021,9,Sep,Q3,Thu,3,9,FY21-22,0,0,0,1284.19,24770.65,138.49,12151.4,153.01,114507.3,0,0,1.593291405,-0.273637215,4.400927948,8.7793,5.5293,1211.5,1157.29,0.2146,0,0.2146,Normal,192.89,1575.69,81.5002,4.4055
2021-09-10,2021,9,Sep,Q3,Fri,4,10,FY21-22,0,0,0,1209.37,21030.37,127.72,9711.99,91.07,47411.22,0,0,-5.826240665,-7.776734782,-40.48101431,9.05,5.622,1206.41,1156.99,-1.0268,0,0,Normal,173.9,1428.16,84.6803,5.5275
2021-09-11,2021,9,Sep,Q3,Sat,5,11,FY21-22,1,0,0,1178.8,20129.85,116.24,8944.78,35.07,10469.32,0,0,-2.527762389,-8.988412152,-61.49116065,9.0981,5.6217,1198.05,1156.7,-0.4749,0,0,Normal,170.77,1330.11,88.6242,7.7906
2021-09-12,2021,9,Sep,Q3,Sun,6,12,FY21-22,1,0,0,1136.16,15950.87,106.85,6363.31,23.31,4417.21,0,0,-3.617237869,-8.078114246,-33.53293413,7.7621,5.6364,1204.79,1156.15,-0.6572,0,0,Normal,140.39,1266.32,89.7214,8.7289
2021-09-13,2021,9,Sep,Q3,Mon,0,13,FY21-22,0,0,0,1205.56,23212.04,132.42,11667.11,134.16,110822.55,0,0,6.108294606,23.93074403,475.5469755,6.5388,5.7405,1202.56,1158.07,0.97,0,0.97,Normal,192.54,1472.14,81.8917,4.5223
2021-09-14,2021,9,Sep,Q3,Tue,1,14,FY21-22,0,0,0,1214.27,22629.21,127.55,11105.87,120.52,96354.17,0,0,0.722485816,-3.677692192,-10.16696482,5.844,5.5523,1213.2,1163.12,0.0689,0,0.0689,Normal,186.36,1462.34,83.0361,4.8949
2021-09-15,2021,9,Sep,Q3,Wed,2,15,FY21-22,0,0,0,1239.98,23442.74,131.28,11394.29,116.87,92648.79,0,0,2.117321518,2.924343395,-3.02854298,4.0411,5.4293,1209.76,1166.55,0.3023,0,0.3023,Normal,189.06,1488.13,83.3247,4.9969
2021-09-16,2021,9,Sep,Q3,Thu,3,16,FY21-22,0,0,0,1201.65,22094.58,126.56,10897.37,104.33,95452.7,0,0,-3.09117889,-3.595368678,-10.7298708,4.0815,5.4668,1197.97,1168.42,-0.5692,0,0,Normal,183.87,1432.54,83.8825,5.2044
2021-09-17,2021,9,Sep,Q3,Fri,4,17,FY21-22,0,0,0,1172.23,19888.28,122.39,9947.01,102.13,91558.26,0,0,-2.448300254,-3.294879899,-2.108693568,3.5653,5.4889,1192.66,1169.44,-0.4616,0,0,Normal,169.66,1396.75,83.9255,5.221
2021-09-18,2021,9,Sep,Q3,Sat,5,18,FY21-22,1,0,0,1238.49,20854.06,122.36,9792.33,76.81,53718.75,0,0,5.652474344,-0.024511807,-24.79193185,4.0552,5.5774,1201.19,1172.43,0.8937,0,0.8937,Normal,168.38,1437.66,86.1462,6.2183
2021-09-19,2021,9,Sep,Q3,Sun,6,19,FY21-22,1,0,0,1181.92,15698.53,105.28,6292.65,25.35,5508.3,0,0,-4.567659004,-13.95881007,-66.99648483,4.2386,5.619,1207.73,1174.66,-0.8162,0,0,Normal,132.82,1312.55,90.0476,9.0478
2021-09-20,2021,9,Sep,Q3,Mon,0,20,FY21-22,0,0,0,1252.69,23232.53,131.81,11443.78,111.96,89096.37,0,0,5.987714905,25.19946809,341.6568047,4.2129,5.6431,1214.46,1177.3,0.9498,0,0.9498,Normal,185.46,1496.46,83.7102,5.1388
2021-09-21,2021,9,Sep,Q3,Tue,1,21,FY21-22,0,0,0,1230.81,22157.2,124.68,10621.95,116.06,92493.73,0,0,-1.746641228,-5.409301267,3.662022151,4.3057,5.3368,1216.82,1182.98,-0.3442,0,0,Normal,180.02,1471.55,83.6404,5.1126
2021-09-22,2021,9,Sep,Q3,Wed,2,22,FY21-22,0,0,0,1237.91,21821.81,127.17,10793.62,123.53,81215.05,0,0,0.576855892,1.997112608,6.436326038,4.2344,5.3264,1216.53,1188.04,0.0445,0,0.0445,Normal,176.28,1488.61,83.1588,4.9378
2021-09-23,2021,9,Sep,Q3,Thu,3,23,FY21-22,0,0,0,1232.23,21377.26,124.77,10549.64,102.21,111930.95,0,0,-0.45883788,-1.887237556,-17.25896543,4.0202,5.3289,1220.9,1192.54,-0.1287,0,0,Normal,173.48,1459.21,84.445,5.4288
2021-09-24,2021,9,Sep,Q3,Fri,4,24,FY21-22,0,0,0,1236.65,20872.26,133.2,10794.21,114.1,103696.83,0,0,0.358699269,6.756431835,11.63291263,3.8205,5.2912,1230.1,1195.77,0.008,0,0.008,Normal,168.78,1483.95,83.335,5.0006
2021-09-25,2021,9,Sep,Q3,Sat,5,25,FY21-22,1,0,0,1220.15,19085.04,72.94,5764.96,41.85,13053.54,0,0,-1.334249788,-45.24024024,-63.32164768,3.215,5.2777,1227.48,1199.31,-0.2752,0,0,Normal,156.42,1334.94,91.4011,10.6294
2021-09-26,2021,9,Sep,Q3,Sun,6,26,FY21-22,1,0,0,1168.2,14906.16,144.74,9027.57,24.18,4743.62,0,0,-4.257673237,98.43707157,-42.22222222,3.1457,5.3436,1225.52,1201.38,-0.7643,0,0,Normal,127.6,1337.12,87.3669,6.9157
2021-09-27,2021,9,Sep,Q3,Mon,0,27,FY21-22,0,0,0,1199.04,20756.07,126.15,10863.43,120.75,114086.79,0,0,2.639958911,-12.84371977,399.3796526,2.1623,5.3603,1217.86,1204.42,0.3897,0,0.3897,Normal,173.11,1445.94,82.9246,4.8564
2021-09-28,2021,9,Sep,Q3,Tue,1,28,FY21-22,0,1,0,1208.82,21099.09,129.21,11460.25,115.76,102564.99,0,0,0.815652522,2.42568371,-4.132505176,2.1533,5.3049,1214.71,1209.13,0.0845,0,0.0845,Normal,174.54,1453.79,83.1496,4.9346
2021-09-29,2021,9,Sep,Q3,Wed,2,29,FY21-22,0,1,0,1223.77,21981.12,132.17,12027.95,127.02,125822.6,0,0,1.23674327,2.290844362,9.727021424,2.2086,5.2966,1212.69,1213.54,0.1549,0,0.1549,Normal,179.62,1482.96,82.5221,4.7215
2021-09-30,2021,9,Sep,Q3,Thu,3,30,FY21-22,0,1,0,1351.22,28327.61,150.05,15352.26,218.14,201285.68,0,0,10.41453868,13.52803208,71.73673437,4.5412,5.332,1229.69,1218.61,1.6905,0,1.6905,Normal,209.64,1719.41,78.5863,3.6699
2021-10-01,2021,10,Oct,Q4,Fri,4,1,FY21-22,0,0,1,1377.7,28370.06,154.92,15076.9,249.08,146778.21,0,0,1.959710484,3.245584805,14.18355185,4.5197,5.2678,1249.84,1222.49,0.2759,0,0.2759,Normal,205.92,1781.7,77.325,3.4101
2021-10-02,2021,10,Oct,Q4,Sat,5,2,FY21-22,1,0,1,1391.13,25337.11,140.93,11426.17,52.9,13309.73,0,0,0.974813094,-9.030467338,-78.76184358,4.3475,5.2666,1274.27,1226.31,0.1111,0,0.1111,Normal,182.13,1584.96,87.7707,7.1771
2021-10-03,2021,10,Oct,Q4,Sun,6,3,FY21-22,1,0,1,1372.67,21845.73,129.97,8899.04,31.81,6614.08,0,0,-1.326978787,-7.776910523,-39.86767486,3.7476,5.2489,1303.48,1230.56,-0.274,0,0,Normal,159.15,1534.45,89.4568,8.4848
2021-10-04,2021,10,Oct,Q4,Mon,0,4,FY21-22,0,0,0,1393.85,29292.41,156.09,14911.69,160.62,112231.81,0,0,1.542978283,20.09694545,404.9355549,3.7582,5.2485,1331.31,1235.78,0.2062,0,0.2062,Normal,210.15,1710.56,81.485,4.401
2021-10-05,2021,10,Oct,Q4,Tue,1,5,FY21-22,0,0,0,1429.94,29189.41,154.99,14322.51,187.21,113420.48,0,0,2.589231266,-0.704721635,16.55460092,3.7063,4.6946,1362.9,1247.15,0.3812,0,0.3812,Normal,204.13,1772.14,80.69,4.1787
2021-10-06,2021,10,Oct,Q4,Wed,2,6,FY21-22,0,0,0,1371.62,26288.98,142,13117.56,136.86,105041.92,0,0,-4.078492804,-8.381185883,-26.89493083,4.4703,4.2852,1384.02,1252.16,-0.7343,0,0,Normal,191.66,1650.48,83.1043,4.9187
2021-10-07,2021,10,Oct,Q4,Thu,3,7,FY21-22,0,0,0,1444.68,28676.31,149.48,13418.08,168.67,108057.47,0,0,5.326548169,5.267605634,23.2427298,2.9907,4.1535,1397.37,1262.32,0.8392,0,0.8392,Normal,198.5,1762.83,81.9523,4.5409
2021-10-08,2021,10,Oct,Q4,Fri,4,8,FY21-22,0,0,0,1421.83,27623.49,149.41,13552.98,190.67,116727.64,0,0,-1.581665144,-0.046829007,13.04322049,3.0986,3.7166,1403.67,1267.58,-0.3166,0,0,Normal,194.28,1761.91,80.6982,4.1809
2021-10-09,2021,10,Oct,Q4,Sat,5,9,FY21-22,1,0,0,1346.3,24747.41,144.54,11793.58,47.19,15693.25,0,0,-5.312168121,-3.259487317,-75.25043268,3.7732,3.8552,1397.27,1269.65,-0.9408,0,0,Normal,183.82,1538.03,87.5341,7.0219
2021-10-10,2021,10,Oct,Q4,Sun,6,10,FY21-22,1,0,0,1359.89,21201.45,130.53,8527.19,29.44,6268.32,0,0,1.009433262,-9.692818597,-37.61390125,3.7814,3.6832,1395.44,1274.67,0.1169,0,0.1169,Normal,155.91,1519.86,89.4747,8.5009
2021-10-11,2021,10,Oct,Q4,Mon,0,11,FY21-22,0,0,0,1378.29,28260.91,147.87,14160.16,166.18,127816.74,0,0,1.353050614,13.28430246,464.4701087,3.7686,3.6427,1393.22,1281.32,0.1744,0,0.1744,Normal,205.04,1692.34,81.4429,4.3888
2021-10-12,2021,10,Oct,Q4,Tue,1,12,FY21-22,0,0,0,1388.67,27223.76,151.2,13209.52,132.11,97120.21,0,0,0.753107111,2.251978089,-20.50186545,3.6108,3.5551,1387.33,1289.74,0.074,0,0.074,Normal,196.04,1671.98,83.0554,4.9016
2021-10-13,2021,10,Oct,Q4,Wed,2,13,FY21-22,0,0,0,1376.47,26037.62,144.22,12582.68,126.65,91160.43,0,0,-0.878538458,-4.616402116,-4.132919537,3.246,3.4169,1388.02,1295.44,-0.199,0,0,Normal,189.16,1647.34,83.5571,5.0817
2021-10-14,2021,10,Oct,Q4,Thu,3,14,FY21-22,0,0,0,1334.18,24029.6,136.26,10998.41,120.58,92870.66,0,0,-3.07235174,-5.519345444,-4.792735886,2.4432,3.478,1372.23,1299.43,-0.566,0,0,Normal,180.11,1591.02,83.8569,5.1946
2021-10-15,2021,10,Oct,Q4,Fri,4,15,FY21-22,0,0,0,1268.71,18158.34,116.59,7790.85,34.33,17114.3,0,0,-4.90713397,-14.43563775,-71.52927517,2.8422,3.5911,1350.36,1300.39,-0.873,0,0,Normal,143.12,1419.63,89.3691,8.4065
2021-10-16,2021,10,Oct,Q4,Sat,5,16,FY21-22,1,0,0,1285.28,22054.06,128.96,10122.04,83.75,60970.72,0,0,1.306051028,10.60982932,143.9557239,2.4699,3.5442,1341.64,1303.18,0.1665,0,0.1665,Normal,171.59,1497.99,85.8003,6.0424
2021-10-17,2021,10,Oct,Q4,Sun,6,17,FY21-22,1,0,0,1185.11,16615.55,104.8,6429.55,24.58,5332.69,0,0,-7.793632516,-18.73449132,-70.65074627,3.5141,3.8106,1316.67,1303.61,-1.3559,0,0,Normal,140.2,1314.49,90.1574,9.1599
2021-10-18,2021,10,Oct,Q4,Mon,0,18,FY21-22,0,0,0,1347.86,25795.4,138.69,12411.34,135.38,105368.36,0,0,13.73290243,32.33778626,450.7729862,6.9016,4.4484,1312.33,1307.25,2.2457,1,2.2457,Elevated,191.38,1621.93,83.1022,4.9179
2021-10-19,2021,10,Oct,Q4,Tue,1,19,FY21-22,0,0,0,1309.54,23136.67,131.44,10634.83,73.22,44730.07,0,0,-2.84302524,-5.22748576,-45.91520165,6.9591,4.3931,1301.02,1311.51,-0.5276,0,0,Normal,176.68,1514.2,86.484,6.3986
2021-10-20,2021,10,Oct,Q4,Wed,2,20,FY21-22,0,0,0,1348.32,24614.57,134.82,11773.9,116.4,91185.41,0,0,2.961345205,2.57151552,58.97295821,7.087,4.2948,1297,1314.69,0.4435,0,0.4435,Normal,182.56,1599.54,84.2942,5.3671
2021-10-21,2021,10,Oct,Q4,Thu,3,21,FY21-22,0,0,0,1330.33,24809.26,135.53,12255.87,151.47,104972.28,0,0,-1.334252996,0.526628097,30.12886598,6.9949,4.2886,1296.45,1318.01,-0.2752,0,0,Normal,186.49,1617.33,82.2547,4.6353
2021-10-22,2021,10,Oct,Q4,Fri,4,22,FY21-22,0,0,0,1360.7,24402.71,135.19,12030.25,142.63,114402.32,0,0,2.282892215,-0.250866967,-5.836139169,6.646,4.303,1309.59,1322.1,0.33,0,0.33,Normal,179.34,1638.52,83.0445,4.8978
2021-10-23,2021,10,Oct,Q4,Sat,5,23,FY21-22,1,0,0,1343.99,21969.69,132.68,10237.1,41.28,13799.9,0,0,-1.228044389,-1.856646202,-71.05798219,6.7072,4.3106,1317.98,1325.83,-0.2574,0,0,Normal,163.47,1517.95,88.5398,7.7259
2021-10-24,2021,10,Oct,Q4,Sun,6,24,FY21-22,1,0,0,1294.21,16990.59,115.87,6933.59,24.92,5399.56,0,0,-3.703896606,-12.66958095,-39.63178295,5.9687,4.3746,1333.56,1327.75,-0.6717,0,0,Normal,131.28,1435,90.1889,9.1925
2021-10-25,2021,10,Oct,Q4,Mon,0,25,FY21-22,0,0,0,1331.98,25923.01,141.88,13483.05,155.11,128347.21,0,0,2.918382643,22.44757055,522.4317817,2.8125,4.3906,1331.3,1331.48,0.4363,0,0.4363,Normal,194.62,1628.97,81.7682,4.4849
2021-10-26,2021,10,Oct,Q4,Tue,1,26,FY21-22,0,0,0,1350.28,25081.49,138.54,12886.95,115.4,120579.88,0,0,1.373894503,-2.354102058,-25.60118625,2.5776,4.3049,1337.12,1337.55,0.1779,0,0.1779,Normal,185.75,1604.22,84.1705,5.3173
2021-10-27,2021,10,Oct,Q4,Wed,2,27,FY21-22,0,0,0,1341.27,25168.12,138.24,12837.21,121.81,99593.54,0,0,-0.667269011,-0.216543958,5.554592721,2.347,4.2924,1336.11,1342.29,-0.1636,0,0,Normal,187.64,1601.32,83.7603,5.1577
2021-10-28,2021,10,Oct,Q4,Thu,3,28,FY21-22,0,1,0,1361.27,26359.34,140.57,13588.04,140.79,118688.45,0,0,1.491124084,1.685474537,15.58164354,2.3325,4.2961,1340.53,1347.37,0.1975,0,0.1975,Normal,193.64,1642.63,82.8714,4.8382
2021-10-29,2021,10,Oct,Q4,Fri,4,29,FY21-22,0,1,0,1391.84,27747.43,147.57,15285.69,207.08,171953.84,0,0,2.245697033,4.979725404,47.08430997,2.3274,4.3061,1344.98,1352.97,0.3237,0,0.3237,Normal,199.36,1746.49,79.6936,3.9245
2021-10-30,2021,10,Oct,Q4,Sat,5,30,FY21-22,1,1,0,1477.09,29919.39,154.19,15376.28,166.68,110175.97,0,0,6.124985631,4.486006641,-19.50936836,3.0463,4.0284,1363.99,1357.17,0.9728,0,0.9728,Normal,202.56,1797.96,82.1537,4.6034
2021-10-31,2021,10,Oct,Q4,Sun,6,31,FY21-22,1,1,0,1469.32,24537.12,138.74,10639.47,39.66,10671.12,0,0,-0.526034297,-10.02010507,-76.20590353,2.3062,4.0202,1389.01,1360.22,-0.14,0,0,Normal,167,1647.72,89.1729,8.2361
2021-11-01,2021,11,Nov,Q4,Mon,0,1,FY21-22,0,0,1,1587.65,36035.24,183.7,18902.73,294.44,144100.05,0,0,8.053385239,32.40593917,642.4104892,3.3033,4.2622,1425.53,1366.77,1.2954,0,1.2954,Normal,226.97,2065.79,76.8544,3.3205
2021-11-02,2021,11,Nov,Q4,Tue,1,2,FY21-22,0,0,1,1643.75,34915.78,183.29,17680.03,242.96,125999.94,0,0,3.533524391,-0.223189984,-17.48403749,3.272,4.2816,1467.46,1375.81,0.5392,0,0.5392,Normal,212.42,2070,79.4082,3.8563
2021-11-03,2021,11,Nov,Q4,Wed,2,3,FY21-22,0,0,1,1647.69,34613.47,187.85,17665.73,222.8,132455,0,0,0.239695817,2.487860767,-8.297662167,3.122,4.2793,1511.23,1384.27,-0.0119,0,0,Normal,210.07,2058.34,80.0495,4.0124
2021-11-04,2021,11,Nov,Q4,Thu,3,4,FY21-22,0,0,0,1434.81,23307.44,142.56,10181.32,50.33,19741.26,0,0,-12.91990605,-24.10966196,-77.41023339,6.8392,4.9245,1521.74,1384.43,-2.2136,0,0,Normal,162.44,1627.7,88.1495,7.4385
2021-11-05,2021,11,Nov,Q4,Fri,4,5,FY21-22,0,0,0,1326.01,22719.01,126.62,10094.35,72.63,32337.27,0,0,-7.582885539,-11.18125701,44.30757004,7.5085,5.0673,1512.33,1382.91,-1.3207,0,0,Normal,171.33,1525.26,86.9367,6.655
2021-11-06,2021,11,Nov,Q4,Sat,5,6,FY21-22,1,0,0,1362.53,24416.19,131.11,10703.26,80.05,55963.54,0,0,2.754127043,3.546043279,10.21616412,7.1151,4.9955,1495.97,1380.17,0.4088,0,0.4088,Normal,179.2,1573.69,86.5819,6.4526
2021-11-07,2021,11,Nov,Q4,Sun,6,7,FY21-22,1,0,0,1309.27,20543.84,116.73,8165.94,31.28,6124.08,0,0,-3.908904758,-10.96788956,-60.92442224,7.1982,5.0376,1473.1,1376.42,-0.706,0,0,Normal,156.91,1457.28,89.8434,8.8458
2021-11-08,2021,11,Nov,Q4,Mon,0,8,FY21-22,0,0,0,1423.44,28222.58,142.74,13689.26,132.67,112951.86,0,0,8.720126483,22.28218967,324.1368286,7.3471,5.191,1449.64,1378.99,1.407,0,1.407,Normal,198.27,1698.85,83.7884,5.1684
2021-11-09,2021,11,Nov,Q4,Tue,1,9,FY21-22,0,0,0,1379.06,27462.69,141.37,13280.92,151.91,88307.75,0,0,-3.117799134,-0.959787025,14.50214819,7.0401,5.2266,1411.83,1379.63,-0.5736,0,0,Normal,199.14,1672.34,82.4629,4.7022
2021-11-10,2021,11,Nov,Q4,Wed,2,10,FY21-22,0,0,0,1403.76,27572.23,136.96,12894.96,133.46,87018.54,0,0,1.79107508,-3.119473721,-12.14534922,7.1553,5.2306,1376.98,1380.48,0.2477,0,0.2477,Normal,196.42,1674.18,83.8476,5.191
2021-11-11,2021,11,Nov,Q4,Thu,3,11,FY21-22,0,0,0,1369.69,26145.08,130.21,12090.55,114.61,77339.05,0,0,-2.427053058,-4.928446262,-14.12408212,5.3727,5.251,1367.68,1379.85,-0.458,0,0,Normal,190.88,1614.51,84.8363,5.5947
2021-11-12,2021,11,Nov,Q4,Fri,4,12,FY21-22,0,0,0,1363.32,25519.53,134.2,12183.92,133.2,96543.18,0,0,-0.465068738,3.064280777,16.22022511,4.4034,5.249,1373.01,1379.41,-0.1298,0,0,Normal,187.19,1630.72,83.6023,5.0984
2021-11-13,2021,11,Nov,Q4,Sat,5,13,FY21-22,1,0,0,1377.09,23325.29,127.02,10085.83,41.09,13391.17,0,0,1.010034328,-5.350223547,-69.15165165,4.3013,5.2167,1375.09,1380.84,0.117,0,0.117,Normal,169.38,1545.2,89.1205,8.1916
2021-11-14,2021,11,Nov,Q4,Sun,6,14,FY21-22,1,0,0,1344.94,18867.22,116.05,7406.04,24.38,5242.17,0,0,-2.334633176,-8.636435207,-40.66682891,4.0846,5.1499,1380.19,1383.38,-0.4426,0,0,Normal,140.28,1485.37,90.5458,9.5773
2021-11-15,2021,11,Nov,Q4,Mon,0,15,FY21-22,0,0,0,1373.07,27088.45,139.71,13079.54,138.71,108315.37,0,0,2.091543117,20.38776389,468.949959,2.1671,5.1571,1372.99,1386.31,0.298,0,0.298,Normal,197.28,1651.49,83.1413,4.9317
2021-11-16,2021,11,Nov,Q4,Tue,1,16,FY21-22,0,0,0,1381.59,27011.12,135.31,12486.58,118.65,86997,0,0,0.62050733,-3.14938086,-14.46182683,1.8499,4.9224,1373.35,1392.86,0.0518,0,0.0518,Normal,195.51,1635.55,84.4725,5.4402
2021-11-17,2021,11,Nov,Q4,Wed,2,17,FY21-22,0,0,0,1393.78,25755.18,133.87,12232.85,123.29,86161.48,0,0,0.882316751,-1.064222896,3.91066161,1.7349,4.257,1371.93,1394.39,0.0956,0,0.0956,Normal,184.79,1650.94,84.4234,5.4199
2021-11-18,2021,11,Nov,Q4,Thu,3,18,FY21-22,0,0,0,1348.21,25291.94,133.28,12026.31,118.26,118872.74,0,0,-3.269526037,-0.440726078,-4.079811826,1.9411,4.2682,1368.86,1395.68,-0.599,0,0,Normal,187.6,1599.75,84.2763,5.3598
2021-11-19,2021,11,Nov,Q4,Fri,4,19,FY21-22,0,0,0,1339.07,21545.81,121.71,9813.66,65.24,44682.35,0,0,-0.67793593,-8.680972389,-44.83341789,1.9475,4.2383,1365.39,1395.37,-0.1654,0,0,Normal,160.9,1526.02,87.7492,7.1627
2021-11-20,2021,11,Nov,Q4,Sat,5,20,FY21-22,1,0,0,1387.15,24225.89,131.89,11076.12,85.79,57242.06,0,0,3.590551652,8.364144277,31.49908032,2.4122,4.2774,1366.83,1397.26,0.5488,0,0.5488,Normal,174.65,1604.83,86.4359,6.3724
2021-11-21,2021,11,Nov,Q4,Sun,6,21,FY21-22,1,0,0,1313.9,18070.98,111.92,6930.82,26.9,5476.28,0,0,-5.280611325,-15.14140572,-68.64436415,3.0786,4.374,1362.4,1395.7,-0.9355,0,0,Normal,137.54,1452.72,90.4441,9.4648
2021-11-22,2021,11,Nov,Q4,Mon,0,22,FY21-22,0,0,0,1338.5,25248.75,134.15,12348.96,118.43,93096.26,0,0,1.872288606,19.86240172,340.260223,3.0513,4.3811,1357.46,1395.52,0.2613,0,0.2613,Normal,188.63,1591.08,84.1252,5.2993
2021-11-23,2021,11,Nov,Q4,Tue,1,23,FY21-22,0,0,0,1388.53,25616.77,135.87,12576.97,119.89,92209.13,0,0,3.737766156,1.282146851,1.232795744,3.4175,4.3701,1358.45,1398.66,0.5734,0,0.5734,Normal,184.49,1644.29,84.4456,5.429
2021-11-24,2021,11,Nov,Q4,Wed,2,24,FY21-22,0,0,0,1374.03,25221.2,137.56,12737.77,103.4,88344.43,0,0,-1.044269839,1.24383602,-13.75427475,3.4237,4.349,1355.63,1400.06,-0.2267,0,0,Normal,183.56,1614.99,85.0798,5.7023
2021-11-25,2021,11,Nov,Q4,Thu,3,25,FY21-22,0,0,0,1392.49,25459.92,133.68,12487.65,104.08,95940.18,0,0,1.343493228,-2.82058738,0.657640232,3.1574,4.3487,1361.95,1401.47,0.1728,0,0.1728,Normal,182.84,1630.25,85.4157,5.8567
2021-11-26,2021,11,Nov,Q4,Fri,4,26,FY21-22,0,0,0,1375.68,25509.28,134.1,12739.29,109.46,110546.14,0,0,-1.207189998,0.314183124,5.169100692,3.1966,4.3535,1367.18,1402.62,-0.254,0,0,Normal,185.43,1619.24,84.9584,5.6482
2021-11-27,2021,11,Nov,Q4,Sat,5,27,FY21-22,1,0,0,1342.41,22251.27,126.17,10147.34,40.59,14024.92,0,0,-2.418440335,-5.91349739,-62.9179609,3.0078,4.3713,1360.79,1401.99,-0.4566,0,0,Normal,165.76,1509.17,88.9502,8.05
2021-11-28,2021,11,Nov,Q4,Sun,6,28,FY21-22,1,1,0,1296.28,17817.14,115.36,7251.47,27.62,5635.52,0,0,-3.436357,-8.567805342,-31.95368317,2.5592,4.3958,1358.27,1398.8,-0.6269,0,0,Normal,137.45,1439.26,90.0657,9.0662
2021-11-29,2021,11,Nov,Q4,Mon,0,29,FY21-22,0,1,0,1369.41,26386.44,137.35,14000.18,144.26,134362.46,0,0,5.641528065,19.06206657,422.3026792,3.3374,4.3729,1362.69,1395.21,0.8919,0,0.8919,Normal,192.68,1651.02,82.9433,4.8628
2021-11-30,2021,11,Nov,Q4,Tue,1,30,FY21-22,0,1,0,1477.69,32270.36,157.95,17712.13,223.63,175069.22,0,0,7.907054863,14.99817983,55.01871621,4.2775,4.6129,1375.43,1395.49,1.2709,0,1.2709,Normal,218.38,1859.27,79.4769,3.8726
2021-12-01,2021,12,Dec,Q4,Wed,2,1,FY21-22,0,0,1,1531.04,33487.99,166.66,17732.59,253.05,125165.91,0,0,3.610364826,5.514403292,13.1556589,4.2741,4.4166,1397.86,1393.61,0.5521,0,0.5521,Normal,218.73,1950.75,78.4847,3.6479
2021-12-02,2021,12,Dec,Q4,Thu,3,2,FY21-22,0,0,1,1524.3,31446.32,155.11,15497.2,154.34,109545.33,0,0,-0.440223639,-6.930277211,-39.00810117,4.3468,4.3655,1416.69,1389.62,-0.1256,0,0,Normal,206.3,1833.75,83.1247,4.9258
2021-12-03,2021,12,Dec,Q4,Fri,4,3,FY21-22,0,0,1,1480.12,28800.98,151.76,14716.03,141.88,123838.48,0,0,-2.898379584,-2.159757591,-8.073085396,4.5565,4.3932,1431.61,1384.04,-0.5369,0,0,Normal,194.59,1773.76,83.4453,5.0406
2021-12-04,2021,12,Dec,Q4,Sat,5,4,FY21-22,1,0,0,1542.54,29534.27,151.06,14073.24,126.33,61524.48,0,0,4.21722563,-0.461254613,-10.95996617,4.3802,3.7589,1460.2,1387.63,0.6536,0,0.6536,Normal,191.47,1819.93,84.7582,5.5609
2021-12-05,2021,12,Dec,Q4,Sun,6,5,FY21-22,1,0,0,1478.36,23634.62,132.73,9465.51,33.86,7114.62,0,0,-4.160670064,-12.13425129,-73.19718198,4.5381,3.5577,1486.21,1392.71,-0.7481,0,0,Normal,159.87,1644.95,89.8726,8.8742
2021-12-06,2021,12,Dec,Q4,Mon,0,6,FY21-22,0,0,0,1488.74,30143.74,153.37,15209.9,150.64,105344.69,0,0,0.702129387,15.5503654,344.8907265,4.2491,3.531,1503.26,1396.92,0.0655,0,0.0655,Normal,202.48,1792.75,83.0423,4.897
2021-12-07,2021,12,Dec,Q4,Tue,1,7,FY21-22,0,0,0,1535.97,30111.47,151.08,14537.51,172.38,97398.31,0,0,3.172481427,-1.49312121,14.43175783,3.2853,3.4723,1511.58,1404.47,0.4788,0,0.4788,Normal,196.04,1859.43,82.6043,4.7486
2021-12-08,2021,12,Dec,Q4,Wed,2,8,FY21-22,0,0,0,1510.03,28889.73,149.91,13887.96,155.46,84758.21,0,0,-1.688835068,-0.774424146,-9.815523843,3.0803,3.1357,1508.58,1407.36,-0.3345,0,0,Normal,191.32,1815.4,83.1789,4.9449
2021-12-09,2021,12,Dec,Q4,Thu,3,9,FY21-22,0,0,0,1452.73,27977.02,146.65,13712.88,154.57,107789.5,0,0,-3.794626597,-2.174638116,-0.572494532,3.3783,3.1631,1498.36,1409.81,-0.6869,0,0,Normal,192.58,1753.95,82.8262,4.8228
2021-12-10,2021,12,Dec,Q4,Fri,4,10,FY21-22,0,0,0,1382.76,25540.08,148.15,13717.39,157.43,110951.36,0,0,-4.81644903,1.022843505,1.850294365,3.6585,3.278,1484.45,1409.11,-0.8578,0,0,Normal,184.7,1688.34,81.9006,4.525
2021-12-11,2021,12,Dec,Q4,Sat,5,11,FY21-22,1,0,0,1450.98,25827.58,136.82,10951.15,46.58,14428.03,0,0,4.933611039,-7.647654404,-70.41224671,3.8318,3.3643,1471.37,1411.82,0.7735,0,0.7735,Normal,178,1634.38,88.7786,7.9116
2021-12-12,2021,12,Dec,Q4,Sun,6,12,FY21-22,1,0,0,1392.11,20023.23,121.91,7657.16,29.3,5810.77,0,0,-4.057257853,-10.8975296,-37.09746672,3.8169,3.4532,1459.05,1412.78,-0.7308,0,0,Normal,143.83,1543.32,90.2023,9.2065
2021-12-13,2021,12,Dec,Q4,Mon,0,13,FY21-22,0,0,0,1407.12,26943.56,142.62,13918,146.35,107331,0,0,1.078219394,16.98794192,399.4880546,3.844,3.4539,1447.39,1413.78,0.1284,0,0.1284,Normal,191.48,1696.09,82.9626,4.8694
2021-12-14,2021,12,Dec,Q4,Tue,1,14,FY21-22,0,0,0,1484.81,28016.55,140.52,13409.54,125.69,98052.24,0,0,5.521206436,-1.472444257,-14.11684318,4.3158,3.5569,1440.08,1418.45,0.8718,0,0.8718,Normal,188.69,1751.02,84.7969,5.5776
2021-12-15,2021,12,Dec,Q4,Wed,2,15,FY21-22,0,0,0,1512.54,28838.73,143.32,13556.82,130.6,103217.92,0,0,1.867579017,1.992598918,3.906436471,4.3485,3.5534,1440.44,1423.1,0.2605,0,0.2605,Normal,190.66,1786.46,84.6669,5.5218
2021-12-16,2021,12,Dec,Q4,Thu,3,16,FY21-22,0,0,0,1456.96,26447.76,146.91,12445.24,111.26,117531.16,0,0,-3.674613564,2.504884175,-14.8085758,4.3308,3.6293,1441.04,1425.61,-0.6668,0,0,Normal,181.53,1715.13,84.9475,5.6434
2021-12-17,2021,12,Dec,Q4,Fri,4,17,FY21-22,0,0,0,1461.15,24999.17,131.7,11365.73,94.47,88486.93,0,0,0.287585109,-10.35327752,-15.09077836,3.7517,3.6273,1452.24,1427.85,-0.0039,0,0,Normal,171.09,1687.32,86.5959,6.4604
2021-12-18,2021,12,Dec,Q4,Sat,5,18,FY21-22,1,0,0,1451.23,24668.99,131.1,11197.18,97.64,66183.58,0,0,-0.678917291,-0.455580866,3.355562612,3.3072,3.5717,1452.27,1431.29,-0.1656,0,0,Normal,169.99,1679.97,86.3843,6.3445
2021-12-19,2021,12,Dec,Q4,Sun,6,19,FY21-22,1,0,0,1402.14,19087.16,115.82,6990.68,25.84,6280.37,0,0,-3.382647823,-11.65522502,-73.5354363,3.1748,3.6311,1453.71,1433.39,-0.6179,0,0,Normal,136.13,1543.8,90.8239,9.8979
2021-12-20,2021,12,Dec,Q4,Mon,0,20,FY21-22,0,0,0,1489.36,29184.65,141.56,14056,122.53,101714.46,0,0,6.220491534,22.22414091,374.1873065,3.9313,3.7453,1465.46,1436.8,0.9888,0,0.9888,Normal,195.95,1753.45,84.9388,5.6396
2021-12-21,2021,12,Dec,Q4,Tue,1,21,FY21-22,0,0,0,1467.81,27086.37,138.59,12916.5,120.15,102044.32,0,0,-1.446930225,-2.098050297,-1.942381458,3.4076,3.6112,1463.03,1441.93,-0.2941,0,0,Normal,184.54,1726.55,85.014,5.6729
2021-12-22,2021,12,Dec,Q4,Wed,2,22,FY21-22,0,0,0,1489.94,26892.86,141.44,12829.46,128.83,92890.43,0,0,1.507688325,2.056425428,7.224302955,3.3753,3.6068,1459.8,1446.98,0.2003,0,0.2003,Normal,180.5,1760.21,84.6456,5.5128
2021-12-23,2021,12,Dec,Q4,Thu,3,23,FY21-22,0,0,0,1494.64,26454.72,141.42,12749.34,113.63,103085.45,0,0,0.315448944,-0.014140271,-11.79849414,3.0002,3.5519,1465.18,1450.51,0.0008,0,0.0008,Normal,177,1749.69,85.4231,5.8602
2021-12-24,2021,12,Dec,Q4,Fri,4,24,FY21-22,0,0,0,1491.2,25817.61,146.76,12950.79,122.66,106670.24,0,0,-0.230155757,3.775986423,7.946845023,3.0099,3.5443,1469.47,1454.42,-0.0905,0,0,Normal,173.13,1760.62,84.6974,5.5349
2021-12-25,2021,12,Dec,Q4,Sat,5,25,FY21-22,1,0,0,1448.92,22122.87,132.69,9373.8,40.46,11717.68,0,0,-2.835300429,-9.587080948,-67.01451166,3.2324,3.5851,1469.14,1456.3,-0.5264,0,0,Normal,152.69,1622.07,89.3254,8.368
2021-12-26,2021,12,Dec,Q4,Sun,6,26,FY21-22,1,0,0,1357.26,17623.74,122.91,6909.57,28.37,5549.52,0,0,-6.326091158,-7.370562966,-29.88136431,3.8763,3.7711,1462.73,1455.69,-1.1104,0,0,Normal,129.85,1508.54,89.9718,8.9718
2021-12-27,2021,12,Dec,Q4,Mon,0,27,FY21-22,0,0,0,1436.37,26037.07,148.1,13560.56,120.33,111669.09,0,0,5.82865479,20.4946709,324.1452238,3.7661,3.8858,1455.16,1458.82,0.9232,0,0.9232,Normal,181.27,1704.8,84.2545,5.351
2021-12-28,2021,12,Dec,Q4,Tue,1,28,FY21-22,0,1,0,1445.59,26113.2,143.04,13058.13,143.03,105477.07,0,0,0.64189589,-3.416610398,18.8647885,3.7571,3.8215,1451.99,1463.79,0.0554,0,0.0554,Normal,180.64,1731.66,83.48,5.0533
2021-12-29,2021,12,Dec,Q4,Wed,2,29,FY21-22,0,1,0,1420.78,25271.47,142.73,13172.43,133.13,106636.93,0,0,-1.716254263,-0.216722595,-6.921624834,3.7165,3.7102,1442.11,1465.51,-0.3391,0,0,Normal,177.87,1696.64,83.7408,5.1504
2021-12-30,2021,12,Dec,Q4,Thu,3,30,FY21-22,0,1,0,1491.52,27540.86,146.54,13985.71,150.06,137370.84,0,0,4.978955222,2.669375744,12.71689326,4.2859,3.5346,1441.66,1465.97,0.781,0,0.781,Normal,184.65,1788.12,83.4127,5.0287
2021-12-31,2021,12,Dec,Q4,Fri,4,31,FY21-22,0,1,0,1683.97,32283.86,166.88,16807.43,232.52,199401.16,0,0,12.90294465,13.88016924,54.95135279,6.4643,4.1984,1469.2,1471.06,2.1068,1,2.1068,Elevated,191.71,2083.37,80.8291,4.2162
2022-01-01,2022,1,Jan,Q1,Sat,5,1,FY21-22,1,0,1,1585.27,27278.48,149.03,12307.74,188.64,82940.25,0,0,-5.861149545,-10.69630872,-18.87149493,6.9208,4.3498,1488.68,1473.1,-1.0326,0,0,Normal,172.07,1922.94,82.4399,4.6947
2022-01-02,2022,1,Jan,Q1,Sun,6,2,FY21-22,1,0,1,1531.66,24750.74,143.16,10121.7,41.28,8331.83,0,0,-3.381758312,-3.938804268,-78.11704835,6.4391,4.3626,1513.59,1474.82,-0.6178,0,0,Normal,161.59,1716.1,89.2524,8.3044
2022-01-03,2022,1,Jan,Q1,Mon,0,3,FY21-22,0,0,1,1614.87,32979.67,158.52,15630.76,177.02,100766.07,0,0,5.432667824,10.72925398,328.8275194,6.4006,4.4066,1539.09,1477.23,0.857,0,0.857,Normal,204.22,1950.41,82.7964,4.8127
2022-01-04,2022,1,Jan,Q1,Tue,1,4,FY21-22,0,0,0,1595.01,32214.37,157.25,15279.56,154.87,92624.1,0,0,-1.229820357,-0.801160737,-12.51271043,6.4981,4.3375,1560.44,1481.11,-0.2577,0,0,Normal,201.97,1907.13,83.634,5.1102
2022-01-05,2022,1,Jan,Q1,Wed,2,5,FY21-22,0,0,0,1591.71,31730.45,155.68,15165.83,163.13,95553.32,0,0,-0.206895255,-0.998410175,5.333505521,6.3944,4.3381,1584.86,1484.55,-0.0866,0,0,Normal,199.35,1910.52,83.3129,4.9927
2022-01-06,2022,1,Jan,Q1,Thu,3,6,FY21-22,0,0,0,1589.44,30771.67,150.84,14303.39,150.31,103625.59,0,0,-0.142613918,-3.108941418,-7.85876295,6.2623,4.3048,1598.85,1486.33,-0.0758,0,0,Normal,193.6,1890.59,84.0711,5.2779
2022-01-07,2022,1,Jan,Q1,Fri,4,7,FY21-22,0,0,0,1621.33,30569.5,156.43,14567.87,190.55,114379.32,0,0,2.006367022,3.705913551,26.77133923,3.6348,4.3017,1589.9,1490.04,0.2837,0,0.2837,Normal,188.55,1968.31,82.3717,4.6727
2022-01-08,2022,1,Jan,Q1,Sat,5,8,FY21-22,1,0,0,1547.07,26520.13,144.25,11449.65,56.32,15132.89,0,0,-4.580190338,-7.786230263,-70.44345316,3.3391,4.33,1584.44,1493.18,-0.8183,0,0,Normal,171.42,1747.64,88.5234,7.7134
2022-01-09,2022,1,Jan,Q1,Sun,6,9,FY21-22,1,0,0,1212.96,18265.68,121.56,8049.53,31.51,6075.03,0,0,-21.59630786,-15.72963605,-44.05184659,8.7894,5.8355,1538.91,1487.52,-3.6652,0,0,Normal,150.59,1366.03,88.7945,7.9242
2022-01-10,2022,1,Jan,Q1,Mon,0,10,FY21-22,0,0,0,1650.53,33273.67,158.64,15123.92,199.9,115594.68,0,0,36.0745614,30.50345508,534.4017772,17.2198,8.8054,1544.01,1494.18,5.9836,1,5.9836,Extreme,201.59,2009.07,82.1539,4.6035
2022-01-11,2022,1,Jan,Q1,Tue,1,11,FY21-22,0,0,0,1563.23,30052.59,155.9,13763.92,155.56,100758.89,0,0,-5.289210133,-1.727181039,-22.18109055,17.3935,8.8315,1539.47,1499.88,-0.9369,0,0,Normal,192.25,1874.69,83.3861,5.019
2022-01-12,2022,1,Jan,Q1,Wed,2,12,FY21-22,0,0,0,1590.55,30181.55,161.56,14189.86,143.16,96470.95,0,0,1.747663492,3.630532393,-7.971200823,17.3886,8.8333,1539.3,1505.99,0.2404,0,0.2404,Normal,189.76,1895.27,83.9221,5.2197
2022-01-13,2022,1,Jan,Q1,Thu,3,13,FY21-22,0,0,0,1565.06,28747.57,155.66,13415.42,146.58,110331.04,0,0,-1.602590299,-3.651894033,2.388935457,17.4157,8.7965,1535.82,1508.67,-0.3201,0,0,Normal,183.68,1867.3,83.8141,5.1782
2022-01-14,2022,1,Jan,Q1,Fri,4,14,FY21-22,0,0,0,1445.09,23852.4,135.34,10575.12,111.18,85563.62,0,0,-7.665520811,-13.05409225,-24.15063447,17.7008,8.9175,1510.64,1506.42,-1.3345,0,0,Normal,165.06,1691.61,85.4269,5.862
2022-01-15,2022,1,Jan,Q1,Sat,5,15,FY21-22,1,0,0,1378,21970.51,126.99,9354.3,73.7,42100.33,0,0,-4.642617415,-6.169646815,-33.71109912,17.7032,8.9338,1486.49,1503.79,-0.8287,0,0,Normal,159.44,1578.69,87.2876,6.8663
2022-01-16,2022,1,Jan,Q1,Sun,6,16,FY21-22,1,0,0,1311.22,18000.91,113.13,6568.23,26.45,5645.48,0,0,-4.846153846,-10.91424522,-64.11126187,15.3387,8.9805,1500.53,1498.79,-0.8628,0,0,Normal,137.28,1450.8,90.3791,9.394
2022-01-17,2022,1,Jan,Q1,Mon,0,17,FY21-22,0,0,0,1487.62,27641.24,144.44,12957.5,125.79,79195.49,0,0,13.45312,27.67612481,375.5765595,7.1555,9.3083,1477.25,1500,2.1989,1,2.1989,Elevated,185.81,1757.85,84.6272,5.505
2022-01-18,2022,1,Jan,Q1,Tue,1,18,FY21-22,0,0,0,1465.03,26732.97,140.75,13406.27,121.11,83324.24,0,0,-1.518532959,-2.554693991,-3.720486525,6.9406,9.2879,1463.22,1502.1,-0.306,0,0,Normal,182.47,1726.89,84.8363,5.5947
2022-01-19,2022,1,Jan,Q1,Wed,2,19,FY21-22,0,0,0,1501.62,27400.76,141.9,13320.48,125.74,91267.08,0,0,2.497559777,0.81705151,3.822970853,6.9908,9.234,1450.52,1502.51,0.3659,0,0.3659,Normal,182.47,1769.26,84.8728,5.6106
2022-01-20,2022,1,Jan,Q1,Thu,3,20,FY21-22,0,0,0,1459.3,27092.83,141.9,13090.65,117.76,102016.46,0,0,-2.818289581,0,-6.346429139,7.0343,9.2469,1435.41,1502.23,-0.5235,0,0,Normal,185.66,1718.96,84.8944,5.62
2022-01-21,2022,1,Jan,Q1,Fri,4,21,FY21-22,0,0,0,1477.4,26652.65,139.22,12839.56,127.68,104091.1,0,0,1.240320702,-1.888653982,8.423913043,6.3565,9.2459,1440.03,1501.81,0.1555,0,0.1555,Normal,180.4,1744.3,84.6987,5.5354
2022-01-22,2022,1,Jan,Q1,Sat,5,22,FY21-22,1,0,0,1422.39,23272.13,130.02,10107.84,50.04,14573.54,0,0,-3.723433058,-6.608245942,-60.80827068,6.2415,9.2758,1446.37,1499.4,-0.6749,0,0,Normal,163.61,1602.45,88.7635,7.8995
2022-01-23,2022,1,Jan,Q1,Sun,6,23,FY21-22,1,0,0,1317.35,17525.56,110.47,6576.66,27.66,5587.1,0,0,-7.38475383,-15.03614828,-44.72422062,6.6705,9.3792,1447.24,1493.6,-1.2875,0,0,Normal,133.04,1455.48,90.5097,9.537
2022-01-24,2022,1,Jan,Q1,Mon,0,24,FY21-22,0,0,0,1450.3,28414.48,143.05,13943.49,142.78,108276.11,0,0,10.09223061,29.49216982,416.1966739,5.5962,9.5409,1441.91,1493.65,1.6365,0,1.6365,Normal,195.92,1736.13,83.5364,5.074
2022-01-25,2022,1,Jan,Q1,Tue,1,25,FY21-22,0,0,0,1460.12,27920.07,142.26,14202.99,124.84,121643.14,0,0,0.677101289,-0.552254456,-12.56478498,5.5735,9.4557,1441.21,1497.08,0.0613,0,0.0613,Normal,191.22,1727.22,84.5358,5.4666
2022-01-26,2022,1,Jan,Q1,Wed,2,26,FY21-22,0,0,0,1404.28,21232.52,125.59,8902.79,37.05,11715.43,0,0,-3.824343205,-11.71798116,-70.32201218,5.6289,9.4374,1427.31,1496.01,-0.6918,0,0,Normal,151.2,1566.92,89.6204,8.6343
2022-01-27,2022,1,Jan,Q1,Thu,3,27,FY21-22,0,0,0,1437.6,27360.06,136.4,13688.2,115.91,110878.58,0,0,2.372746176,8.607373199,212.8475034,5.6636,9.4447,1424.21,1495.74,0.345,0,0.345,Normal,190.32,1689.91,85.0696,5.6978
2022-01-28,2022,1,Jan,Q1,Fri,4,28,FY21-22,0,1,0,1454.86,26942.28,141.3,14242.94,146.23,143896.44,0,0,1.200612131,3.592375367,26.15822621,5.6621,9.4374,1420.99,1496.88,0.1489,0,0.1489,Normal,185.19,1742.39,83.498,5.0599
2022-01-29,2022,1,Jan,Q1,Sat,5,29,FY21-22,1,1,0,1390.55,24872.5,132.01,12531.03,103.64,74313.1,0,0,-4.420356598,-6.574663836,-29.12535048,5.7423,9.4389,1416.44,1493.51,-0.7915,0,0,Normal,178.87,1626.2,85.5092,5.9009
2022-01-30,2022,1,Jan,Q1,Sun,6,30,FY21-22,1,1,0,1437.84,21176.51,122.53,8141.01,33,8522.53,0,0,3.400812628,-7.181274146,-68.15901196,4.8687,9.1518,1433.65,1485.31,0.517,0,0.517,Normal,147.28,1593.37,90.2389,9.2448
2022-01-31,2022,1,Jan,Q1,Mon,0,31,FY21-22,0,1,0,1612.3,36596.64,165.95,19188.54,219.63,207492.08,0,0,12.13347799,35.4362197,565.5454545,5.4994,9.3521,1456.79,1486.21,1.9781,0,1.9781,Normal,226.98,1997.88,80.7005,4.1815
2022-02-01,2022,2,Feb,Q1,Tue,1,1,FY21-22,0,0,1,1727.27,38167.32,178.82,19369.97,251.54,139764.41,0,0,7.130806922,7.755347996,14.52898056,5.8398,9.4005,1494.96,1492.73,1.1411,0,1.1411,Normal,220.97,2157.63,80.054,4.0135
2022-02-02,2022,2,Feb,Q1,Wed,2,2,FY21-22,0,0,1,1666.46,34757.09,166.35,17019.23,166.88,107181.78,0,0,-3.520584506,-6.973492898,-33.65667488,5.7852,9.3904,1532.41,1494.45,-0.641,0,0,Normal,208.57,1999.69,83.3359,5.0009
2022-02-03,2022,2,Feb,Q1,Thu,3,3,FY21-22,0,0,1,1646.71,33265.3,158.45,15962.18,158.75,98253.44,0,0,-1.185146958,-4.749023144,-4.871764142,5.9635,9.3901,1562.28,1496.17,-0.2503,0,0,Normal,202.01,1963.91,83.8485,5.1914
2022-02-04,2022,2,Feb,Q1,Fri,4,4,FY21-22,0,0,0,1622.84,32036.03,154.44,15223.57,158.73,100325.21,0,0,-1.449556995,-2.530766803,-0.012598425,6.1128,9.3961,1586.28,1497.21,-0.2945,0,0,Normal,197.41,1936.01,83.8239,5.182
2022-02-05,2022,2,Feb,Q1,Sat,5,5,FY21-22,1,0,0,1655.22,31339.7,152.01,13673.29,127.42,65151.71,0,0,1.995267556,-1.573426573,-19.72531973,5.4863,9.3995,1624.09,1499.4,0.2818,0,0.2818,Normal,189.34,1934.65,85.5566,5.9236
2022-02-06,2022,2,Feb,Q1,Sun,6,6,FY21-22,1,0,0,1549.3,23445.48,132.87,8996.76,37.01,7543.85,0,0,-6.399149358,-12.59127689,-70.95432428,6.4301,9.479,1640.01,1497,-1.1226,0,0,Normal,151.33,1719.18,90.1185,9.12
2022-02-07,2022,2,Feb,Q1,Mon,0,7,FY21-22,0,0,0,1664.91,33670.85,161.31,15636.93,166.29,100480.57,0,0,7.462079649,21.40438022,349.310997,5.2446,9.5222,1647.53,1500.93,1.1965,0,1.1965,Normal,202.24,1992.51,83.5584,5.0821
2022-02-08,2022,2,Feb,Q1,Tue,1,8,FY21-22,0,0,0,1667.98,32682.18,160.62,15334.79,173.51,108299.56,0,0,0.184394352,-0.427747815,4.341812496,4.3844,8.5477,1639.06,1516.1,-0.0211,0,0,Normal,195.94,2002.11,83.3111,4.992
2022-02-09,2022,2,Feb,Q1,Wed,2,9,FY21-22,0,0,0,1718.83,32468.47,157.92,14759.67,165.24,94858.9,0,0,3.048597705,-1.680986179,-4.766295891,4.3115,5.5133,1646.54,1518.37,0.4581,0,0.4581,Normal,188.9,2041.99,84.1743,5.3188
2022-02-10,2022,2,Feb,Q1,Thu,3,10,FY21-22,0,0,0,1646.32,31703.55,156.63,14727.25,141.8,118502.19,0,0,-4.218567281,-0.816869301,-14.18542726,4.6509,5.4794,1646.49,1521.14,-0.7578,0,0,Normal,192.57,1944.75,84.6546,5.5166
2022-02-11,2022,2,Feb,Q1,Fri,4,11,FY21-22,0,0,0,1665.02,30697,153.54,14181.86,150.48,109736.56,0,0,1.13586666,-1.972802145,6.121297602,4.6108,5.475,1652.51,1523.63,0.1381,0,0.1381,Normal,184.36,1969.04,84.56,5.4767
2022-02-12,2022,2,Feb,Q1,Sat,5,12,FY21-22,1,0,0,1632.81,27942.54,142.97,11509.32,56.74,16665.51,0,0,-1.934511297,-6.884199557,-62.29399256,4.6317,5.4793,1649.31,1525.88,-0.3756,0,0,Normal,171.13,1832.52,89.1019,8.1759
2022-02-13,2022,2,Feb,Q1,Sun,6,13,FY21-22,1,0,0,1588.4,22271.87,134.11,8176.36,45.3,8521.56,0,0,-2.719851054,-6.197104288,-20.16214311,3.9578,5.3035,1654.9,1530.66,-0.507,0,0,Normal,140.22,1767.81,89.8513,8.8535
2022-02-14,2022,2,Feb,Q1,Mon,0,14,FY21-22,0,0,0,1675.9,32609.4,158.89,15458.98,173.91,118836.61,0,0,5.508687988,18.47736932,283.9072848,3.4097,5.2914,1656.47,1540.59,0.8697,0,0.8697,Normal,194.58,2008.7,83.4321,5.0358
2022-02-15,2022,2,Feb,Q1,Tue,1,15,FY21-22,0,0,0,1649.61,31888.77,156.09,15215.25,158.82,127204.07,0,0,-1.56870935,-1.762225439,-8.676901846,3.47,5.2042,1653.84,1551.87,-0.3144,0,0,Normal,193.31,1964.52,83.9701,5.2384
2022-02-16,2022,2,Feb,Q1,Wed,2,16,FY21-22,0,0,0,1653.18,30212.49,144.11,13404.45,141.28,97855.06,0,0,0.216414789,-7.675059261,-11.04394912,3.195,4.6325,1644.46,1557.39,-0.0158,0,0,Normal,182.75,1938.57,85.2783,5.7927
2022-02-17,2022,2,Feb,Q1,Thu,3,17,FY21-22,0,0,0,1599.93,29053.85,152.32,13756.7,129.96,99155.57,0,0,-3.221064857,5.697036986,-8.012457531,3.0195,4.6678,1637.84,1561.89,-0.5909,0,0,Normal,181.59,1882.21,85.0027,5.6679
2022-02-18,2022,2,Feb,Q1,Fri,4,18,FY21-22,0,0,0,1610.88,27226.8,148.34,13036.44,124.5,111641.82,0,0,0.684404943,-2.612920168,-4.201292705,2.9867,4.6514,1630.1,1565.53,0.0625,0,0.0625,Normal,169.02,1883.72,85.5159,5.9041
2022-02-19,2022,2,Feb,Q1,Sat,5,19,FY21-22,1,0,0,1558.32,25778.25,142.31,11451.13,89.32,49604.14,0,0,-3.262812872,-4.064985843,-28.25702811,3.1364,4.6625,1619.46,1568.83,-0.5979,0,0,Normal,165.42,1789.95,87.0594,6.7276
2022-02-20,2022,2,Feb,Q1,Sun,6,20,FY21-22,1,0,0,1549.44,21128.33,128.67,7588.32,29.28,6453.72,0,0,-0.569844448,-9.584709437,-67.21898791,2.9991,4.6619,1613.89,1571.23,-0.1473,0,0,Normal,136.36,1707.39,90.749,9.8097
2022-02-21,2022,2,Feb,Q1,Mon,0,21,FY21-22,0,0,0,1578.14,29480.41,152.87,14201.65,123.59,97764.95,0,0,1.852282115,18.80780291,322.0969945,1.9507,4.6084,1599.93,1576.42,0.2579,0,0.2579,Normal,186.8,1854.6,85.0933,5.7084
2022-02-22,2022,2,Feb,Q1,Tue,1,22,FY21-22,0,0,0,1474.01,27023.99,137.32,13512.18,121.16,92086.53,0,0,-6.598273917,-10.1720416,-1.966178493,2.94,4.5643,1574.84,1581.64,-1.1559,0,0,Normal,183.34,1732.49,85.0804,5.7026
2022-02-23,2022,2,Feb,Q1,Wed,2,23,FY21-22,0,0,0,1421.16,24444.21,135.56,12789.1,122.62,92293.73,0,0,-3.585457358,-1.281677833,1.205018158,2.9087,4.2422,1541.7,1580.67,-0.6519,0,0,Normal,172,1679.34,84.6261,5.5045
2022-02-24,2022,2,Feb,Q1,Thu,3,24,FY21-22,0,0,0,1679.23,32003.16,150.2,14883.76,118.27,104306.72,0,0,18.15910946,10.79964591,-3.547545262,8.1101,5.3832,1553.03,1587.98,2.9862,1,2.9862,Elevated,190.58,1947.7,86.216,6.2548
2022-02-25,2022,2,Feb,Q1,Fri,4,25,FY21-22,0,0,0,1599.27,29271.51,151.48,15010.1,139.28,151421.16,0,0,-4.761706258,0.852197071,17.7644373,8.3965,5.4124,1551.37,1594.48,-0.8487,0,0,Normal,183.03,1890.03,84.6161,5.5003
2022-02-26,2022,2,Feb,Q1,Sat,5,26,FY21-22,1,0,0,1606.8,26149.22,144.19,12022.18,51.5,19612.08,0,0,0.470839821,-4.812516504,-63.02412407,8.2591,5.4016,1558.29,1600.12,0.0268,0,0.0268,Normal,162.74,1802.49,89.1434,8.2109
2022-02-27,2022,2,Feb,Q1,Sun,6,27,FY21-22,1,0,0,1572.88,21228.83,130.64,8409.5,33.06,7656.67,0,0,-2.11102813,-9.397322977,-35.80582524,8.3192,5.4208,1561.64,1604.05,-0.4052,0,0,Normal,134.97,1736.58,90.5734,9.6083
2022-02-28,2022,2,Feb,Q1,Mon,0,28,FY21-22,0,1,0,1594.07,34896.42,166.28,19093.12,276.34,225880.45,0,0,1.347210213,27.28107777,735.8741682,8.3076,5.3458,1563.92,1610.83,0.1734,0,0.1734,Normal,218.91,2036.69,78.2677,3.6014
2022-03-01,2022,3,Mar,Q1,Tue,1,1,FY21-22,0,0,1,1711.64,33758.22,169.68,16344.07,165.34,64656.03,0,0,7.3754603,2.044743806,-40.1679091,8.0146,5.4659,1597.86,1619.96,1.182,0,1.182,Normal,197.23,2046.66,83.6309,5.1091
2022-03-02,2022,3,Mar,Q1,Wed,2,2,FY21-22,0,0,1,1794.57,37033.35,176.66,18754.02,213.79,134181.57,0,0,4.845060877,4.113625648,29.3032539,7.5847,5.0901,1651.21,1626.04,0.7586,0,0.7586,Normal,206.36,2185.02,82.1306,4.5962
2022-03-03,2022,3,Mar,Q1,Thu,3,3,FY21-22,0,0,1,1794.51,36252.3,168.11,17976.05,174.41,114353.7,0,0,-0.003343419,-4.839805276,-18.41994481,4.0766,4.9328,1667.68,1628.28,-0.0525,0,0,Normal,202.02,2137.03,83.9721,5.2391
2022-03-04,2022,3,Mar,Q1,Fri,4,4,FY21-22,0,0,0,1779.04,35210.29,167.14,17345.13,176.69,120542.42,0,0,-0.862073769,-0.577003153,1.307264492,3.3573,4.8866,1693.36,1632.03,-0.1962,0,0,Normal,197.92,2122.87,83.8035,5.1742
2022-03-05,2022,3,Mar,Q1,Sat,5,5,FY21-22,1,0,0,1840.21,35370.65,166.2,16004.65,134.13,77498.91,0,0,3.438371256,-0.562402776,-24.08738469,3.3811,4.9101,1726.7,1638.48,0.5233,0,0.5233,Normal,192.21,2140.54,85.9694,6.1273
2022-03-06,2022,3,Mar,Q1,Sun,6,6,FY21-22,1,0,0,1725.69,26113.76,144.1,10319.81,35.69,9145.24,0,0,-6.223202787,-13.29723225,-73.39148587,4.4146,5.0502,1748.53,1641.91,-1.0932,0,0,Normal,151.32,1905.48,90.5646,9.5984
2022-03-07,2022,3,Mar,Q1,Mon,0,7,FY21-22,0,0,0,1817.79,37285.22,172.24,18699.64,207.4,136179.02,0,0,5.336995637,19.52810548,481.1151583,4.6551,5.1246,1780.49,1647.33,0.841,0,0.841,Normal,205.11,2197.43,82.7235,4.7882
2022-03-08,2022,3,Mar,Q1,Tue,1,8,FY21-22,0,0,0,1793.65,34545.89,167.14,17029.9,188.38,113988.22,0,0,-1.327986181,-2.960984673,-9.170684667,4.1058,4.9728,1792.21,1655.47,-0.2742,0,0,Normal,192.6,2149.17,83.4578,5.0451
2022-03-09,2022,3,Mar,Q1,Wed,2,9,FY21-22,0,0,0,1808.25,34882.05,168.25,17061.34,202.71,102376.17,0,0,0.813982661,0.664113916,7.606964646,3.697,4.8018,1794.16,1660.25,0.0842,0,0.0842,Normal,192.91,2179.21,82.9773,4.8745
2022-03-10,2022,3,Mar,Q1,Thu,3,10,FY21-22,0,0,0,1815.4,34890.75,165.7,16653.29,180.5,118838.39,0,0,0.395409927,-1.515601783,-10.9565389,3.697,4.8017,1797.15,1665.17,0.0142,0,0.0142,Normal,192.19,2161.6,83.9841,5.2438
2022-03-11,2022,3,Mar,Q1,Fri,4,11,FY21-22,0,0,0,1783.45,32377.05,164.15,15892.36,155.5,124811.21,0,0,-1.759942712,-0.935425468,-13.85041551,3.7561,4.7901,1797.78,1667.32,-0.3464,0,0,Normal,181.54,2103.1,84.801,5.5794
2022-03-12,2022,3,Mar,Q1,Sat,5,12,FY21-22,1,0,0,1765.19,29318.33,154.5,12790.74,50.94,17380.13,0,0,-1.023858252,-5.878769418,-67.24115756,3.4614,4.7229,1787.06,1671.28,-0.2233,0,0,Normal,166.09,1970.63,89.5749,8.5922
2022-03-13,2022,3,Mar,Q1,Sun,6,13,FY21-22,1,0,0,1704.03,23152.81,136.8,8639.46,31.52,6899.62,0,0,-3.464782828,-11.45631068,-38.12328229,2.8007,4.7704,1783.97,1672.58,-0.6317,0,0,Normal,135.87,1872.35,91.0102,10.1238
2022-03-14,2022,3,Mar,Q1,Mon,0,14,FY21-22,0,0,0,1774.35,33957.67,167.44,16877.23,165.55,134456.25,0,0,4.12668791,22.39766082,425.2220812,2.4168,4.8059,1777.76,1677.3,0.6385,0,0.6385,Normal,191.38,2107.34,84.1986,5.3285
2022-03-15,2022,3,Mar,Q1,Tue,1,15,FY21-22,0,0,0,1766.92,33340.64,161.86,16888.16,154.38,134874.06,0,0,-0.418744892,-3.332537028,-6.747206282,2.3777,4.7729,1773.94,1683.25,-0.122,0,0,Normal,188.69,2083.16,84.8192,5.5873
2022-03-16,2022,3,Mar,Q1,Wed,2,16,FY21-22,0,0,0,1804.56,33221.88,164.19,15823.38,159.68,127139.39,0,0,2.130260566,1.439515631,3.433087187,2.5183,4.6888,1773.41,1687.54,0.3044,0,0.3044,Normal,184.1,2128.43,84.7836,5.5719
2022-03-17,2022,3,Mar,Q1,Thu,3,17,FY21-22,0,0,0,1807.54,31166.73,164.97,14806.91,139,125831.79,0,0,0.165137208,0.475059382,-12.9509018,2.5137,4.675,1772.29,1692.8,-0.0243,0,0,Normal,172.43,2111.51,85.6041,5.9464
2022-03-18,2022,3,Mar,Q1,Fri,4,18,FY21-22,0,0,0,1489.27,18869.04,109.2,7777.11,54.72,35177.16,0,0,-17.60790909,-33.80614657,-60.63309353,7.1631,5.7165,1730.27,1687.34,-2.998,0,0,Normal,126.7,1653.19,90.0846,9.0853
2022-03-19,2022,3,Mar,Q1,Sat,5,19,FY21-22,1,0,0,1644.78,25247.27,133.28,11049.95,75.57,54206.9,0,0,10.44202864,22.05128205,38.10307018,8.6582,6.0037,1713.06,1688.83,1.6951,0,1.6951,Normal,153.5,1853.63,88.7329,7.8754
2022-03-20,2022,3,Mar,Q1,Sun,6,20,FY21-22,1,0,0,1588.62,21237.31,126.84,7751.55,27.57,7239.04,0,0,-3.414438405,-4.831932773,-63.51726876,8.6555,6.0404,1696.58,1688.09,-0.6232,0,0,Normal,133.68,1743.03,91.1413,10.2883
2022-03-21,2022,3,Mar,Q1,Mon,0,21,FY21-22,0,0,0,1722.99,31841.8,151.98,15295.33,129.32,119046.91,0,0,8.458284549,19.82024598,369.0605731,9.1925,6.1905,1689.24,1693.58,1.3632,0,1.3632,Normal,184.81,2004.29,85.9651,6.1251
2022-03-22,2022,3,Mar,Q1,Tue,1,22,FY21-22,0,0,0,1673.03,29566.9,149.37,14339.26,131.81,114756.19,0,0,-2.899610561,-1.717331228,1.925456233,9.2573,6.2192,1675.83,1697.7,-0.5371,0,0,Normal,176.73,1954.21,85.6116,5.95
2022-03-23,2022,3,Mar,Q1,Wed,2,23,FY21-22,0,0,0,1698.64,29859.79,153.78,14710.78,144.13,118399.41,0,0,1.530755575,2.95240008,9.346787042,9.2329,6.217,1660.7,1701.72,0.2041,0,0.2041,Normal,175.79,1996.55,85.0788,5.7019
2022-03-24,2022,3,Mar,Q1,Thu,3,24,FY21-22,0,0,0,1695.82,29588.27,151.91,14673.37,133.86,151614.95,0,0,-0.166015165,-1.21602289,-7.125511691,9.2299,6.0755,1644.74,1709.11,-0.0798,0,0,Normal,174.48,1981.59,85.5788,5.9342
2022-03-25,2022,3,Mar,Q1,Fri,4,25,FY21-22,0,0,0,1709.3,29741.97,152.02,14748.39,143.89,163415.64,0,0,0.794895685,0.072411296,7.492903033,5.3632,6.0227,1676.17,1718.72,0.081,0,0.081,Normal,174,2005.21,85.2429,5.7764
2022-03-26,2022,3,Mar,Q1,Sat,5,26,FY21-22,1,0,0,1760.5,27909.08,161.67,12952.75,56.84,23271.49,0,0,2.995378225,6.347848967,-60.49760234,3.9994,5.077,1692.7,1721.43,0.4492,0,0.4492,Normal,158.53,1979.01,88.9586,8.0568
2022-03-27,2022,3,Mar,Q1,Sun,6,27,FY21-22,1,0,0,1708.97,21937.12,147.22,8583,31.78,7945.26,0,0,-2.927009372,-8.937960042,-44.08866995,3.9122,5.0249,1709.89,1725.08,-0.5417,0,0,Normal,128.36,1887.97,90.5189,9.5473
2022-03-28,2022,3,Mar,Q1,Mon,0,28,FY21-22,0,1,0,1713.71,30755.25,166.02,16003.54,204.34,216612.78,0,0,0.277360047,12.77000408,542.9830082,2.1987,5.0248,1708.57,1728.65,-0.0056,0,0,Normal,179.47,2084.07,82.229,4.6271
2022-03-29,2022,3,Mar,Q1,Tue,1,29,FY21-22,0,1,0,1716.2,29737.75,172.75,15638.14,138.43,160630.3,0,0,0.145298796,4.053728466,-32.25506509,1.8091,5.0037,1714.73,1733.42,-0.0277,0,0,Normal,173.28,2027.38,84.6511,5.5151
2022-03-30,2022,3,Mar,Q1,Wed,2,30,FY21-22,0,1,0,1771.98,33222.54,175.06,18028.03,214.98,284601.43,0,0,3.250203939,1.337192475,55.29870693,2.087,5.0279,1725.21,1739.35,0.4918,0,0.4918,Normal,187.49,2162.02,81.9595,4.5431
2022-03-31,2022,3,Mar,Q1,Thu,3,31,FY21-22,0,1,0,1875.91,39189.99,189.78,22821.47,291.34,372508.64,0,0,5.865190352,8.408545641,35.51958322,2.8219,4.9636,1750.94,1744.83,0.9293,0,0.9293,Normal,208.91,2357.03,79.5879,3.899
2022-04-01,2022,4,Apr,Q2,Fri,4,1,FY22-23,0,0,1,1759.96,31501.34,167.83,15563.18,64.57,27958.68,0,0,-6.181000155,-11.56602382,-77.8368916,4.0647,5.0332,1758.18,1743.68,-1.0861,0,0,Normal,178.99,1992.36,88.3354,7.573
2022-04-02,2022,4,Apr,Q2,Sat,5,2,FY22-23,1,0,1,1904.37,34305.57,161.16,15625.53,175.51,87296.16,0,0,8.20530012,-3.974259668,171.8135357,4.9751,5.248,1778.73,1747.34,1.3208,0,1.3208,Normal,180.14,2241.04,84.9771,5.6565
2022-04-03,2022,4,Apr,Q2,Sun,6,3,FY22-23,1,0,1,1816.66,28996.32,157.35,12065.23,38.1,10243.21,0,0,-4.605722627,-2.364110201,-78.29183522,5.2423,5.3215,1794.11,1748.59,-0.8226,0,0,Normal,159.61,2012.11,90.2863,9.2948
2022-04-04,2022,4,Apr,Q2,Mon,0,4,FY22-23,0,0,0,1932.97,41530.22,181.1,20233.82,184.14,139144.16,0,0,6.402408816,15.09374007,383.3070866,5.6017,5.4102,1825.44,1751.68,1.0192,0,1.0192,Normal,214.85,2298.21,84.1076,5.2923
2022-04-05,2022,4,Apr,Q2,Tue,1,5,FY22-23,0,0,0,1934.18,39370.19,175.89,18865.01,155.24,110471.58,0,0,0.062597971,-2.876863611,-15.69458021,5.606,5.2683,1856.58,1758.63,-0.0415,0,0,Normal,203.55,2265.31,85.3826,5.8412
2022-04-06,2022,4,Apr,Q2,Wed,2,6,FY22-23,0,0,0,1892.45,37401.11,166.57,17620.58,168.85,101475.19,0,0,-2.157503438,-5.298766274,8.767070343,5.7527,5.2094,1873.79,1761.12,-0.4129,0,0,Normal,197.63,2227.87,84.9444,5.642
2022-04-07,2022,4,Apr,Q2,Thu,3,7,FY22-23,0,0,0,1924.91,37184.6,165.42,17187.21,199.36,112598.49,0,0,1.715236862,-0.690400432,18.06929227,5.3797,5.2068,1880.79,1765.5,0.235,0,0.235,Normal,193.18,2289.69,84.0686,5.2769
2022-04-08,2022,4,Apr,Q2,Fri,4,8,FY22-23,0,0,0,1915.95,35133.63,161.05,16035.15,185.41,114509.29,0,0,-0.465476308,-2.641760368,-6.997391653,4.5711,5.2083,1903.07,1769.09,-0.1299,0,0,Normal,183.37,2262.41,84.6862,5.5301
2022-04-09,2022,4,Apr,Q2,Sat,5,9,FY22-23,1,0,0,1963.77,33429.07,158.53,13540.64,58.19,17312.01,0,0,2.495889767,-1.56473145,-68.61550078,3.525,5.2233,1911.56,1774.03,0.3656,0,0.3656,Normal,170.23,2180.49,90.0609,9.0613
2022-04-10,2022,4,Apr,Q2,Sun,6,10,FY22-23,1,0,0,1829.57,26380.29,141.46,9360.26,35.32,7725.14,0,0,-6.833794182,-10.76767804,-39.30228562,4.1135,5.3756,1913.4,1775.57,-1.1953,0,0,Normal,144.19,2006.35,91.189,10.3494
2022-04-11,2022,4,Apr,Q2,Mon,0,11,FY22-23,0,0,0,1920.92,37147.71,169.77,17005.59,188.95,118667.86,0,0,4.992976492,20.01272445,434.9660249,3.7787,5.4391,1911.68,1780.76,0.7834,0,0.7834,Normal,193.38,2279.64,84.2642,5.3549
2022-04-12,2022,4,Apr,Q2,Tue,1,12,FY22-23,0,0,0,1934.32,36141.16,165.47,16331.24,149.47,102029.62,0,0,0.697582408,-2.532838546,-20.89441651,3.7888,5.3891,1911.7,1788.44,0.0647,0,0.0647,Normal,186.84,2249.26,85.9981,6.1419
2022-04-13,2022,4,Apr,Q2,Wed,2,13,FY22-23,0,0,0,1959.35,35735.22,161.51,15860.94,166.32,175103,0,0,1.293994789,-2.393183054,11.27316518,3.6745,5.3493,1921.26,1794.6,0.1645,0,0.1645,Normal,182.38,2287.18,85.6666,5.9767
2022-04-14,2022,4,Apr,Q2,Thu,3,14,FY22-23,0,0,0,1854.34,30183.26,149.41,12183.24,60.53,28554.34,0,0,-5.359430423,-7.491796174,-63.60630111,4.2332,5.4528,1911.17,1797.52,-0.9487,0,0,Normal,162.77,2064.28,89.8299,8.8327
2022-04-15,2022,4,Apr,Q2,Fri,4,15,FY22-23,0,0,0,1807.44,28138.64,142.48,11059.19,55.95,24848.22,0,0,-2.529201765,-4.638243759,-7.566495952,4.3053,5.4655,1895.67,1797.61,-0.4751,0,0,Normal,155.68,2005.87,90.1075,9.1087
2022-04-16,2022,4,Apr,Q2,Sat,5,16,FY22-23,1,0,0,1847.21,30322.18,146.96,12899.87,109.48,73354.03,0,0,2.200349666,3.144300955,95.67470956,4.2695,5.4783,1879.02,1798.94,0.3162,0,0.3162,Normal,164.15,2103.65,87.8098,7.2033
2022-04-17,2022,4,Apr,Q2,Sun,6,17,FY22-23,1,0,0,1776.11,23899.87,133.35,8399.45,35.29,7801.63,0,0,-3.849048024,-9.261023408,-67.76580197,3.6728,4.4048,1871.38,1808.5,-0.696,0,0,Normal,134.56,1944.75,91.3284,10.532
2022-04-18,2022,4,Apr,Q2,Mon,0,18,FY22-23,0,0,0,1847.09,34476.4,158.26,15858.38,129.46,104016.67,0,0,3.996374098,18.68016498,266.846132,3.4426,4.0557,1860.84,1815.24,0.6167,0,0.6167,Normal,186.65,2134.81,86.5225,6.4197
2022-04-19,2022,4,Apr,Q2,Tue,1,19,FY22-23,0,0,0,1848.4,33348.27,155.54,15475.27,122.7,106669.18,0,0,0.07092237,-1.718690762,-5.221690097,3.4141,3.9901,1848.56,1823.9,-0.0401,0,0,Normal,180.42,2126.64,86.9165,6.6432
2022-04-20,2022,4,Apr,Q2,Wed,2,20,FY22-23,0,0,0,1863.96,33512.38,156.88,15382.12,133.09,99611.59,0,0,0.841809132,0.861514723,8.467807661,3.3764,3.7037,1834.94,1828.6,0.0889,0,0.0889,Normal,179.79,2153.93,86.5376,6.4281
2022-04-21,2022,4,Apr,Q2,Thu,3,21,FY22-23,0,0,0,1833.63,31649.72,148.29,14405,131.22,91963.35,0,0,-1.627180841,-5.475522693,-1.405064242,2.7469,3.6726,1831.98,1833.95,-0.3242,0,0,Normal,172.61,2113.14,86.7728,6.5602
2022-04-22,2022,4,Apr,Q2,Fri,4,22,FY22-23,0,0,0,1841.32,30687.21,149.83,14092.2,140.66,103915.59,0,0,0.419386681,1.038505631,7.194025301,2.5352,3.6661,1836.82,1838.71,0.0182,0,0.0182,Normal,166.66,2131.81,86.3736,6.3387
2022-04-23,2022,4,Apr,Q2,Sat,5,23,FY22-23,1,0,0,1830.43,28361.39,150.61,12225.16,57.67,17179.91,0,0,-0.591423544,0.520590002,-59.00042656,2.4012,3.6689,1834.42,1843.2,-0.1509,0,0,Normal,154.94,2038.71,89.7837,8.7883
2022-04-24,2022,4,Apr,Q2,Sun,6,24,FY22-23,1,0,0,1679.09,22341.42,132.29,8420.43,37.22,7198.45,0,0,-8.2680026,-12.16386694,-35.46037801,3.7509,3.9877,1820.56,1842.19,-1.4353,0,0,Normal,133.06,1848.6,90.8304,9.9056
2022-04-25,2022,4,Apr,Q2,Mon,0,25,FY22-23,0,0,0,1821.6,33631.18,156.49,15902.42,157.83,119535.71,0,0,8.487335402,18.29314385,324.0462117,4.9027,4.2468,1816.92,1844.23,1.368,0,1.368,Normal,184.62,2135.92,85.2841,5.7954
2022-04-26,2022,4,Apr,Q2,Tue,1,26,FY22-23,0,0,0,1820.41,32293.94,153.2,15379.11,139,98089.17,0,0,-0.065327185,-2.102370759,-11.9305582,4.9022,4.2061,1812.92,1847.94,-0.0629,0,0,Normal,177.4,2112.61,86.1688,6.23
2022-04-27,2022,4,Apr,Q2,Wed,2,27,FY22-23,0,0,0,1832.81,32147.43,157.38,15841.26,125.84,97693.84,0,0,0.681165232,2.72845953,-9.467625899,4.8973,4.2066,1808.47,1851.91,0.062,0,0.062,Normal,175.4,2116.03,86.6155,6.4713
2022-04-28,2022,4,Apr,Q2,Thu,3,28,FY22-23,0,1,0,1814.81,31645.31,152.75,15614.75,154.37,114806.77,0,0,-0.982098526,-2.941924006,22.67164654,4.8706,4.2132,1805.78,1855.2,-0.2163,0,0,Normal,174.37,2121.93,85.5264,5.9091
2022-04-29,2022,4,Apr,Q2,Fri,4,29,FY22-23,0,1,0,1849.56,34089.13,162.51,17462.32,202.18,166312.03,0,0,1.914800998,6.389525368,30.9710436,4.9269,4.1876,1806.96,1857.78,0.2684,0,0.2684,Normal,184.31,2214.25,83.5299,5.0716
2022-04-30,2022,4,Apr,Q2,Sat,5,30,FY22-23,1,1,0,1986.29,38589.29,176.92,18775.35,175.68,112502.02,0,0,7.392569043,8.867146637,-13.10713226,5.5999,4.2671,1829.22,1861.46,1.1849,0,1.1849,Normal,194.28,2338.89,84.9245,5.6333
2022-05-01,2022,5,May,Q2,Sun,6,1,FY22-23,1,0,1,2053.98,35380.47,171.66,14317.19,53.52,11249.15,0,0,3.407860886,-2.973095184,-69.53551913,3.6828,4.1232,1882.78,1871.26,0.5182,0,0.5182,Normal,172.25,2279.16,90.12,9.1215
2022-05-02,2022,5,May,Q2,Mon,0,2,FY22-23,0,0,1,2082.15,43127.73,193.31,20060.1,231.01,136758.72,0,0,1.371483656,12.61214028,331.6330344,2.7794,3.8694,1920,1877.19,0.1775,0,0.1775,Normal,207.13,2506.47,83.071,4.907
2022-05-03,2022,5,May,Q2,Tue,1,3,FY22-23,0,0,1,1861.51,32528.65,154.42,14017.09,77.3,23837.7,0,0,-10.59673895,-20.11794527,-66.5382451,5.5389,4.2691,1925.87,1878.68,-1.8249,0,0,Normal,174.74,2093.23,88.93,8.0334
2022-05-04,2022,5,May,Q2,Wed,2,4,FY22-23,0,0,0,1944.96,39142.74,167.72,18445.18,166.95,115457.56,0,0,4.48291978,8.61287398,115.9767141,5.7472,4.186,1941.89,1879.08,0.6981,0,0.6981,Normal,201.25,2279.63,85.3191,5.8116
2022-05-05,2022,5,May,Q2,Thu,3,5,FY22-23,0,0,0,1995.45,40116.7,170.4,18241.82,156.55,110916.62,0,0,2.595940276,1.597901264,-6.229410003,5.7006,4.2106,1967.7,1881.13,0.3823,0,0.3823,Normal,201.04,2322.4,85.9219,6.1032
2022-05-06,2022,5,May,Q2,Fri,4,6,FY22-23,0,0,0,1972.09,38218.9,166.66,17603.61,166.55,124375.91,0,0,-1.170663259,-2.194835681,6.387735548,5.7828,4.1954,1985.2,1883.78,-0.2478,0,0,Normal,193.8,2305.3,85.5459,5.9185
2022-05-07,2022,5,May,Q2,Sat,5,7,FY22-23,1,0,0,2060.59,37753.22,168.34,16128.6,154.74,73581.28,0,0,4.487624804,1.008040322,-7.090963675,5.3407,4.2594,1995.82,1888.3,0.6988,0,0.6988,Normal,183.22,2383.67,86.4461,6.378
2022-05-08,2022,5,May,Q2,Sun,6,8,FY22-23,1,0,0,1954.13,28907.36,147.38,10505.04,42.02,8102.78,0,0,-5.166481445,-12.45099204,-72.84477188,5.5816,4.3741,1981.55,1889.58,-0.9164,0,0,Normal,147.93,2143.53,91.1641,10.3175
2022-05-09,2022,5,May,Q2,Mon,0,9,FY22-23,0,0,0,1994.1,39710.68,174.94,18394.28,164.32,98506.47,0,0,2.045411513,18.69995929,291.0518801,5.6264,4.3666,1968.98,1890.59,0.2902,0,0.2902,Normal,199.14,2333.36,85.4605,5.8778
2022-05-10,2022,5,May,Q2,Tue,1,10,FY22-23,0,0,0,1942.99,37570.27,165.39,16787.53,148.02,101936.42,0,0,-2.56306103,-5.459014519,-9.919668939,3.7108,4.1976,1980.62,1894.37,-0.4808,0,0,Normal,193.36,2256.4,86.1102,6.1995
2022-05-11,2022,5,May,Q2,Wed,2,11,FY22-23,0,0,0,1974.23,36863.35,162.84,16203.63,144.46,93732.2,0,0,1.607831229,-1.541810267,-2.405080395,3.3615,4.1113,1984.8,1896.14,0.217,0,0.217,Normal,186.72,2281.53,86.531,6.4244
2022-05-12,2022,5,May,Q2,Thu,3,12,FY22-23,0,0,0,1848.24,33771.63,157.81,16040.72,132.59,117935.54,0,0,-6.381728573,-3.088921641,-8.216807421,3.9787,4.28,1963.77,1893.28,-1.1197,0,0,Normal,182.72,2138.64,86.4213,6.3645
2022-05-13,2022,5,May,Q2,Fri,4,13,FY22-23,0,0,0,1943.36,37429.32,153.13,14727.24,130.02,123412.16,0,0,5.146517768,-2.965591534,-1.938306056,4.6059,4.3787,1959.66,1892.74,0.8091,0,0.8091,Normal,192.6,2226.51,87.2828,6.8634
2022-05-14,2022,5,May,Q2,Sat,5,14,FY22-23,1,0,0,1927.89,31230.91,149.51,12101.87,60.4,18872.72,0,0,-0.796043965,-2.364004441,-53.54560837,4.1342,4.2614,1940.71,1895.19,-0.1852,0,0,Normal,162,2137.8,90.181,9.1844
2022-05-15,2022,5,May,Q2,Sun,6,15,FY22-23,1,0,0,1884.54,25653,134.01,8010.55,37.65,6976.2,0,0,-2.248572273,-10.36719952,-37.66556291,3.7592,4.2555,1930.76,1897.76,-0.4282,0,0,Normal,136.12,2056.2,91.6516,10.9783
2022-05-16,2022,5,May,Q2,Mon,0,16,FY22-23,0,0,0,1887.69,33249.98,154.88,14169.64,109.91,65066.71,0,0,0.167149543,15.57346467,191.9256308,3.6152,4.2391,1915.56,1899.11,-0.024,0,0,Normal,176.14,2152.48,87.6984,7.129
2022-05-17,2022,5,May,Q2,Tue,1,17,FY22-23,0,0,0,1872.92,33295.35,155.81,14932.12,134.94,110561.94,0,0,-0.782437794,0.600464876,22.77317805,3.5257,4.1756,1905.55,1902.34,-0.1829,0,0,Normal,177.77,2163.67,86.5622,6.4417
2022-05-18,2022,5,May,Q2,Wed,2,18,FY22-23,0,0,0,1949.01,34027.49,154.91,14535.75,130.54,99258.73,0,0,4.062640155,-0.577626596,-3.260708463,3.8719,4.1777,1901.95,1905.74,0.6277,0,0.6277,Normal,174.59,2234.46,87.2251,6.8279
2022-05-19,2022,5,May,Q2,Thu,3,19,FY22-23,0,0,0,1901.9,32947.73,153.26,14517.4,123.8,100519.18,0,0,-2.417124591,-1.065134594,-5.163168378,2.9934,4.2063,1909.62,1907.52,-0.4564,0,0,Normal,173.24,2178.96,87.2848,6.8646
2022-05-20,2022,5,May,Q2,Fri,4,20,FY22-23,0,0,0,1900.24,31912.52,149.71,13751.46,120.56,99064.16,0,0,-0.08728114,-2.316325199,-2.617124394,2.1623,4.2046,1903.46,1908.73,-0.0666,0,0,Normal,167.94,2170.51,87.5481,7.0309
2022-05-21,2022,5,May,Q2,Sat,5,21,FY22-23,1,0,0,1898,30865.04,145.87,12661.19,94.89,55080.35,0,0,-0.117879847,-2.564958921,-21.29230259,2.1516,4.1917,1899.19,1910.88,-0.0717,0,0,Normal,162.62,2138.76,88.743,7.8834
2022-05-22,2022,5,May,Q2,Sun,6,22,FY22-23,1,0,0,1826.09,23763.95,131.73,7974.73,37.91,7210.45,0,0,-3.788724974,-9.693562761,-60.04847718,2.4532,4.254,1890.84,1910.37,-0.6859,0,0,Normal,130.14,1995.73,91.4999,10.7645
2022-05-23,2022,5,May,Q2,Mon,0,23,FY22-23,0,0,0,1870.32,32828.94,150.66,14295.07,119.03,94770.72,0,0,2.422115011,14.37030289,213.9804801,2.6811,4.2736,1888.35,1911.7,0.3533,0,0.3533,Normal,175.53,2140.01,87.3977,6.9351
2022-05-24,2022,5,May,Q2,Tue,1,24,FY22-23,0,0,0,1890.05,31870.42,150.13,14279.1,143.15,92781.12,0,0,1.054899696,-0.351785477,20.26379904,2.6932,3.9676,1890.8,1918.73,0.1245,0,0.1245,Normal,168.62,2183.33,86.5673,6.4445
2022-05-25,2022,5,May,Q2,Wed,2,25,FY22-23,0,0,0,1883.82,31845.24,153.27,14817.17,130.74,99061.65,0,0,-0.329620909,2.091520682,-8.669228082,2.073,3.6687,1881.49,1920.8,-0.1071,0,0,Normal,169.05,2167.83,86.8989,6.6329
2022-05-26,2022,5,May,Q2,Thu,3,26,FY22-23,0,0,0,1846.09,31197.03,149.89,14136.62,130.99,98133.72,0,0,-2.002845282,-2.205258694,0.191219214,2.0131,3.6901,1873.52,1921.66,-0.3871,0,0,Normal,168.99,2126.97,86.7944,6.5725
2022-05-27,2022,5,May,Q2,Fri,4,27,FY22-23,0,0,0,1834.86,29522.85,145.39,14009.37,142.81,109054.97,0,0,-0.608312704,-3.002201615,9.023589587,2.0089,3.6908,1864.18,1921.73,-0.1538,0,0,Normal,160.9,2123.06,86.4253,6.3666
2022-05-28,2022,5,May,Q2,Sat,5,28,FY22-23,1,1,0,1860.93,29069.75,147.84,12251.94,58.69,17284.46,0,0,1.420816847,1.685122773,-58.90343813,2.1355,3.6932,1858.88,1923.27,0.1857,0,0.1857,Normal,156.21,2067.46,90.0104,9.0105
2022-05-29,2022,5,May,Q2,Sun,6,29,FY22-23,1,1,0,1852.2,23047.36,129.26,8321.06,36.95,18684.23,0,0,-0.469120279,-12.56764069,-37.04208553,1.494,3.6795,1862.61,1923.35,-0.1305,0,0,Normal,124.43,2018.41,91.7653,11.1437
2022-05-30,2022,5,May,Q2,Mon,0,30,FY22-23,0,1,0,1836.45,33628.62,165,16466.42,176.55,135232.64,0,0,-0.850340136,27.64969828,377.8078484,1.1626,3.412,1857.77,1918.36,-0.1942,0,0,Normal,183.12,2178,84.3182,5.3768
2022-05-31,2022,5,May,Q2,Tue,1,31,FY22-23,0,1,0,1912.11,39743.33,173,19624.63,255.78,179511.17,0,0,4.119905252,4.848484848,44.87680544,2.008,3.4404,1860.92,1913.63,0.6373,0,0.6373,Normal,207.85,2340.89,81.683,4.4594
2022-06-01,2022,6,Jun,Q2,Wed,2,1,FY22-23,0,0,1,1976.68,42008.82,191,21074.35,287.28,140338.06,0,0,3.376897773,10.40462428,12.31527094,2.3154,3.4907,1874.19,1910.11,0.513,0,0.513,Normal,212.52,2454.96,80.5178,4.1329
2022-06-02,2022,6,Jun,Q2,Thu,3,2,FY22-23,0,0,1,2186.08,43887.84,176.85,18998.47,159.15,110702.97,0,0,10.59352045,-7.408376963,-44.60108605,4.0777,3.4397,1922.76,1920.93,1.7204,0,1.7204,Normal,200.76,2522.08,86.6777,6.5062
2022-06-03,2022,6,Jun,Q2,Fri,4,3,FY22-23,0,0,1,2050.04,38200.28,165.61,17344.3,166.32,106129.24,0,0,-6.223011052,-6.355668646,4.505183789,5.1933,3.5749,1953.5,1924.44,-1.0931,0,0,Normal,186.34,2381.97,86.0649,6.1761
2022-06-04,2022,6,Jun,Q2,Sat,5,4,FY22-23,1,0,0,1859.27,35010.94,156.05,16202.1,127.04,64588.58,0,0,-9.305672084,-5.772598273,-23.61712362,6.6664,3.9453,1953.26,1919.9,-1.6089,0,0,Normal,188.3,2142.36,86.7861,6.5678
2022-06-05,2022,6,Jun,Q2,Sun,6,5,FY22-23,1,0,0,2222.02,34073.12,149.73,11203.2,46.14,8683.99,0,0,19.51034546,-4.049983979,-63.68073048,9.857,5.3273,2006.09,1928.23,3.2123,1,3.2123,High,153.34,2417.89,91.8991,11.3444
2022-06-06,2022,6,Jun,Q2,Mon,0,6,FY22-23,0,0,0,2020.38,39158.04,169.43,17712.57,159.04,121777.47,0,0,-9.074625791,13.15701596,244.6900737,10.8381,5.5506,2032.37,1926.89,-1.5703,0,0,Normal,193.82,2348.85,86.0157,6.1509
2022-06-07,2022,6,Jun,Q2,Tue,1,7,FY22-23,0,0,0,1995.9,37704.57,165.56,17281.25,184.41,109186.89,0,0,-1.211653253,-2.284129139,15.95196177,10.8399,5.4681,2044.34,1928.28,-0.2547,0,0,Normal,188.91,2345.87,85.0814,5.7031
2022-06-08,2022,6,Jun,Q2,Wed,2,8,FY22-23,0,0,0,2146.97,38922.92,162.78,16699.36,151.97,98088.01,0,0,7.569016484,-1.679149553,-17.59123692,11.0997,5.6229,2068.67,1933.38,1.2144,0,1.2144,Normal,181.29,2461.72,87.2142,6.8212
2022-06-09,2022,6,Jun,Q2,Thu,3,9,FY22-23,0,0,0,2042.38,36686.89,156.14,16130.25,159.11,97593.38,0,0,-4.871516602,-4.0791252,4.698295716,10.559,5.6803,2048.14,1936.69,-0.867,0,0,Normal,179.63,2357.63,86.6285,6.4786
2022-06-10,2022,6,Jun,Q2,Fri,4,10,FY22-23,0,0,0,2021.75,36538.99,160.32,16290.16,150.88,117689.85,0,0,-1.010096064,2.677084668,-5.172522154,10.2692,5.6798,2044.1,1938.27,-0.221,0,0,Normal,180.73,2332.95,86.6607,6.4966
2022-06-11,2022,6,Jun,Q2,Sat,5,11,FY22-23,1,0,0,2037.13,33508.5,149.32,12755.81,62.79,17529.33,0,0,0.760727093,-6.861277445,-58.38414634,9.3775,5.5412,2069.5,1944.57,0.0753,0,0.0753,Normal,164.49,2249.24,90.5697,9.6041
2022-06-12,2022,6,Jun,Q2,Sun,6,12,FY22-23,1,0,0,1952.53,26074.45,134.21,8932.18,40.88,7377.04,0,0,-4.152901386,-10.11920707,-34.89409142,5.2145,5.5305,2031.01,1944.87,-0.7468,0,0,Normal,133.54,2127.62,91.7706,11.1516
2022-06-13,2022,6,Jun,Q2,Mon,0,13,FY22-23,0,0,0,2006.68,37447.27,161.68,16143.46,169.78,116059.01,0,0,2.773324866,20.4679234,315.3131115,4.2627,5.5477,2029.05,1947.5,0.412,0,0.412,Normal,186.61,2338.14,85.8238,6.0541
2022-06-14,2022,6,Jun,Q2,Tue,1,14,FY22-23,0,0,0,1986.69,34441.89,152.39,15058.67,140.52,100024.98,0,0,-0.996172783,-5.745917862,-17.23406762,4.2534,5.5327,2027.73,1950.91,-0.2186,0,0,Normal,173.36,2279.6,87.1508,6.7826
2022-06-15,2022,6,Jun,Q2,Wed,2,15,FY22-23,0,0,0,2040.5,35105.4,155.3,15229.09,140.9,104194.71,0,0,2.708525235,1.909574119,0.270424139,3.0365,5.5497,2012.52,1956,0.4012,0,0.4012,Normal,172.04,2336.7,87.324,6.8889
2022-06-16,2022,6,Jun,Q2,Thu,3,16,FY22-23,0,0,0,2017.36,34093.76,149.13,14650.7,126.82,97497.34,0,0,-1.134035776,-3.97295557,-9.992902768,2.4493,5.5527,2008.95,1960.81,-0.2417,0,0,Normal,169,2293.31,87.9672,7.3106
2022-06-17,2022,6,Jun,Q2,Fri,4,17,FY22-23,0,0,0,1962.92,32304.39,144.8,13587.49,127.99,107130.17,0,0,-2.698576357,-2.903507007,0.922567418,2.6249,5.5357,2000.54,1961.28,-0.5035,0,0,Normal,164.57,2235.71,87.7985,7.1957
2022-06-18,2022,6,Jun,Q2,Sat,5,18,FY22-23,1,0,0,1818.97,29385.68,141.94,12725.65,101.03,58575.56,0,0,-7.333462393,-1.975138122,-21.06414564,3.6251,5.6855,1969.38,1958.51,-1.2789,0,0,Normal,161.55,2061.94,88.2164,7.4864
2022-06-19,2022,6,Jun,Q2,Sun,6,19,FY22-23,1,0,0,1670.82,22291.5,123.07,8115.8,40.11,7859.13,0,0,-8.144719264,-13.29434973,-60.29892111,4.3456,5.877,1929.13,1950.87,-1.4147,0,0,Normal,133.42,1834,91.1025,10.2391
2022-06-20,2022,6,Jun,Q2,Mon,0,20,FY22-23,0,0,0,1878.08,34282.55,151.34,15329.19,140.2,100586.09,0,0,12.40468752,22.9706671,249.5387684,6.9166,6.3162,1910.76,1950.2,2.0234,1,2.0234,Elevated,182.54,2169.62,86.5626,6.4419
2022-06-21,2022,6,Jun,Q2,Tue,1,21,FY22-23,0,0,0,1904.54,32914.38,147.62,14626.81,126.73,99106.33,0,0,1.40888567,-2.458041496,-9.607703281,6.9615,6.2756,1899.03,1952.82,0.1837,0,0.1837,Normal,172.82,2178.89,87.4087,6.942
2022-06-22,2022,6,Jun,Q2,Wed,2,22,FY22-23,0,0,0,1885.5,31969.65,146.12,14450.03,134.02,87381.67,0,0,-0.999716467,-1.016122477,5.752386964,6.8254,6.2672,1876.88,1953.32,-0.2192,0,0,Normal,169.56,2165.64,87.0643,6.7306
2022-06-23,2022,6,Jun,Q2,Thu,3,23,FY22-23,0,0,0,1854.26,30994.9,143.75,14031.51,121.47,91019.64,0,0,-1.656854946,-1.621954558,-9.364273989,6.8309,6.2742,1853.58,1952.13,-0.3292,0,0,Normal,167.16,2119.48,87.4866,6.9914
2022-06-24,2022,6,Jun,Q2,Fri,4,24,FY22-23,0,0,0,1904.89,31022.28,144.14,14285.16,129.56,124373.73,0,0,2.730469298,0.271304348,6.660080678,6.9139,6.2915,1845.29,1952.83,0.4049,0,0.4049,Normal,162.86,2178.59,87.4368,6.9598
2022-06-25,2022,6,Jun,Q2,Sat,5,25,FY22-23,1,0,0,1898.02,29437.83,140.62,12126.29,59.93,16977.54,0,0,-0.360650746,-2.44207021,-53.74343933,6.1832,6.2786,1856.59,1954.56,-0.1123,0,0,Normal,155.1,2098.57,90.4435,9.4641
2022-06-26,2022,6,Jun,Q2,Sun,6,26,FY22-23,1,0,0,1865.08,23014.68,124.01,8081.65,39.88,7218.98,0,0,-1.735492777,-11.81197554,-33.45569831,5.0057,6.2874,1884.34,1955.57,-0.3423,0,0,Normal,123.4,2028.97,91.9225,11.3801
2022-06-27,2022,6,Jun,Q2,Mon,0,27,FY22-23,0,0,0,1908.78,33292.2,150.9,15403.64,138.07,128262.78,0,0,2.343063032,21.68373518,246.2136409,1.8881,6.2957,1888.72,1957.17,0.34,0,0.34,Normal,174.42,2197.75,86.8516,6.6055
2022-06-28,2022,6,Jun,Q2,Tue,1,28,FY22-23,0,1,0,1865.29,31372.09,146.33,15111.26,154.84,124159.44,0,0,-2.278418676,-3.028495693,12.14601289,2.0197,6.3116,1883.12,1957.6,-0.4332,0,0,Normal,168.19,2166.46,86.0985,6.1935
2022-06-29,2022,6,Jun,Q2,Wed,2,29,FY22-23,0,1,0,1850.76,32020.73,144.39,15357.31,159.74,116911.32,0,0,-0.778967346,-1.325770519,3.164556962,2.0083,6.3112,1878.15,1958.08,-0.1823,0,0,Normal,173.01,2154.89,85.8865,6.0854
2022-06-30,2022,6,Jun,Q2,Thu,3,30,FY22-23,0,1,0,1798.81,37246.08,152.48,18838.33,275.73,228989.68,0,0,-2.806954981,5.602881086,72.61174408,2.1823,6.29,1870.23,1954.3,-0.5216,0,0,Normal,207.06,2227.02,80.7721,4.2008
2022-07-01,2022,7,Jul,Q3,Fri,4,1,FY22-23,0,0,1,2110.38,43831.02,167.79,19535.73,264.97,153549.14,0,0,17.32089548,10.04066107,-3.902368259,7.1035,7.0222,1899.59,1958.76,2.846,1,2.846,Elevated,207.69,2543.14,82.9832,4.8766
2022-07-02,2022,7,Jul,Q3,Sat,5,2,FY22-23,1,0,1,2134.15,42108.81,164.68,17776.45,133.93,74828.38,0,0,1.126337437,-1.85350736,-49.45465524,7.0546,6.7582,1933.32,1957.03,0.1365,0,0.1365,Normal,197.31,2432.76,87.7255,7.1469
2022-07-03,2022,7,Jul,Q3,Sun,6,3,FY22-23,1,0,1,2049.51,32114.33,142.12,11580.17,43.73,9507.46,0,0,-3.965981773,-13.6992956,-67.34861495,7.2918,6.6973,1959.67,1957.01,-0.7155,0,0,Normal,156.69,2235.36,91.6859,11.0278
2022-07-04,2022,7,Jul,Q3,Mon,0,4,FY22-23,0,0,0,2093.17,42995.32,169.28,18957.86,159.53,104777.48,0,0,2.130265283,19.11061075,264.8067688,7.2884,6.4585,1986.01,1964.81,0.3044,0,0.3044,Normal,205.41,2421.98,86.4239,6.3659
2022-07-05,2022,7,Jul,Q3,Tue,1,5,FY22-23,0,0,0,2077.94,41456.59,163.67,17969.66,185.05,106495.4,0,0,-0.727604542,-3.314035917,15.99699116,7.1759,5.3807,2016.39,1960,-0.1737,0,0,Normal,199.51,2426.66,85.6296,5.9588
2022-07-06,2022,7,Jul,Q3,Wed,2,6,FY22-23,0,0,0,2093.44,39822.21,159.62,16870.01,177.04,112469.21,0,0,0.745931066,-2.474491355,-4.328559849,7.1089,5.1069,2051.06,1962.44,0.0728,0,0.0728,Normal,190.22,2430.1,86.1462,6.2183
2022-07-07,2022,7,Jul,Q3,Thu,3,7,FY22-23,0,0,0,2120.26,39624.23,158.18,16835.03,190.91,113372.12,0,0,1.28114491,-0.902142589,7.834387709,6.8123,5.1028,2096.98,1966.59,0.1624,0,0.1624,Normal,186.88,2469.35,85.8631,6.0737
2022-07-08,2022,7,Jul,Q3,Fri,4,8,FY22-23,0,0,0,2079.58,37817.79,159.06,16326.3,197.66,133125.59,0,0,-1.918632621,0.556328234,3.535697449,2.1483,4.9292,2092.58,1964.34,-0.373,0,0,Normal,181.85,2436.3,85.3581,5.8297
2022-07-09,2022,7,Jul,Q3,Sat,5,9,FY22-23,1,0,0,2100.71,35896.16,156.25,13555.43,67.14,18017.3,0,0,1.016070553,-1.766628945,-66.0325812,2.1374,4.8448,2087.8,1966.28,0.118,0,0.118,Normal,170.88,2324.1,90.3881,9.4038
2022-07-10,2022,7,Jul,Q3,Sun,6,10,FY22-23,1,0,0,1932.44,26632.94,127.61,8707.75,41.4,8449.09,0,0,-8.01014895,-18.3296,-38.33780161,3.4604,5.0686,2071.08,1963.31,-1.3922,0,0,Normal,137.82,2101.45,91.9575,11.4339
2022-07-11,2022,7,Jul,Q3,Mon,0,11,FY22-23,0,0,0,2000.96,37142.02,155.56,15464.16,170.22,110539.2,0,0,3.545776324,21.9026722,311.1594203,3.6926,5.1089,2057.9,1962.1,0.5413,0,0.5413,Normal,185.62,2326.74,85.9984,6.1421
2022-07-12,2022,7,Jul,Q3,Tue,1,12,FY22-23,0,0,0,2011.21,35038.16,152.64,14678.2,146.93,95511.83,0,0,0.512254118,-1.877089226,-13.6822935,3.7141,5.0469,2048.37,1964.06,0.0337,0,0.0337,Normal,174.21,2310.78,87.036,6.7137
2022-07-13,2022,7,Jul,Q3,Wed,2,13,FY22-23,0,0,0,1989.5,34242.77,146.76,14015.62,140.9,95971.71,0,0,-1.079449685,-3.852201258,-4.1039951,3.6839,5.0285,2033.52,1963.48,-0.2326,0,0,Normal,172.12,2277.16,87.3676,6.9162
2022-07-14,2022,7,Jul,Q3,Thu,3,14,FY22-23,0,0,0,2023.58,34743.09,148.18,14123.76,129.74,95914.15,0,0,1.712993214,0.967566094,-7.920511001,3.7253,5.0327,2019.71,1964.71,0.2346,0,0.2346,Normal,171.69,2301.5,87.9244,7.2812
2022-07-15,2022,7,Jul,Q3,Fri,4,15,FY22-23,0,0,0,2019,33702.42,153.61,14091.4,138.48,108615.66,0,0,-0.226331551,3.664462141,6.736550023,3.6803,5.0103,2011.06,1964,-0.0898,0,0,Normal,166.93,2311.09,87.3614,6.9123
2022-07-16,2022,7,Jul,Q3,Sat,5,16,FY22-23,1,0,0,2013.56,32704.58,144.74,12905.07,102.97,59762.11,0,0,-0.269440317,-5.774363648,-25.64269209,3.6319,5.0056,1998.61,1963.87,-0.0971,0,0,Normal,162.42,2261.27,89.0455,8.1287
2022-07-17,2022,7,Jul,Q3,Sun,6,17,FY22-23,1,0,0,1975.48,25086.78,128.87,8187.95,44.03,7568.92,0,0,-1.891177814,-10.96448805,-57.23997281,1.8201,4.9921,2004.76,1964.29,-0.3684,0,0,Normal,126.99,2148.38,91.9521,11.4256
2022-07-18,2022,7,Jul,Q3,Mon,0,18,FY22-23,0,0,0,1980.21,33652.23,149.56,14504.14,140.68,97484.36,0,0,0.239435479,16.05493909,219.5094254,1.153,4.7887,2001.79,1969.66,-0.0119,0,0,Normal,169.94,2270.45,87.2166,6.8227
2022-07-19,2022,7,Jul,Q3,Tue,1,19,FY22-23,0,0,0,1997.15,32665.89,138.92,13953.87,127.01,97457.04,0,0,0.855464824,-7.114201658,-9.717088428,1.1921,4.5094,1999.78,1980.54,0.0911,0,0.0911,Normal,163.56,2263.08,88.2492,7.5101
2022-07-20,2022,7,Jul,Q3,Wed,2,20,FY22-23,0,0,0,2060.07,34113.78,146.86,14122.94,128.04,98997.91,0,0,3.150489447,5.715519724,0.810959767,1.6087,3.9639,2009.86,1986.61,0.4751,0,0.4751,Normal,165.6,2334.97,88.2268,7.4939
2022-07-21,2022,7,Jul,Q3,Thu,3,21,FY22-23,0,0,0,1995.59,32083.3,131.22,13416.83,119.35,100864.61,0,0,-3.129990728,-10.64959826,-6.786941581,1.9992,4.0096,2005.87,1989.64,-0.5757,0,0,Normal,160.77,2246.16,88.8445,7.9642
2022-07-22,2022,7,Jul,Q3,Fri,4,22,FY22-23,0,0,0,1984.87,30587.13,136.47,13202.57,129,99222.97,0,0,-0.537184492,4.000914495,8.085462924,2.0038,4.0056,2000.99,1992.96,-0.1419,0,0,Normal,154.1,2250.34,88.2031,7.4768
2022-07-23,2022,7,Jul,Q3,Sat,5,23,FY22-23,1,0,0,1961.15,29270.86,149.98,11663.18,61.78,16696.54,0,0,-1.195040481,9.899611636,-52.10852713,2.0374,3.9989,1993.5,1996.52,-0.2519,0,0,Normal,149.25,2172.91,90.2545,9.2612
2022-07-24,2022,7,Jul,Q3,Sun,6,24,FY22-23,1,0,0,1922.39,23283.4,124.95,7927.64,41.68,6852.49,0,0,-1.976391403,-16.68889185,-32.53480091,2.0483,3.991,1985.92,1997.1,-0.3826,0,0,Normal,121.12,2089.02,92.0235,11.5369
2022-07-25,2022,7,Jul,Q3,Mon,0,25,FY22-23,0,0,0,1963.87,33362.36,148.31,15680.29,140.84,114428.47,0,0,2.157730741,18.69547819,237.9078695,2.2608,4.0074,1983.58,1999.3,0.309,0,0.309,Normal,169.88,2253.02,87.1661,6.7919
2022-07-26,2022,7,Jul,Q3,Tue,1,26,FY22-23,0,0,0,1951.14,31535.55,139.16,14071.31,123.18,93154.01,0,0,-0.648209912,-6.169509811,-12.53905141,2.2265,3.9943,1977.01,2002.16,-0.1604,0,0,Normal,161.63,2213.48,88.1481,7.4374
2022-07-27,2022,7,Jul,Q3,Wed,2,27,FY22-23,0,0,0,2030.82,32141.8,149.64,14806.55,122.8,99416.84,0,0,4.083766413,7.530899684,-0.308491638,2.4816,4.0385,1972.83,2006.23,0.6313,0,0.6313,Normal,158.27,2303.26,88.1715,7.4542
2022-07-28,2022,7,Jul,Q3,Thu,3,28,FY22-23,0,1,0,1971.07,31311.84,149.18,14954.31,136.04,117209.79,0,0,-2.942161294,-0.307404437,10.78175896,2.4451,4.0548,1969.33,2009.76,-0.5442,0,0,Normal,158.86,2256.29,87.3589,6.9107
2022-07-29,2022,7,Jul,Q3,Fri,4,29,FY22-23,0,1,0,2039.83,35222.25,149.97,16579.15,207.26,166964.32,0,0,3.488460582,0.529561603,52.35224934,2.7885,4.0918,1977.18,2016.06,0.5317,0,0.5317,Normal,172.67,2397.06,85.0972,5.7101
2022-07-30,2022,7,Jul,Q3,Sat,5,30,FY22-23,1,1,0,2132.19,38375.84,155.74,16630.56,153.62,98199.52,0,0,4.527828299,3.847436154,-25.88053652,3.0604,4.1126,2001.62,2027.17,0.7056,0,0.7056,Normal,179.98,2441.55,87.3294,6.8923
2022-07-31,2022,7,Jul,Q3,Sun,6,31,FY22-23,1,1,0,2078.18,30551.59,139.72,11447.06,52.5,11930.34,0,0,-2.533076321,-10.28637473,-65.8247624,3.1634,2.6871,2023.87,2026.1,-0.4758,0,0,Normal,147.01,2270.4,91.5337,10.8115
2022-08-01,2022,8,Aug,Q3,Mon,0,1,FY22-23,0,0,1,2171.27,43568.17,176.56,20191.65,270.5,143815.19,0,0,4.479400244,26.36701975,415.2380952,3.3982,2.8035,2053.5,2027.34,0.6975,0,0.6975,Normal,200.66,2618.33,82.9258,4.8568
2022-08-02,2022,8,Aug,Q3,Tue,1,2,FY22-23,0,0,1,2231.53,42085.99,167.16,17965.86,161.69,106501.61,0,0,2.775334251,-5.323969189,-40.22550832,3.283,2.736,2093.56,2033.41,0.4124,0,0.4124,Normal,188.6,2560.38,87.1562,6.7859
2022-08-03,2022,8,Aug,Q3,Wed,2,3,FY22-23,0,0,1,2115.76,38693.87,149.97,16649.28,156.84,98578.13,0,0,-5.187920395,-10.28356066,-2.999567073,4.0701,2.891,2105.69,2034.16,-0.92,0,0,Normal,182.88,2422.57,87.3354,6.896
2022-08-04,2022,8,Aug,Q3,Thu,3,4,FY22-23,0,0,0,2168.76,40079.82,162.43,17231.52,154.73,108259.6,0,0,2.50501002,8.308328332,-1.345320071,3.7771,2.9201,2133.93,2037.19,0.3671,0,0.3671,Normal,184.81,2485.92,87.2417,6.8381
2022-08-05,2022,8,Aug,Q3,Fri,4,5,FY22-23,0,0,0,2048.27,35859.8,158.41,16110.99,176.84,110839.78,0,0,-5.555709253,-2.47491227,14.28940735,4.4459,3.0994,2135.14,2035.68,-0.9815,0,0,Normal,175.07,2383.52,85.9347,6.1097
2022-08-06,2022,8,Aug,Q3,Sat,5,6,FY22-23,1,0,0,2254.73,39064.52,160.11,15382.76,158.31,78659.52,0,0,10.07972582,1.073164573,-10.47839855,5.6817,3.6028,2152.64,2040.16,1.6345,0,1.6345,Normal,173.26,2573.15,87.6253,7.081
2022-08-07,2022,8,Aug,Q3,Sun,6,7,FY22-23,1,0,0,2124.83,29906.75,143.31,10366.39,51.75,9790.22,0,0,-5.761221964,-10.49278621,-67.31097214,6.1241,3.7485,2159.31,2041.67,-1.0159,0,0,Normal,140.75,2319.89,91.5918,10.8932
2022-08-08,2022,8,Aug,Q3,Mon,0,8,FY22-23,0,0,0,2162,39627.08,167.05,17068.53,176.85,101270.76,0,0,1.749316416,16.5654874,241.7391304,5.9099,3.7568,2157.98,2043.71,0.2407,0,0.2407,Normal,183.29,2505.9,86.2764,6.2867
2022-08-09,2022,8,Aug,Q3,Tue,1,9,FY22-23,0,0,0,2104.64,34997.87,156.1,14630.86,141.51,50298.26,0,0,-2.653098982,-6.554923676,-19.98303647,5.8541,3.4714,2139.86,2049.45,-0.4959,0,0,Normal,166.29,2402.25,87.6112,7.0718
2022-08-10,2022,8,Aug,Q3,Wed,2,10,FY22-23,0,0,0,2258.23,41043.38,172.84,17608.53,196.98,123845.68,0,0,7.297685115,10.72389494,39.19864321,6.1496,3.6535,2160.21,2058.03,1.169,0,1.169,Normal,181.75,2628.05,85.928,6.1063
2022-08-11,2022,8,Aug,Q3,Thu,3,11,FY22-23,0,0,0,2258.37,36349.91,154.59,13943.16,133.05,92314.88,0,0,0.006199546,-10.5588984,-32.45507158,6.1265,3.6545,2173.01,2066.27,-0.0509,0,0,Normal,160.96,2546.01,88.7023,7.8514
2022-08-12,2022,8,Aug,Q3,Fri,4,12,FY22-23,0,0,0,2094.52,33508.36,147.25,14285.7,142.12,106558.03,0,0,-7.255232756,-4.748043211,6.816986095,6.443,3.9088,2179.62,2069.77,-1.2658,0,0,Normal,159.98,2383.89,87.8614,7.2382
2022-08-13,2022,8,Aug,Q3,Sat,5,13,FY22-23,1,0,0,2087.53,32266.78,145.38,11914.07,63.92,16780.71,0,0,-0.333728014,-1.269949066,-55.02392344,4.8716,3.9001,2155.73,2071.9,-0.1078,0,0,Normal,154.57,2296.83,90.8874,9.9739
2022-08-14,2022,8,Aug,Q3,Sun,6,14,FY22-23,1,0,0,1992.48,25307.67,128.51,8075.1,46.75,7588.56,0,0,-4.553227978,-11.60407209,-26.86170213,4.6927,3.9944,2136.82,2071.02,-0.8138,0,0,Normal,127.02,2167.74,91.9151,11.3687
2022-08-15,2022,8,Aug,Q3,Mon,0,15,FY22-23,0,0,0,1946.64,25414.14,126.16,8412.21,55.57,11239.98,0,0,-2.300650446,-1.828651467,18.86631016,4.5711,4.0168,2106.06,2068.79,-0.4369,0,0,Normal,130.55,2128.37,91.4615,10.7117
2022-08-16,2022,8,Aug,Q3,Tue,1,16,FY22-23,0,0,0,2087.37,35358.46,151.44,15118.61,136.45,94187.69,0,0,7.229379855,20.03804692,145.546158,5.5422,4.2119,2103.59,2072.52,1.1576,0,1.1576,Normal,169.39,2375.26,87.8796,7.2506
2022-08-17,2022,8,Aug,Q3,Wed,2,17,FY22-23,0,0,0,2134.04,36034.3,154.95,15613.17,158.65,148512.05,0,0,2.23582786,2.317749604,16.26969586,4.6994,4.2272,2085.85,2077.64,0.3221,0,0.3221,Normal,168.85,2447.64,87.1877,6.805
2022-08-18,2022,8,Aug,Q3,Thu,3,18,FY22-23,0,0,0,2145.22,35365.86,153,15094.98,165.03,111740.13,0,0,0.523888962,-1.258470474,4.021430823,4.7166,4.2262,2069.69,2082.58,0.0357,0,0.0357,Normal,164.86,2463.25,87.089,6.7453
2022-08-19,2022,8,Aug,Q3,Fri,4,19,FY22-23,0,0,0,2072.71,31204.93,144.43,12883.12,104.53,74025.23,0,0,-3.380072906,-5.60130719,-36.66000121,3.9802,4.2438,2066.57,2083,-0.6175,0,0,Normal,150.55,2321.67,89.2767,8.3255
2022-08-20,2022,8,Aug,Q3,Sat,5,20,FY22-23,1,0,0,2103.98,33072.27,146.75,13414.27,105.06,59632.74,0,0,1.508652923,1.606314478,0.507031474,4.0215,4.2061,2068.92,2086.61,0.2004,0,0.2004,Normal,157.19,2355.79,89.311,8.3554
2022-08-21,2022,8,Aug,Q3,Sun,6,21,FY22-23,1,0,0,2012.59,25174.59,127.69,8038.77,41.94,7956.89,0,0,-4.343672468,-12.98807496,-60.07995431,3.981,4.2877,2071.79,2087.54,-0.7787,0,0,Normal,125.09,2182.22,92.2267,11.8646
2022-08-22,2022,8,Aug,Q3,Mon,0,22,FY22-23,0,0,0,2098.1,35304.68,151.19,15183.58,217.4,101163.17,0,0,4.248754093,18.40394706,418.3595613,4.0613,4.3443,2093.43,2092.1,0.6589,0,0.6589,Normal,168.27,2466.69,85.0573,5.6922
2022-08-23,2022,8,Aug,Q3,Tue,1,23,FY22-23,0,0,0,2065.06,33735.52,146.54,14480.99,121.05,102074.9,0,0,-1.574758114,-3.075600238,-44.31922723,3.1168,4.3376,2090.24,2096.86,-0.3155,0,0,Normal,163.36,2332.65,88.5285,7.7173
2022-08-24,2022,8,Aug,Q3,Wed,2,24,FY22-23,0,0,0,2082.78,33988.13,144.34,14447.23,125.47,93817.85,0,0,0.858086448,-1.501296574,3.651383726,2.9845,4.3252,2082.92,2100.82,0.0916,0,0.0916,Normal,163.19,2352.59,88.5314,7.7194
2022-08-25,2022,8,Aug,Q3,Thu,3,25,FY22-23,0,0,0,2106.28,34666.38,148.17,15051.46,123.36,112071.3,0,0,1.128299676,2.653457115,-1.681676895,3.0212,4.3241,2077.36,2105.99,0.1368,0,0.1368,Normal,164.59,2377.81,88.5807,7.7571
2022-08-26,2022,8,Aug,Q3,Fri,4,26,FY22-23,0,0,0,2051.4,32104.76,146.91,14826.52,130.71,117827.71,0,0,-2.605541523,-0.85037457,5.958171206,2.8979,4.2971,2074.31,2106.68,-0.4879,0,0,Normal,156.5,2329.02,88.08,7.3892
2022-08-27,2022,8,Aug,Q3,Sat,5,27,FY22-23,1,0,0,2146.53,31003.69,139.47,12146.04,62.28,18494.49,0,0,4.637320854,-5.064325097,-52.35253615,3.3891,4.3334,2080.39,2112.53,0.7239,0,0.7239,Normal,144.44,2348.28,91.4086,10.6396
2022-08-28,2022,8,Aug,Q3,Sun,6,28,FY22-23,1,1,0,2133.36,24581.62,125.42,8309.46,46.16,8335.24,0,0,-0.613548378,-10.07385101,-25.88310854,2.7668,4.2963,2097.64,2115.64,-0.1546,0,0,Normal,115.22,2304.94,92.556,12.4336
2022-08-29,2022,8,Aug,Q3,Mon,0,29,FY22-23,0,1,0,2138.82,36565.66,155.55,16651.75,165.2,144868.24,0,0,0.255934301,24.02328177,257.8856153,2.3311,4.2193,2103.46,2115.87,-0.0092,0,0,Normal,170.96,2459.57,86.9591,6.6682
2022-08-30,2022,8,Aug,Q3,Tue,1,30,FY22-23,0,1,0,2255.78,40909.83,164.06,19183.51,235.89,183516.94,0,0,5.468435867,5.470909675,42.7905569,2.8502,4.2995,2130.71,2121.79,0.8629,0,0.8629,Normal,181.36,2655.73,84.9401,5.6402
2022-08-31,2022,8,Aug,Q3,Wed,2,31,FY22-23,0,1,0,2165.48,36317.38,153.35,15708.92,140.15,87073.5,0,0,-4.003049943,-6.528099476,-40.58671415,3.4961,4.2984,2142.52,2121.59,-0.7217,0,0,Normal,167.71,2458.98,88.0642,7.3781
2022-09-01,2022,9,Sep,Q3,Thu,3,1,FY22-23,0,0,1,2312.02,46102.69,177.58,20617.22,262.98,148408.51,0,0,6.767090899,15.80045647,87.64181234,4.2118,4.444,2171.91,2124.28,1.0802,0,1.0802,Normal,199.4,2752.58,83.9947,5.2479
2022-09-02,2022,9,Sep,Q3,Fri,4,2,FY22-23,0,0,1,2344.38,42755.56,168.38,18442.56,163.27,109162.25,0,0,1.399641872,-5.1807636,-37.91543083,3.8293,4.3292,2213.77,2131.9,0.1822,0,0.1822,Normal,182.37,2676.03,87.6066,7.0688
2022-09-03,2022,9,Sep,Q3,Sat,5,3,FY22-23,1,0,1,2343.42,41387.77,161.17,16840.99,137.11,68900.55,0,0,-0.040948993,-4.281981233,-16.02253935,3.6956,4.3121,2241.89,2137.72,-0.0588,0,0,Normal,176.61,2641.7,88.7088,7.8564
2022-09-04,2022,9,Sep,Q3,Sun,6,4,FY22-23,1,0,0,2222.1,32092.83,145.36,11480.35,50.34,9679.11,0,0,-5.177048928,-9.8095179,-63.28495369,4.4241,4.2948,2254.57,2143.51,-0.9181,0,0,Normal,144.43,2417.8,91.9059,11.3546
2022-09-05,2022,9,Sep,Q3,Mon,0,5,FY22-23,0,0,0,2321.17,44581.11,174.16,18761.72,176.9,104607.52,0,0,4.458395212,19.81287837,251.4104092,4.6389,3.9661,2280.62,2145.73,0.694,0,0.694,Normal,192.06,2672.23,86.8627,6.6119
2022-09-06,2022,9,Sep,Q3,Tue,1,6,FY22-23,0,0,0,2288.42,41284.01,163.24,17614.61,183.34,114795.54,0,0,-1.410926386,-6.270096463,3.640474845,4.3182,3.8185,2285.28,2151.18,-0.288,0,0,Normal,180.4,2635,86.8471,6.6029
2022-09-07,2022,9,Sep,Q3,Wed,2,7,FY22-23,0,0,0,2298.87,41648.13,167.09,17607.79,191.82,104395.3,0,0,0.456646944,2.358490566,4.625286353,3.8877,3.809,2304.34,2155.74,0.0244,0,0.0244,Normal,181.17,2657.78,86.4959,6.4051
2022-09-08,2022,9,Sep,Q3,Thu,3,8,FY22-23,0,0,0,2269.81,39016.03,159.74,15738.16,158.42,106308.4,0,0,-1.264099318,-4.398826979,-17.41215723,2.9462,3.7806,2298.31,2161.25,-0.2635,0,0,Normal,171.89,2587.97,87.7062,7.1342
2022-09-09,2022,9,Sep,Q3,Fri,4,9,FY22-23,0,0,0,2220.49,37027.98,156.41,15324.64,176.3,101535.57,0,0,-2.172869095,-2.084637536,11.28645373,2.9271,3.5673,2280.61,2159.99,-0.4155,0,0,Normal,166.76,2553.2,86.9689,6.674
2022-09-10,2022,9,Sep,Q3,Sat,5,10,FY22-23,1,0,0,2249.38,36076.21,151,13296.22,71.99,18934.49,0,0,1.30106418,-3.458858129,-59.16619399,3.0226,3.5751,2267.18,2159.69,0.1657,0,0.1657,Normal,160.38,2472.37,90.9807,10.0874
2022-09-11,2022,9,Sep,Q3,Sun,6,11,FY22-23,1,0,0,2222.64,28818.13,138.48,9160.91,46.9,8952.94,0,0,-1.188772017,-8.291390728,-34.85206279,2.2912,3.3095,2267.25,2163.96,-0.2509,0,0,Normal,129.66,2408.02,92.3016,11.9896
2022-09-12,2022,9,Sep,Q3,Mon,0,12,FY22-23,0,0,0,2242.62,39419.29,167.05,16914.76,164.56,125751.93,0,0,0.898931001,20.63113807,250.8742004,1.3417,3.3096,2256.03,2169.13,0.0984,0,0.0984,Normal,175.77,2574.23,87.1181,6.7628
2022-09-13,2022,9,Sep,Q3,Tue,1,13,FY22-23,0,0,0,2219.11,37206.64,160.9,15646.29,142.61,101352.36,0,0,-1.048327403,-3.681532475,-13.3385999,1.3064,3.1925,2246.13,2176.69,-0.2274,0,0,Normal,167.66,2522.62,87.9685,7.3115
2022-09-14,2022,9,Sep,Q3,Wed,2,14,FY22-23,0,0,0,2253.62,37938.12,154.01,15371.49,143.67,123820.5,0,0,1.555127957,-4.282162834,0.743285885,1.4846,3.1571,2239.67,2186.92,0.2082,0,0.2082,Normal,168.34,2551.3,88.3322,7.5706
2022-09-15,2022,9,Sep,Q3,Thu,3,15,FY22-23,0,0,0,2245.68,37563.76,152.52,15309.55,137.39,117884.26,0,0,-0.352322042,-0.967469645,-4.37112828,1.422,2.8955,2236.22,2192.2,-0.1109,0,0,Normal,167.27,2535.59,88.5664,7.7461
2022-09-16,2022,9,Sep,Q3,Fri,4,16,FY22-23,0,0,0,2255.26,36237.8,149.85,14364.8,148.28,101726.43,0,0,0.426596844,-1.750590087,7.926341073,1.1087,2.8722,2241.19,2196.24,0.0194,0,0.0194,Normal,160.68,2553.39,88.3241,7.5647
2022-09-17,2022,9,Sep,Q3,Sat,5,17,FY22-23,1,0,0,2267.25,33100.06,144.76,12513.12,106.35,55843.69,0,0,0.531646019,-3.396730063,-28.27758295,1.019,2.8722,2243.74,2200.3,0.037,0,0.037,Normal,145.99,2518.36,90.0288,9.0289
2022-09-18,2022,9,Sep,Q3,Sun,6,18,FY22-23,1,0,0,2140.49,25809.84,130.2,8155.28,51.39,8307.22,0,0,-5.590914103,-10.05802708,-51.67842031,2.3924,2.9937,2232,2202.56,-0.9874,0,0,Normal,120.58,2322.08,92.1799,11.7875
2022-09-19,2022,9,Sep,Q3,Mon,0,19,FY22-23,0,0,0,2203.34,36275.55,151.79,15057.41,145.03,107612.09,0,0,2.93624357,16.58218126,182.2144386,2.6971,3.0272,2226.39,2205.88,0.4393,0,0.4393,Normal,164.64,2500.16,88.128,7.4232
2022-09-20,2022,9,Sep,Q3,Tue,1,20,FY22-23,0,0,0,2222.49,35652.81,151.76,14613.14,145.6,103278.11,0,0,0.86913504,-0.019764148,0.393022133,2.6964,2.9046,2226.88,2212.87,0.0934,0,0.0934,Normal,160.42,2519.85,88.1993,7.4741
2022-09-21,2022,9,Sep,Q3,Wed,2,21,FY22-23,0,0,0,2222.64,35651.91,149.21,14584.24,143.63,95938.54,0,0,0.006749187,-1.68028466,-1.353021978,2.6149,2.8111,2222.45,2217.02,-0.0508,0,0,Normal,160.4,2515.48,88.3585,7.5899
2022-09-22,2022,9,Sep,Q3,Thu,3,22,FY22-23,0,0,0,2253.65,37245.02,144.74,14636.53,201.57,110889.48,0,0,1.395187705,-2.995777763,40.33976189,2.677,2.7976,2223.59,2223.31,0.1814,0,0.1814,Normal,165.27,2599.96,86.6802,6.5076
2022-09-23,2022,9,Sep,Q3,Fri,4,23,FY22-23,0,0,0,2240.82,35202.31,144.21,14672.65,141.32,115622.8,0,0,-0.569298693,-0.366173829,-29.89036067,2.6821,2.8004,2221.53,2228.58,-0.1472,0,0,Normal,157.1,2526.35,88.6979,7.8479
2022-09-24,2022,9,Sep,Q3,Sat,5,24,FY22-23,1,0,0,2254.85,33468.05,143.88,12501.56,68.02,19706.99,0,0,0.626110085,-0.228832952,-51.86810076,2.6858,2.7967,2219.75,2233.53,0.0528,0,0.0528,Normal,148.43,2466.75,91.4097,10.6411
2022-09-25,2022,9,Sep,Q3,Sun,6,25,FY22-23,1,0,0,2224.62,26617.01,131.47,8479.13,46.08,8457.79,0,0,-1.340665676,-8.625243258,-32.25521905,1.3927,2.7612,2231.77,2239.3,-0.2763,0,0,Normal,119.65,2402.17,92.6088,12.5295
2022-09-26,2022,9,Sep,Q3,Mon,0,26,FY22-23,0,0,0,2264.06,38681.13,156.96,16319.14,148.85,187010.2,0,0,1.772887055,19.38845364,223.0251736,1.1008,2.6538,2240.45,2243.22,0.2446,0,0.2446,Normal,170.85,2569.87,88.1002,7.4035
2022-09-27,2022,9,Sep,Q3,Tue,1,27,FY22-23,0,0,0,2243.49,37077.33,151.92,16286.11,141.56,129435.95,0,0,-0.908544827,-3.211009174,-4.897547867,1.1755,2.6575,2243.45,2246.89,-0.204,0,0,Normal,165.27,2536.97,88.4319,7.6444
2022-09-28,2022,9,Sep,Q3,Wed,2,28,FY22-23,0,1,0,2294.03,37494.05,150.58,16288.53,161.37,129762.05,0,0,2.25274015,-0.882043181,13.99406612,1.4151,2.6838,2253.65,2252.07,0.3249,0,0.3249,Normal,163.44,2605.98,88.0295,7.3538
2022-09-29,2022,9,Sep,Q3,Thu,3,29,FY22-23,0,1,0,2261.41,38173.16,154.02,17003.1,188.74,150365.89,0,0,-1.421951762,2.284499934,16.96102126,1.503,2.5128,2254.75,2252.25,-0.2899,0,0,Normal,168.8,2604.17,86.838,6.5976
2022-09-30,2022,9,Sep,Q3,Fri,4,30,FY22-23,0,1,0,2405.86,46833.8,169.87,20849.31,287.05,234466.36,0,0,6.387607731,10.29087132,52.08752782,2.7779,2.6489,2278.33,2260.27,1.0167,0,1.0167,Normal,194.67,2862.78,84.0393,5.2654
2022-10-01,2022,10,Oct,Q4,Sat,5,1,FY22-23,1,0,1,2586.47,50382.75,185.32,20445.68,257.43,125533.6,0,0,7.507086863,9.09519044,-10.3187598,3.6746,2.713,2325.71,2269.41,1.204,0,1.204,Normal,194.79,3029.22,85.384,5.8418
2022-10-02,2022,10,Oct,Q4,Sun,6,2,FY22-23,1,0,1,2483.64,39039.52,156.6,13172.42,59.74,12545.3,0,0,-3.975688873,-15.49751781,-76.79369149,4.1785,2.8208,2362.71,2274.06,-0.7171,0,0,Normal,157.19,2699.98,91.9873,11.4803
2022-10-03,2022,10,Oct,Q4,Mon,0,3,FY22-23,0,0,1,2480.21,47218.26,177.31,19480.96,199.87,125748.24,0,0,-0.138103751,13.2247765,234.5664546,4.2319,2.8212,2393.59,2278.62,-0.0751,0,0,Normal,190.38,2857.39,86.7998,6.5757
2022-10-04,2022,10,Oct,Q4,Tue,1,4,FY22-23,0,0,0,2396.9,42082.91,159.06,16711.27,155,92322.4,0,0,-3.358989763,-10.29270769,-22.44959223,4.5433,2.7187,2415.5,2284.44,-0.614,0,0,Normal,175.57,2710.96,88.4152,7.632
2022-10-05,2022,10,Oct,Q4,Wed,2,5,FY22-23,0,0,0,2272.01,34258.45,147.69,12491.73,79.24,20807.6,0,0,-5.210480204,-7.148245945,-48.87741935,5.0569,2.7797,2412.36,2282.8,-0.9237,0,0,Normal,150.78,2498.94,90.9189,10.0119
2022-10-06,2022,10,Oct,Q4,Thu,3,6,FY22-23,0,0,0,2331.47,41501.46,153.53,17249.13,177.06,143979,0,0,2.617065946,3.954228451,123.4477537,5.1018,2.8081,2422.37,2284.24,0.3859,0,0.3859,Normal,178.01,2662.06,87.5814,7.0525
2022-10-07,2022,10,Oct,Q4,Fri,4,7,FY22-23,0,0,0,2329.71,41204.09,160.48,17747.72,228.97,135627.39,0,0,-0.075488855,4.526802579,29.3177454,4.406,2.8074,2411.49,2285.27,-0.0646,0,0,Normal,176.86,2719.16,85.6776,5.9821
2022-10-08,2022,10,Oct,Q4,Sat,5,8,FY22-23,1,0,0,2365.74,39710.25,152.12,14673.44,113.22,35420.25,0,0,1.54654442,-5.209371884,-50.55247412,2.9707,2.8078,2379.95,2288.46,0.2068,0,0.2068,Normal,167.86,2631.08,89.9152,8.9159
2022-10-09,2022,10,Oct,Q4,Sun,6,9,FY22-23,1,0,0,2290.61,32190.94,136.78,10155.26,55.37,12289.43,0,0,-3.175750505,-10.0841441,-51.09521286,2.8607,2.8425,2352.38,2290.8,-0.5833,0,0,Normal,140.53,2482.76,92.2606,11.9209
2022-10-10,2022,10,Oct,Q4,Mon,0,10,FY22-23,0,0,0,2410.02,47027.29,169.16,18487.23,207.73,128015.45,0,0,5.213021859,23.67305162,275.167058,3.7436,2.9837,2342.35,2296.16,0.8202,0,0.8202,Normal,195.13,2786.91,86.4764,6.3945
2022-10-11,2022,10,Oct,Q4,Tue,1,11,FY22-23,0,0,0,2434.91,43642.01,166.06,17399.6,170.33,114341.86,0,0,1.032771512,-1.832584535,-18.00413999,3.5162,2.9738,2347.78,2303.23,0.1208,0,0.1208,Normal,179.23,2771.3,87.8617,7.2384
2022-10-12,2022,10,Oct,Q4,Wed,2,12,FY22-23,0,0,0,2450.81,42412.68,164.32,16443.28,160.02,106724.73,0,0,0.653001548,-1.047814043,-6.052956027,2.5588,2.9725,2373.32,2310.17,0.0573,0,0.0573,Normal,173.06,2775.15,88.3127,7.5563
2022-10-13,2022,10,Oct,Q4,Thu,3,13,FY22-23,0,0,0,2399.86,40387.93,161.4,16146.34,154.1,109523.24,0,0,-2.078904525,-1.777020448,-3.699537558,2.7107,2.995,2383.09,2316.2,-0.3998,0,0,Normal,168.29,2715.36,88.3809,7.6065
2022-10-14,2022,10,Oct,Q4,Fri,4,14,FY22-23,0,0,0,2352.74,38748.95,153.47,15388.12,149.57,108254.45,0,0,-1.963447868,-4.913258984,-2.939649578,2.8609,3.0131,2386.38,2319.5,-0.3805,0,0,Normal,164.7,2655.78,88.5894,7.7638
2022-10-15,2022,10,Oct,Q4,Sat,5,15,FY22-23,1,0,0,2416.34,39499.74,155.21,14668.57,128.31,70873.95,0,0,2.703231126,1.133772073,-14.21408036,2.984,3.0457,2393.61,2325.19,0.4003,0,0.4003,Normal,163.47,2699.86,89.4987,8.5226
2022-10-16,2022,10,Oct,Q4,Sun,6,16,FY22-23,1,0,0,2384.85,31327.83,141.73,9084.63,54.56,10848.04,0,0,-1.303210641,-8.685007409,-57.47798301,2.6852,3.0594,2407.08,2329.51,-0.27,0,0,Normal,131.36,2581.14,92.3952,12.1496
2022-10-17,2022,10,Oct,Q4,Mon,0,17,FY22-23,0,0,0,2357.07,40125.1,162.8,16489.7,163.01,110481.72,0,0,-1.164853135,14.86629507,198.7719941,1.7977,3.0693,2399.51,2332.5,-0.2469,0,0,Normal,170.23,2682.88,87.856,7.2345
2022-10-18,2022,10,Oct,Q4,Tue,1,18,FY22-23,0,0,0,2402.64,39917.14,157.02,15489.55,203.38,111931.12,0,0,1.933332485,-3.55036855,24.76535182,1.9361,2.8837,2394.9,2341.24,0.2715,0,0.2715,Normal,166.14,2763.04,86.9564,6.6666
2022-10-19,2022,10,Oct,Q4,Wed,2,19,FY22-23,0,0,0,2458.66,40856.85,160.04,16221.96,204.32,118427.4,0,0,2.331601905,1.92332187,0.462189006,2.148,2.8677,2396.02,2349.75,0.3381,0,0.3381,Normal,166.18,2823.02,87.0933,6.7479
2022-10-20,2022,10,Oct,Q4,Thu,3,20,FY22-23,0,0,0,2427.04,42218.85,166.55,17374.44,219.33,139804.58,0,0,-1.286066394,4.067733067,7.346319499,2.034,2.8826,2399.91,2356.57,-0.2671,0,0,Normal,173.95,2812.92,86.2819,6.2896
2022-10-21,2022,10,Oct,Q4,Fri,4,21,FY22-23,0,0,0,2514,44598.12,176.39,18988.08,288.71,166885.09,0,0,3.582965258,5.908135695,31.63269959,2.1381,2.9419,2422.94,2366.28,0.5475,0,0.5475,Normal,177.4,2979.1,84.3879,5.4053
2022-10-22,2022,10,Oct,Q4,Sat,5,22,FY22-23,1,0,0,2608.12,44832.58,181.21,16664.7,93.6,27825.06,0,0,3.743834527,2.732581212,-67.57992449,2.308,2.9986,2450.34,2378.1,0.5744,0,0.5744,Normal,171.9,2882.93,90.4677,9.4906
2022-10-23,2022,10,Oct,Q4,Sun,6,23,FY22-23,1,0,0,2520.11,36622.22,165.68,11182.81,59.54,11893.58,0,0,-3.374461298,-8.570167209,-36.38888889,2.7591,3.0768,2469.66,2387.41,-0.6166,0,0,Normal,145.32,2745.33,91.7963,11.1895
2022-10-24,2022,10,Oct,Q4,Mon,0,24,FY22-23,0,0,0,2233.28,27690.79,141.39,8215.49,85.65,19735.59,0,0,-11.38164604,-14.66079189,43.85287202,5.4127,3.7572,2451.98,2386.69,-1.9562,0,0,Normal,123.99,2460.32,90.7719,9.8365
2022-10-25,2022,10,Oct,Q4,Tue,1,25,FY22-23,0,0,0,1988.31,29351.82,129.53,11547.99,124.32,102457.83,0,0,-10.96906792,-8.388146262,45.14886165,6.483,4.257,2392.79,2378.81,-1.8872,0,0,Normal,147.62,2242.16,88.6783,7.8326
2022-10-26,2022,10,Oct,Q4,Wed,2,26,FY22-23,0,0,0,2144.52,32555.4,138.09,12240.6,89.6,55608.77,0,0,7.856420779,6.608507682,-27.92792793,7.433,4.4965,2347.91,2374.83,1.2625,0,1.2625,Normal,151.81,2372.21,90.4018,9.4186
2022-10-27,2022,10,Oct,Q4,Thu,3,27,FY22-23,0,0,0,2149.57,34451.97,138.5,13866.03,114.32,101822.34,0,0,0.235483931,0.296907814,27.58928571,7.4689,4.4941,2308.27,2371.7,-0.0126,0,0,Normal,160.27,2402.39,89.4763,8.5024
2022-10-28,2022,10,Oct,Q4,Fri,4,28,FY22-23,0,1,0,2162.42,36086.52,140.67,14852.35,152.49,128204.08,0,0,0.597793977,1.566787004,33.38873338,7.213,4.4751,2258.05,2367.31,0.048,0,0.048,Normal,166.88,2455.58,88.0615,7.3762
2022-10-29,2022,10,Oct,Q4,Sat,5,29,FY22-23,1,1,0,2208.1,36208.01,141.64,14228.25,111.43,71304.35,0,0,2.112448091,0.689557119,-26.92635583,7.0242,4.4855,2200.9,2365.53,0.3015,0,0.3015,Normal,163.98,2461.17,89.7175,8.7253
2022-10-30,2022,10,Oct,Q4,Sun,6,30,FY22-23,1,1,0,2172.95,28111.77,123.6,9073.98,55.21,10605.73,0,0,-1.59186631,-12.73651511,-50.45319932,7.0039,4.3287,2151.31,2357.77,-0.3183,0,0,Normal,129.37,2351.76,92.3968,12.1523
2022-10-31,2022,10,Oct,Q4,Mon,0,31,FY22-23,0,1,0,2321.13,47325.3,161.24,19900.46,255.04,196984.96,0,0,6.81930095,30.45307443,361.9452998,6.2222,4.2879,2163.86,2348.92,1.089,0,1.089,Normal,203.89,2737.41,84.7929,5.5759
2022-11-01,2022,11,Nov,Q4,Tue,1,1,FY22-23,0,0,1,2494.4,50700.08,175.38,20335.18,256.73,140210.64,0,0,7.464898562,8.769536095,0.662641154,3.9265,4.4524,2236.16,2349.28,1.197,0,1.197,Normal,203.26,2926.51,85.2346,5.7726
2022-11-02,2022,11,Nov,Q4,Wed,2,2,FY22-23,0,0,1,2500.21,47432.82,165.76,18481.43,179.43,108159.42,0,0,0.232921745,-5.485232068,-30.10945351,3.5049,4.4522,2286.97,2349.95,-0.013,0,0,Normal,189.72,2845.4,87.8685,7.243
2022-11-03,2022,11,Nov,Q4,Thu,3,3,FY22-23,0,0,1,2434.82,45208.17,162.32,17790.42,158,101322.5,0,0,-2.615380308,-2.075289575,-11.94337625,3.9213,4.4342,2327.72,2351.21,-0.4896,0,0,Normal,185.67,2755.14,88.3737,7.6012
2022-11-04,2022,11,Nov,Q4,Fri,4,4,FY22-23,0,0,0,2452.5,43645.17,160.85,17022.96,159.95,122398.78,0,0,0.726131706,-0.905618531,1.234177215,3.9147,4.3177,2369.16,2357.23,0.0695,0,0.0695,Normal,177.96,2773.3,88.4326,7.645
2022-11-05,2022,11,Nov,Q4,Sat,5,5,FY22-23,1,0,0,2528.34,44653.94,158.93,16079.38,142.99,77658.76,0,0,3.09235474,-1.193658688,-10.60331354,3.9419,4.3272,2414.91,2363.79,0.4654,0,0.4654,Normal,176.61,2830.26,89.3324,8.3742
2022-11-06,2022,11,Nov,Q4,Sun,6,6,FY22-23,1,0,0,2424.83,33841.13,140.84,10338.74,58.31,11068.12,0,0,-4.093990523,-11.3823696,-59.22092454,4.4095,4.4028,2450.89,2366.96,-0.7369,0,0,Normal,139.56,2623.98,92.4104,12.1759
2022-11-07,2022,11,Nov,Q4,Mon,0,7,FY22-23,0,0,0,2452.45,45347.9,164.33,18157.13,194.87,119343.85,0,0,1.139048923,16.67850043,234.1965358,3.7797,4.3992,2469.65,2369.85,0.1386,0,0.1386,Normal,184.91,2811.65,87.2246,6.8275
2022-11-08,2022,11,Nov,Q4,Tue,1,8,FY22-23,0,0,0,2348.78,38528.36,153.46,14330.61,121.15,52175.3,0,0,-4.22720137,-6.614738636,-37.83034844,2.8342,4.4312,2448.85,2371.79,-0.7592,0,0,Normal,164.04,2623.39,89.5322,8.5531
2022-11-09,2022,11,Nov,Q4,Wed,2,9,FY22-23,0,0,0,2504.81,43709.26,162.95,16929.43,178.24,108879.48,0,0,6.643023187,6.184021895,47.12340074,4.0192,4.4944,2449.5,2374.95,1.0595,0,1.0595,Normal,174.5,2846,88.0116,7.3414
2022-11-10,2022,11,Nov,Q4,Thu,3,10,FY22-23,0,0,0,2544.65,44760.22,166.63,17034.15,179.74,123838.61,0,0,1.590539801,2.258361461,0.841561939,3.8577,4.499,2465.19,2378.61,0.2141,0,0.2141,Normal,175.9,2891.02,88.0191,7.3466
2022-11-11,2022,11,Nov,Q4,Fri,4,11,FY22-23,0,0,0,2443.48,41603.7,155.85,15647.06,164.81,109485.48,0,0,-3.975792349,-6.469423273,-8.306442639,4.2417,4.5635,2463.91,2378.37,-0.7172,0,0,Normal,170.26,2764.14,88.3993,7.6202
2022-11-12,2022,11,Nov,Q4,Sat,5,12,FY22-23,1,0,0,2473.71,37328.49,151.65,12918.17,74.95,19694.23,0,0,1.237169938,-2.694898941,-54.52339057,4.0726,4.5493,2456.1,2380.83,0.155,0,0.155,Normal,150.9,2700.31,91.6084,10.9166
2022-11-13,2022,11,Nov,Q4,Sun,6,13,FY22-23,1,0,0,2460.71,29862.99,140.94,8547.82,53.65,8246.85,0,0,-0.525526436,-7.06231454,-28.41894596,3.7178,4.5332,2461.23,2384.43,-0.1399,0,0,Normal,121.36,2655.3,92.6716,12.6456
2022-11-14,2022,11,Nov,Q4,Mon,0,14,FY22-23,0,0,0,2461.78,41601.59,162.41,16498.3,170.4,119805.17,0,0,0.043483385,15.23343267,217.6141659,3.6981,4.5095,2462.56,2385.94,-0.0447,0,0,Normal,168.99,2794.59,88.0909,7.397
2022-11-15,2022,11,Nov,Q4,Tue,1,15,FY22-23,0,0,0,2467.09,41038.85,162.37,16260.28,155.38,122122.95,0,0,0.215697585,-0.024629025,-8.814553991,3.1732,4.501,2479.46,2388.68,-0.0159,0,0,Normal,166.35,2784.84,88.59,7.7642
2022-11-16,2022,11,Nov,Q4,Wed,2,16,FY22-23,0,0,0,2460.06,39877.66,155.14,15450.91,159.38,102530.74,0,0,-0.284951096,-4.452793004,2.574333891,1.8194,4.4946,2473.07,2392.12,-0.0997,0,0,Normal,162.1,2774.58,88.6642,7.8216
2022-11-17,2022,11,Nov,Q4,Thu,3,17,FY22-23,0,0,0,2419.4,38887.99,150.97,14869.31,153.07,108795.4,0,0,-1.652805216,-2.687894805,-3.959091479,1.6825,4.4958,2455.18,2392.67,-0.3285,0,0,Normal,160.73,2723.44,88.8362,7.9575
2022-11-18,2022,11,Nov,Q4,Fri,4,18,FY22-23,0,0,0,2415.23,36774.04,148.95,14349.63,162.81,107954.75,0,0,-0.172356783,-1.338014175,6.363101849,0.8672,4.4766,2451.14,2391.23,-0.0808,0,0,Normal,152.26,2726.99,88.5676,7.7471
2022-11-19,2022,11,Nov,Q4,Sat,5,19,FY22-23,1,0,0,2435.64,36893,150.26,13630.26,104.41,60919.55,0,0,0.845054094,0.879489762,-35.87003255,0.7688,4.4717,2445.7,2391.51,0.0894,0,0.0894,Normal,151.47,2690.31,90.5338,9.5639
2022-11-20,2022,11,Nov,Q4,Sun,6,20,FY22-23,1,0,0,2391.96,30141.8,139.62,8742.04,52.95,9661.96,0,0,-1.793368478,-7.081059497,-49.28646681,0.9748,4.4353,2435.88,2387.45,-0.352,0,0,Normal,126.01,2584.53,92.5491,12.4212
2022-11-21,2022,11,Nov,Q4,Mon,0,21,FY22-23,0,0,0,2265.49,37029.58,154.76,15592.31,168.43,99142.12,0,0,-5.287295774,10.84371866,218.0925401,2.0548,4.4739,2407.84,2376.02,-0.9366,0,0,Normal,163.45,2588.68,87.5153,7.0098
2022-11-22,2022,11,Nov,Q4,Tue,1,22,FY22-23,0,0,0,2420.5,38450.98,154.07,15061.51,150.45,92580.84,0,0,6.842228392,-0.445851641,-10.67505789,3.6793,4.6237,2401.18,2372.7,1.0928,0,1.0928,Normal,158.86,2725.02,88.825,7.9486
2022-11-23,2022,11,Nov,Q4,Wed,2,23,FY22-23,0,0,0,2411.47,37158.59,149.5,14798.99,154.91,97231.79,0,0,-0.373063417,-2.966184202,2.964440013,3.6797,4.0987,2394.24,2378.64,-0.1144,0,0,Normal,154.09,2715.88,88.7915,7.9218
2022-11-24,2022,11,Nov,Q4,Thu,3,24,FY22-23,0,0,0,2390.62,37188.36,147.01,14828.14,138.53,99206.38,0,0,-0.864617847,-1.665551839,-10.57388161,3.6407,3.5105,2390.13,2392.05,-0.1966,0,0,Normal,155.56,2676.16,89.3302,8.3723
2022-11-25,2022,11,Nov,Q4,Fri,4,25,FY22-23,0,0,0,2413.07,37146.94,149.28,15274.68,143.21,124557.92,0,0,0.939086931,1.544112645,3.378329604,3.6619,3.2392,2389.82,2401.01,0.1051,0,0.1051,Normal,153.94,2705.56,89.1893,8.2501
2022-11-26,2022,11,Nov,Q4,Sat,5,26,FY22-23,1,0,0,2414.45,35261.16,144.48,12694.56,74.55,19801.72,0,0,0.057188561,-3.215434084,-47.94357936,3.6452,3.2397,2386.79,2409.83,-0.0424,0,0,Normal,146.04,2633.48,91.6829,11.0234
2022-11-27,2022,11,Nov,Q4,Sun,6,27,FY22-23,1,0,0,2341.36,27955.44,128.09,8406.01,56.11,9594.1,0,0,-3.027190457,-11.34413068,-24.73507713,3.7702,3.3006,2379.57,2415.8,-0.5585,0,0,Normal,119.4,2525.56,92.7066,12.711
2022-11-28,2022,11,Nov,Q4,Mon,0,28,FY22-23,0,1,0,2359.87,38785.39,151.96,16270.02,173.2,129646.02,0,0,0.790566167,18.63533453,208.6793798,3.0457,3.2846,2393.05,2420.86,0.0803,0,0.0803,Normal,164.35,2685.03,87.8899,7.2576
2022-11-29,2022,11,Nov,Q4,Tue,1,29,FY22-23,0,1,0,2389.6,39732.24,154.04,17071.38,166.38,129306.57,0,0,1.259815159,1.368781258,-3.937644342,1.4683,3.27,2388.63,2428.08,0.1588,0,0.1588,Normal,166.27,2710.02,88.1765,7.4577
2022-11-30,2022,11,Nov,Q4,Wed,2,30,FY22-23,0,1,0,2573.19,50047.55,172,21267.86,281.28,195538.36,0,0,7.682875795,11.65930927,69.0587811,3.3004,3.3319,2411.74,2436.48,1.2334,0,1.2334,Normal,194.5,3026.47,85.0228,5.6768
2022-12-01,2022,12,Dec,Q4,Thu,3,1,FY22-23,0,0,1,2692.15,53457.06,187.89,21555.09,280.64,160156.17,0,0,4.623055429,9.238372093,-0.227531286,3.4389,3.16,2454.81,2443.07,0.7215,0,0.7215,Normal,198.57,3160.68,85.1763,5.746
2022-12-02,2022,12,Dec,Q4,Fri,4,2,FY22-23,0,0,1,2660.28,48531.22,171.12,18952.15,186.52,113349.44,0,0,-1.183812195,-8.925435095,-33.53762828,3.6127,3.1717,2490.13,2448.41,-0.25,0,0,Normal,182.43,3017.92,88.1495,7.4384
2022-12-03,2022,12,Dec,Q4,Sat,5,3,FY22-23,1,0,1,2641.04,46558.2,162.51,16969.37,145.28,70971.26,0,0,-0.723232141,-5.031556802,-22.11022947,3.6746,3.1312,2522.5,2455.28,-0.173,0,0,Normal,176.29,2948.83,89.5623,8.5807
2022-12-04,2022,12,Dec,Q4,Sun,6,4,FY22-23,1,0,0,2524.83,37265.1,152.83,11664.61,61.82,11189.91,0,0,-4.400160543,-5.95655652,-57.44768722,3.9716,3.2459,2548.71,2457.69,-0.7882,0,0,Normal,147.59,2739.48,92.1646,11.7625
2022-12-05,2022,12,Dec,Q4,Mon,0,5,FY22-23,0,0,0,2630.16,50169.23,173.74,18986.45,182.05,112403.17,0,0,4.17176602,13.68186874,194.4839858,4.1233,3.2854,2587.32,2461.09,0.646,0,0.646,Normal,190.75,2985.95,88.0845,7.3925
2022-12-06,2022,12,Dec,Q4,Tue,1,6,FY22-23,0,0,0,2571.41,46197.13,163.02,17479.7,183.15,116063.67,0,0,-2.233704413,-6.170139289,0.604229607,4.3795,3.2188,2613.29,2465.97,-0.4257,0,0,Normal,179.66,2917.58,88.135,7.4282
2022-12-07,2022,12,Dec,Q4,Wed,2,7,FY22-23,0,0,0,2583.98,46284.96,168.16,18218.81,215.65,113183.48,0,0,0.488836864,3.152987364,17.74501775,3.2968,3.2147,2614.84,2470.36,0.0298,0,0.0298,Normal,179.12,2967.79,87.0675,6.7324
2022-12-08,2022,12,Dec,Q4,Thu,3,8,FY22-23,0,0,0,2514.95,43719.07,158.65,16742.35,176,112302.87,0,0,-2.671460305,-5.655328259,-18.38627406,2.7362,3.1524,2589.52,2475.9,-0.4989,0,0,Normal,173.84,2849.6,88.2562,7.5152
2022-12-09,2022,12,Dec,Q4,Fri,4,9,FY22-23,0,0,0,2488.63,42421.34,156.49,16514.97,195.76,118000.69,0,0,-1.046541681,-1.361487551,11.22727273,2.7347,2.9209,2565,2475.36,-0.2271,0,0,Normal,170.46,2840.88,87.6007,7.065
2022-12-10,2022,12,Dec,Q4,Sat,5,10,FY22-23,1,0,0,2537.77,41177.7,155.54,14352.96,84.83,22351.84,0,0,1.974580392,-0.607067544,-56.66632611,2.9482,2.9289,2550.25,2475.13,0.2784,0,0.2784,Normal,162.26,2778.14,91.3478,10.5578
2022-12-11,2022,12,Dec,Q4,Sun,6,11,FY22-23,1,0,0,2508.37,33518.33,141.76,9666.14,60.36,10192.7,0,0,-1.158497421,-8.859457374,-28.84592715,2.452,2.8398,2547.9,2477.29,-0.2458,0,0,Normal,133.63,2710.49,92.543,12.4103
2022-12-12,2022,12,Dec,Q4,Mon,0,12,FY22-23,0,0,0,2539.09,45151.66,164.97,17789.84,173.55,121722.56,0,0,1.224699705,16.37274266,187.5248509,1.7573,2.8396,2534.89,2479.47,0.1529,0,0.1529,Normal,177.83,2877.61,88.2361,7.5006
2022-12-13,2022,12,Dec,Q4,Tue,1,13,FY22-23,0,0,0,2557.97,43440.05,162.92,17218.99,184.32,107191.6,0,0,0.743573485,-1.242650179,6.205704408,1.6195,2.839,2532.97,2482.71,0.0724,0,0.0724,Normal,169.82,2905.21,88.0477,7.3666
2022-12-14,2022,12,Dec,Q4,Wed,2,14,FY22-23,0,0,0,2598.34,42458.09,159.31,16732.37,162.37,99581.34,0,0,1.578204592,-2.215811441,-11.90863715,1.73,2.8505,2535.02,2487.27,0.2121,0,0.2121,Normal,163.4,2920.02,88.9836,8.0774
2022-12-15,2022,12,Dec,Q4,Thu,3,15,FY22-23,0,0,0,2561.41,42710.62,158.59,16602.58,165.3,128763.59,0,0,-1.421292056,-0.45194903,1.80452054,1.4368,2.8662,2541.65,2490.41,-0.2898,0,0,Normal,166.75,2885.3,88.7745,7.9083
2022-12-16,2022,12,Dec,Q4,Fri,4,16,FY22-23,0,0,0,2517.51,39520.11,156.26,15298.28,151.14,111322.32,0,0,-1.713899766,-1.469197301,-8.566243194,1.556,2.8857,2545.78,2492.32,-0.3387,0,0,Normal,156.98,2824.91,89.1182,8.1897
2022-12-17,2022,12,Dec,Q4,Sat,5,17,FY22-23,1,0,0,2488.37,37570.68,143.45,13067.87,122.81,60951.92,0,0,-1.15749292,-8.197875336,-18.74421067,1.3943,2.8767,2538.72,2494.62,-0.2456,0,0,Normal,150.99,2754.63,90.3341,9.3456
2022-12-18,2022,12,Dec,Q4,Sun,6,18,FY22-23,1,0,0,2412.75,29305.27,137.27,8958.91,63.57,9784.28,0,0,-3.038937136,-4.308121297,-48.23711424,1.7335,2.9342,2525.06,2494.54,-0.5604,0,0,Normal,121.46,2613.59,92.3156,12.0133
2022-12-19,2022,12,Dec,Q4,Mon,0,19,FY22-23,0,0,0,2502.76,40811.37,158.28,16001.88,147.08,111662.89,0,0,3.730597866,15.3056021,131.366997,2.3188,3.0079,2519.87,2496.78,0.5722,0,0.5722,Normal,163.07,2808.12,89.1258,8.1961
2022-12-20,2022,12,Dec,Q4,Tue,1,20,FY22-23,0,0,0,2496.62,41271.64,155.89,15884.71,154.23,105636.73,0,0,-0.245329157,-1.50998231,4.861299973,2.2828,2.9869,2511.11,2500.27,-0.093,0,0,Normal,165.31,2806.74,88.9509,8.0505
2022-12-21,2022,12,Dec,Q4,Wed,2,21,FY22-23,0,0,0,2494.94,40183.79,152.98,15780.02,161.44,105328.25,0,0,-0.067290977,-1.866700879,4.674836283,2.1341,2.8036,2496.34,2507.92,-0.0632,0,0,Normal,161.06,2809.36,88.8081,7.9351
2022-12-22,2022,12,Dec,Q4,Thu,3,22,FY22-23,0,0,0,2473.99,39160.3,149.28,15095.54,150.4,106862.14,0,0,-0.839699552,-2.418616813,-6.838453915,2.1061,2.5283,2483.85,2509.7,-0.1925,0,0,Normal,158.29,2773.67,89.1955,8.2554
2022-12-23,2022,12,Dec,Q4,Fri,4,23,FY22-23,0,0,0,2477.96,38502.18,153.11,15827.95,165.23,132684.75,0,0,0.160469525,2.565648446,9.86037234,2.0406,2.5267,2478.2,2511.91,-0.0251,0,0,Normal,155.38,2796.3,88.6157,7.784
2022-12-24,2022,12,Dec,Q4,Sat,5,24,FY22-23,1,0,0,2471.85,36227.07,148.01,12856.18,80.74,21009.14,0,0,-0.246573795,-3.330938541,-51.13478182,1.9986,2.5209,2475.84,2514.62,-0.0932,0,0,Normal,146.56,2700.6,91.5297,10.8059
2022-12-25,2022,12,Dec,Q4,Sun,6,25,FY22-23,1,0,0,2331.58,28116.81,126.54,8018.64,60.48,9248.32,0,0,-5.674697089,-14.50577664,-25.09289076,2.7547,2.7294,2464.24,2511.91,-1.0014,0,0,Normal,120.59,2518.6,92.5744,12.467
2022-12-26,2022,12,Dec,Q4,Mon,0,26,FY22-23,0,0,0,2430.6,39846.63,151.85,15484.28,160.13,118972.07,0,0,4.246905532,20.00158053,164.7652116,2.889,2.8415,2453.93,2512.44,0.6586,0,0.6586,Normal,163.94,2742.58,88.6246,7.7909
2022-12-27,2022,12,Dec,Q4,Tue,1,27,FY22-23,0,0,0,2409.22,38765.65,155.34,15870.07,153.92,106850.48,0,0,-0.879618201,2.298320711,-3.878099045,2.894,2.7875,2441.45,2514.71,-0.1991,0,0,Normal,160.91,2718.48,88.6238,7.7903
2022-12-28,2022,12,Dec,Q4,Wed,2,28,FY22-23,0,1,0,2405.09,38372.59,152.39,15836.36,192.67,110840.53,0,0,-0.171424776,-1.899060126,25.1754158,2.8919,2.7852,2428.61,2516.21,-0.0807,0,0,Normal,159.55,2750.15,87.453,6.9701
2022-12-29,2022,12,Dec,Q4,Thu,3,29,FY22-23,0,1,0,2446.72,39919.76,149.9,16131.92,177.12,131059.35,0,0,1.730912357,-1.633965483,-8.070794623,3.0007,2.7933,2424.72,2518.12,0.2376,0,0.2376,Normal,163.16,2773.74,88.2101,7.4819
2022-12-30,2022,12,Dec,Q4,Fri,4,30,FY22-23,0,1,0,2553.91,44912.73,161.87,18731.21,263.91,207347.17,0,0,4.380967172,7.985323549,49.00067751,3.4557,2.5383,2435.57,2517.48,0.681,0,0.681,Normal,175.86,2979.69,85.7106,5.9982
2022-12-31,2022,12,Dec,Q4,Sat,5,31,FY22-23,1,1,0,2764.7,46424.52,168.45,18261.93,192.36,114696.56,0,0,8.253618961,4.064990424,-27.11151529,4.4938,2.8352,2477.4,2519.89,1.3289,0,1.3289,Normal,167.92,3125.51,88.456,7.6625
2023-01-01,2023,1,Jan,Q1,Sun,6,1,FY22-23,1,0,1,2577.99,35576.8,138.42,11098.21,78.08,15938.24,0,0,-6.753354794,-17.82724844,-59.40944063,4.7971,3.0945,2512.6,2517.15,-1.1819,0,0,Normal,138,2794.49,92.2526,11.9076
2023-01-02,2023,1,Jan,Q1,Mon,0,2,FY22-23,0,0,1,2641.16,50488.22,173.69,19862.41,248.21,133216.02,0,0,2.450358613,25.4804219,217.8919057,4.6749,3.1251,2542.68,2517.15,0.358,0,0.358,Normal,191.16,3063.06,86.2262,6.2602
2023-01-03,2023,1,Jan,Q1,Tue,1,3,FY22-23,0,0,1,2616.09,47767.96,168.36,18786.8,179.65,126606.17,0,0,-0.949204138,-3.068685589,-27.62177189,4.6803,3.0174,2572.24,2520.2,-0.2108,0,0,Normal,182.59,2964.1,88.2592,7.5173
2023-01-04,2023,1,Jan,Q1,Wed,2,4,FY22-23,0,0,0,2664.12,50171.67,173.58,19098.43,196.49,102193.86,0,0,1.835946011,3.100498931,9.373782355,4.638,2.9395,2609.24,2521.33,0.2552,0,0.2552,Normal,188.32,3034.19,87.8033,7.199
2023-01-05,2023,1,Jan,Q1,Thu,3,5,FY22-23,0,0,0,2680.05,48732.35,167.58,18526.18,194.52,118202.61,0,0,0.597946038,-3.456619426,-1.002595552,4.651,2.9078,2642.57,2524.95,0.0481,0,0.0481,Normal,181.83,3042.15,88.0972,7.4014
2023-01-06,2023,1,Jan,Q1,Fri,4,6,FY22-23,0,0,0,2618.33,45665.71,164.75,17630.18,210.49,126726.36,0,0,-2.302942109,-1.688745674,8.209952704,4.6236,2.942,2651.78,2526.09,-0.4373,0,0,Normal,174.41,2993.57,87.4651,6.9777
2023-01-07,2023,1,Jan,Q1,Sat,5,7,FY22-23,1,0,0,2721.27,46858.16,161.46,16488.74,209.13,91934.63,0,0,3.931513598,-1.996965099,-0.646111454,3.5777,2.9754,2645.57,2532.97,0.6058,0,0.6058,Normal,172.19,3091.86,88.014,7.3431
2023-01-08,2023,1,Jan,Q1,Sun,6,8,FY22-23,1,0,0,2607.93,36760.43,135.9,9982.54,72.55,11931.44,0,0,-4.164967093,-15.83054627,-65.30865969,2.842,3.077,2649.85,2536.95,-0.7488,0,0,Normal,140.96,2816.38,92.5987,12.5111
2023-01-09,2023,1,Jan,Q1,Mon,0,9,FY22-23,0,0,0,2683.52,50045.65,167.05,18361.43,188.46,115208.42,0,0,2.898467367,22.92126564,159.7656788,2.9055,3.0999,2655.9,2541.81,0.433,0,0.433,Normal,186.49,3039.03,88.3019,7.5484
2023-01-10,2023,1,Jan,Q1,Tue,1,10,FY22-23,0,0,0,2703.84,48440.96,166.45,17811.59,210.72,108054.7,0,0,0.757214405,-0.3591739,11.81152499,2.8579,3.09,2668.44,2548.32,0.0747,0,0.0747,Normal,179.16,3081.01,87.7582,7.1688
2023-01-11,2023,1,Jan,Q1,Wed,2,11,FY22-23,0,0,0,2703.8,46672.56,164.46,17037.57,174.85,111043.17,0,0,-0.001479377,-1.19555422,-17.02258922,2.7994,3.0854,2674.11,2553.81,-0.0522,0,0,Normal,172.62,3043.11,88.8499,7.9685
2023-01-12,2023,1,Jan,Q1,Thu,3,12,FY22-23,0,0,0,2708.92,45229.12,159.87,16419.23,172.04,108111.77,0,0,0.189363119,-2.790952207,-1.607091793,2.795,3.084,2678.23,2558.84,-0.0203,0,0,Normal,166.96,3040.83,89.0849,8.1616
2023-01-13,2023,1,Jan,Q1,Fri,4,13,FY22-23,0,0,0,2732.44,43782.2,162.76,16337.78,183.9,126317.85,0,0,0.868242695,1.807718772,6.893745641,2.5724,3.0761,2694.53,2563.31,0.0933,0,0.0933,Normal,160.23,3079.1,88.7415,7.8822
2023-01-14,2023,1,Jan,Q1,Sat,5,14,FY22-23,1,0,0,2634.47,37799.6,153.32,12471.55,74.62,18715.45,0,0,-3.585440119,-5.799950848,-59.42359978,2.538,3.1404,2682.13,2565.75,-0.6519,0,0,Normal,143.48,2862.41,92.0368,11.5577
2023-01-15,2023,1,Jan,Q1,Sun,6,15,FY22-23,1,0,0,2420.19,30014.56,124.8,8443.29,60.78,9750.53,0,0,-8.133704312,-18.60161753,-18.54730635,3.6915,3.4724,2655.31,2562.51,-1.4128,0,0,Normal,124.02,2605.77,92.8781,13.0412
2023-01-16,2023,1,Jan,Q1,Mon,0,16,FY22-23,0,0,0,2498.19,40226.62,147.55,14914.39,156.97,108504.49,0,0,3.222887459,18.22916667,158.2592958,3.7502,3.517,2628.84,2562.83,0.4872,0,0.4872,Normal,161.02,2802.71,89.1348,8.2037
2023-01-17,2023,1,Jan,Q1,Tue,1,17,FY22-23,0,0,0,2490.53,39728.11,144.94,14581.54,145.49,99400.97,0,0,-0.306621994,-1.768891901,-7.313499395,3.6903,3.4687,2598.36,2565.43,-0.1033,0,0,Normal,159.52,2780.96,89.5565,8.5753
2023-01-18,2023,1,Jan,Q1,Wed,2,18,FY22-23,0,0,0,2578.91,41137.76,147.55,15123.78,158.78,102329.69,0,0,3.548642257,1.800745136,9.134648429,4.0898,3.4624,2580.52,2567.96,0.5417,0,0.5417,Normal,159.52,2885.24,89.3829,8.4187
2023-01-19,2023,1,Jan,Q1,Thu,3,19,FY22-23,0,0,0,2545.27,40937.69,148.99,15398.52,147.13,109989.19,0,0,-1.304427064,0.975940359,-7.33719612,4.0808,3.472,2557.14,2569.59,-0.2702,0,0,Normal,160.84,2841.39,89.5783,8.5954
2023-01-20,2023,1,Jan,Q1,Fri,4,20,FY22-23,0,0,0,2608.3,41418.89,151.38,15421.37,157.66,118434.03,0,0,2.476358107,1.604134506,7.156936043,4.2336,3.4982,2539.41,2573.36,0.3623,0,0.3623,Normal,158.8,2917.34,89.4068,8.44
2023-01-21,2023,1,Jan,Q1,Sat,5,21,FY22-23,1,0,0,2647.35,39750.27,148.51,14399.57,122.4,63291.58,0,0,1.497143733,-1.895891135,-22.36458201,4.0654,3.5001,2541.25,2579.14,0.1985,0,0.1985,Normal,150.15,2918.26,90.7167,9.7721
2023-01-22,2023,1,Jan,Q1,Sun,6,22,FY22-23,1,0,0,2521.35,31046.89,134.99,9156.37,64.94,10772.37,0,0,-4.759476458,-9.103764056,-46.94444444,2.974,3.6194,2555.7,2580.59,-0.8483,0,0,Normal,123.14,2721.28,92.6531,12.6112
2023-01-23,2023,1,Jan,Q1,Mon,0,23,FY22-23,0,0,0,2562.8,41835.44,155.32,16219.36,152.2,95725.63,0,0,1.643960577,15.06037484,134.3701879,2.7988,3.6292,2564.93,2583.62,0.2231,0,0.2231,Normal,163.24,2870.32,89.2862,8.3338
2023-01-24,2023,1,Jan,Q1,Tue,1,24,FY22-23,0,0,0,2573.81,40626.95,153.86,15894.21,166.25,103220.95,0,0,0.429608241,-0.939994849,9.231274639,2.7817,3.4563,2576.83,2591.7,0.0199,0,0.0199,Normal,157.85,2893.92,88.9385,8.0404
2023-01-25,2023,1,Jan,Q1,Wed,2,25,FY22-23,0,0,0,2624.85,42730.7,157.55,16843.32,171.37,122438.28,0,0,1.983052362,2.398284154,3.079699248,2.5494,3.3933,2583.39,2598.17,0.2798,0,0.2798,Normal,162.79,2953.77,88.8644,7.9802
2023-01-26,2023,1,Jan,Q1,Thu,3,26,FY22-23,0,0,0,2410.42,31062.8,130.78,10235.4,66.88,14561.33,0,0,-8.169228718,-16.99143129,-60.97333256,4.106,3.7263,2564.13,2598.21,-1.4188,0,0,Normal,128.87,2608.08,92.4212,12.1948
2023-01-27,2023,1,Jan,Q1,Fri,4,27,FY22-23,0,0,0,2528.8,40158.06,142.51,16230.83,169.4,130222.6,0,0,4.911177305,8.969261355,153.2894737,4.5037,3.8291,2552.77,2602.33,0.7697,0,0.7697,Normal,158.8,2840.71,89.02,8.1075
2023-01-28,2023,1,Jan,Q1,Sat,5,28,FY22-23,1,1,0,2468.1,36651.22,143.46,13529.15,84.69,23152.89,0,0,-2.400347991,0.666619886,-50.00590319,4.4779,3.8478,2527.16,2603.05,-0.4536,0,0,Normal,148.5,2696.25,91.5382,10.8179
2023-01-29,2023,1,Jan,Q1,Sun,6,29,FY22-23,1,1,0,2425.11,29669.35,124.39,9109.13,65.45,11568.13,0,0,-1.741825696,-13.29290395,-22.71814854,4.1808,3.7747,2513.41,2598.75,-0.3434,0,0,Normal,122.34,2614.95,92.7402,12.7745
2023-01-30,2023,1,Jan,Q1,Mon,0,30,FY22-23,0,1,0,2507.01,44557.68,157.51,18961.05,210.6,161408.78,0,0,3.377166397,26.62593456,221.7723453,4.3742,3.4973,2505.44,2590.16,0.5131,0,0.5131,Normal,177.73,2875.12,87.1967,6.8105
2023-01-31,2023,1,Jan,Q1,Tue,1,31,FY22-23,0,1,0,2680.96,53514.4,173.34,23117.55,303.59,211207.83,0,0,6.938544322,10.05015555,44.15479582,5.1592,3.5147,2520.75,2593.6,1.1089,0,1.1089,Normal,199.61,3157.89,84.8972,5.6213
2023-02-01,2023,2,Feb,Q1,Wed,2,1,FY22-23,0,0,1,2889.81,58075.13,186.95,23409.97,293.57,151958.58,0,0,7.790119957,7.851621091,-3.300503969,5.824,3.7597,2558.6,2601.88,1.2514,0,1.2514,Normal,200.97,3370.33,85.7426,6.0139
2023-02-02,2023,2,Feb,Q1,Thu,3,2,FY22-23,0,0,1,2804.49,53349.07,180.3,21152.53,176.89,116752.81,0,0,-2.95244324,-3.557100829,-39.74520557,4.5762,3.8015,2614.9,2608.16,-0.546,0,0,Normal,190.23,3161.68,88.7025,7.8515
2023-02-03,2023,2,Feb,Q1,Fri,4,3,FY22-23,0,0,1,2742.31,48928.42,169.13,19281.87,198.58,116718.11,0,0,-2.217158913,-6.195230172,12.26185765,4.6836,3.8171,2645.4,2610.77,-0.4229,0,0,Normal,178.42,3110.02,88.1766,7.4578
2023-02-04,2023,2,Feb,Q1,Sat,5,4,FY22-23,1,0,0,2835.93,50154.95,175.81,18618.85,155.3,77998.41,0,0,3.413910171,3.949624549,-21.79474267,4.436,3.8624,2697.95,2615.97,0.5192,0,0.5192,Normal,176.86,3167.04,89.5451,8.5649
2023-02-05,2023,2,Feb,Q1,Sun,6,5,FY22-23,1,0,0,2724.5,39708.7,152,12129,74.1,11667.34,0,0,-3.929222513,-13.54302941,-52.28589826,4.8118,3.9108,2740.72,2619.51,-0.7094,0,0,Normal,145.75,2950.6,92.3372,12.05
2023-02-06,2023,2,Feb,Q1,Mon,0,6,FY22-23,0,0,0,2721.49,49382.48,171.88,19665.54,196.22,127546.9,0,0,-0.110478987,13.07894737,164.8043185,4.7987,3.8471,2771.36,2619.51,-0.0705,0,0,Normal,181.45,3089.59,88.0858,7.3933
2023-02-07,2023,2,Feb,Q1,Tue,1,7,FY22-23,0,0,0,2802.3,51094.93,170.91,19528.66,232.5,124610.21,0,0,2.969329301,-0.564347219,18.48945062,4.2174,3.7963,2788.69,2625.99,0.4448,0,0.4448,Normal,182.33,3205.71,87.4159,6.9465
2023-02-08,2023,2,Feb,Q1,Wed,2,8,FY22-23,0,0,0,2687.85,46745.96,170.22,18691.19,198.72,103048.26,0,0,-4.084145166,-0.403721257,-14.52903226,3.1468,3.8459,2759.84,2626.14,-0.7353,0,0,Normal,173.92,3056.79,87.9305,7.2853
2023-02-09,2023,2,Feb,Q1,Thu,3,9,FY22-23,0,0,0,2817.1,48838.54,164.86,17932.43,193.53,107476.68,0,0,4.808676079,-3.148866173,-2.611714976,3.6638,3.9406,2761.64,2629.91,0.7526,0,0.7526,Normal,173.36,3175.49,88.7139,7.8604
2023-02-10,2023,2,Feb,Q1,Fri,4,10,FY22-23,0,0,0,2705.28,45521.66,168.44,18009.81,210.38,128708.29,0,0,-3.969330162,2.171539488,8.706660466,3.9023,4.0139,2756.35,2629.96,-0.7161,0,0,Normal,168.27,3084.1,87.717,7.1413
2023-02-11,2023,2,Feb,Q1,Sat,5,11,FY22-23,1,0,0,2677.98,42389.83,161.14,14940.2,90.67,22799.8,0,0,-1.009137686,-4.333887438,-56.90179675,3.5776,4.0187,2733.79,2628.93,-0.2208,0,0,Normal,158.29,2929.79,91.4052,10.6349
2023-02-12,2023,2,Feb,Q1,Sun,6,12,FY22-23,1,0,0,2637.52,33672.53,141.44,9870.95,68.34,10100.72,0,0,-1.51084026,-12.22539407,-24.62777104,3.3287,4.0253,2721.36,2625.77,-0.3048,0,0,Normal,127.67,2847.3,92.6323,12.5728
2023-02-13,2023,2,Feb,Q1,Mon,0,13,FY22-23,0,0,0,2613.76,44763.87,166.65,18042.5,184.55,130739.16,0,0,-0.90084625,17.82381222,170.0468247,3.3301,3.9733,2705.97,2625.08,-0.2027,0,0,Normal,171.26,2964.96,88.155,7.4424
2023-02-14,2023,2,Feb,Q1,Tue,1,14,FY22-23,0,0,0,2738.56,46194.43,161.74,17292.52,168.68,111400.27,0,0,4.774730656,-2.946294629,-8.599295584,3.6959,3.749,2696.86,2635.69,0.7469,0,0.7469,Normal,168.68,3068.98,89.2336,8.2881
2023-02-15,2023,2,Feb,Q1,Wed,2,15,FY22-23,0,0,0,2750.19,46219.11,164.18,17380.24,172.73,120258.7,0,0,0.424675742,1.50859404,2.400995969,3.2912,3.7131,2705.77,2644.09,0.0191,0,0.0191,Normal,168.06,3087.1,89.0865,8.163
2023-02-16,2023,2,Feb,Q1,Thu,3,16,FY22-23,0,0,0,2530.37,40478.39,155.76,16306.76,161.4,113475.76,0,0,-7.992902309,-5.128517481,-6.559370115,3.914,4.0155,2664.81,2645.42,-1.3893,0,0,Normal,159.97,2847.53,88.8619,7.9782
2023-02-17,2023,2,Feb,Q1,Fri,4,17,FY22-23,0,0,0,2725.41,41977.12,155.27,15869.35,167.25,144107.65,0,0,7.707963657,-0.314586543,3.624535316,5.0012,4.2049,2667.68,2650.3,1.2376,0,1.2376,Normal,154.02,3047.93,89.4184,8.4504
2023-02-18,2023,2,Feb,Q1,Sat,5,18,FY22-23,1,0,0,2604.78,35674.95,144.85,12527.5,104.14,37566.55,0,0,-4.426123042,-6.710890707,-37.73393124,5.2983,4.2831,2657.23,2652.28,-0.7925,0,0,Normal,136.96,2853.77,91.2751,10.4614
2023-02-19,2023,2,Feb,Q1,Sun,6,19,FY22-23,1,0,0,2554.7,31261.7,136.85,9184.82,59.35,9940.19,0,0,-1.922619185,-5.522954781,-43.00941041,5.3166,4.2766,2645.4,2650.5,-0.3737,0,0,Normal,122.37,2750.9,92.8678,13.0209
2023-02-20,2023,2,Feb,Q1,Mon,0,20,FY22-23,0,0,0,2693,45260.1,160.42,17513.71,172.78,114433.7,0,0,5.413551493,17.22323712,191.1204718,5.7243,4.3817,2656.72,2652.02,0.8538,0,0.8538,Normal,168.07,3026.2,88.9895,8.0822
2023-02-21,2023,2,Feb,Q1,Tue,1,21,FY22-23,0,0,0,2650.99,42897.62,154.02,16533.63,204.26,115972.46,0,0,-1.559970293,-3.98952749,18.21970135,5.4423,4.2962,2644.21,2656.34,-0.313,0,0,Normal,161.82,3009.27,88.0941,7.3992
2023-02-22,2023,2,Feb,Q1,Wed,2,22,FY22-23,0,0,0,2604.64,41562.95,152.15,16122.46,179.18,105495.51,0,0,-1.748403427,-1.214128035,-12.27846862,5.4536,4.3031,2623.41,2657.73,-0.3445,0,0,Normal,159.57,2935.97,88.7148,7.8612
2023-02-23,2023,2,Feb,Q1,Thu,3,23,FY22-23,0,0,0,2619.62,40906.88,147.79,15872.09,167.62,108770.33,0,0,0.575127465,-2.865593165,-6.451612903,4.3874,4.3035,2636.16,2659.26,0.0442,0,0.0442,Normal,156.16,2935.03,89.2536,8.3054
2023-02-24,2023,2,Feb,Q1,Fri,4,24,FY22-23,0,0,0,2619.64,40347.83,147.77,16341.45,172.63,136049.61,0,0,0.00076347,-0.013532715,2.988903472,3.0685,4.2895,2621.05,2659.09,-0.0519,0,0,Normal,154.02,2940.04,89.1022,8.1762
2023-02-25,2023,2,Feb,Q1,Sat,5,25,FY22-23,1,0,0,2606.02,39270.42,146.51,14174.54,88.15,24066.18,0,0,-0.519918767,-0.852676457,-48.93703296,2.5523,3.9997,2621.23,2665.61,-0.139,0,0,Normal,150.69,2840.68,91.7393,11.1055
2023-02-26,2023,2,Feb,Q1,Sun,6,26,FY22-23,1,0,0,2535.51,30904.86,130.71,9288.81,69.08,10872,0,0,-2.705658437,-10.78424681,-21.63357913,2.667,3.9407,2618.49,2665.83,-0.5047,0,0,Normal,121.89,2735.3,92.6959,12.6909
2023-02-27,2023,2,Feb,Q1,Mon,0,27,FY22-23,0,0,0,2642.94,45348.53,161.42,19555.01,196.46,167414.52,0,0,4.237017405,23.49475939,184.3949045,2.2709,3.9825,2611.34,2671.66,0.6569,0,0.6569,Normal,171.58,3000.82,88.0739,7.385
2023-02-28,2023,2,Feb,Q1,Tue,1,28,FY22-23,0,1,0,2810.88,54915.62,178.97,23410.74,318.55,226023.2,0,0,6.354287271,10.8722587,62.1449659,3.2616,4.1113,2634.18,2684.52,1.0112,0,1.0112,Normal,195.37,3308.4,84.9619,5.6498
2023-03-01,2023,3,Mar,Q1,Wed,2,1,FY22-23,0,0,1,3012.07,59817.25,189.92,24041.1,300.56,153924.89,0,0,7.157544968,6.118343857,-5.647465076,3.7619,4.2556,2692.38,2701.35,1.1455,0,1.1455,Normal,198.59,3502.55,85.9965,6.1411
2023-03-02,2023,3,Mar,Q1,Thu,3,2,FY22-23,0,0,1,2813.58,53383.73,182.15,21818.8,194.47,124201.57,0,0,-6.58982029,-4.091196293,-35.29744477,5.0263,4.2884,2720.09,2705.77,-1.1545,0,0,Normal,189.74,3190.2,88.1945,7.4706
2023-03-03,2023,3,Mar,Q1,Fri,4,3,FY22-23,0,0,1,2941.07,52497.8,176.78,20199.79,216.42,125427.89,0,0,4.531237782,-2.948119682,11.28708798,5.1464,4.1291,2766.01,2707.48,0.7061,0,0.7061,Normal,178.5,3334.27,88.2073,7.4798
2023-03-04,2023,3,Mar,Q1,Sat,5,4,FY22-23,1,0,0,2985.36,53722.03,176.61,19895.15,184.2,90260.94,0,0,1.505914514,-0.096164725,-14.88771833,5.0516,4.094,2820.2,2713.51,0.2,0,0.2,Normal,179.95,3346.17,89.2172,8.2741
2023-03-05,2023,3,Mar,Q1,Sun,6,5,FY22-23,1,0,0,2870.1,42705.74,162.76,13380.69,78.72,14431.47,0,0,-3.860840904,-7.842138044,-57.26384365,5.2486,4.1395,2868,2717.77,-0.6979,0,0,Normal,148.8,3111.58,92.2393,11.8855
2023-03-06,2023,3,Mar,Q1,Mon,0,6,FY22-23,0,0,0,2976.54,55488.96,186.25,21802.15,243.06,148161.3,0,0,3.708581583,14.43229295,208.7652439,5.2132,4.1476,2915.66,2722.46,0.5685,0,0.5685,Normal,186.42,3405.85,87.3949,6.9333
2023-03-07,2023,3,Mar,Q1,Tue,1,7,FY22-23,0,0,0,2781.85,43805.38,160.93,16157.47,196.27,78388.44,0,0,-6.540815847,-13.59463087,-19.25039085,5.611,4.264,2911.51,2724.37,-1.1463,0,0,Normal,157.47,3139.05,88.6208,7.7879
2023-03-08,2023,3,Mar,Q1,Wed,2,8,FY22-23,0,0,0,2605.6,38788.84,136.82,13561.39,149.83,75399.07,0,0,-6.335711846,-14.98166905,-23.66128293,5.0242,4.4259,2853.44,2720.51,-1.112,0,0,Normal,148.87,2892.25,90.089,9.0898
2023-03-09,2023,3,Mar,Q1,Thu,3,9,FY22-23,0,0,0,2730.11,45891.88,163.65,18196.89,175.68,111835.11,0,0,4.778553884,19.60970618,17.2528866,5.1075,4.4804,2841.52,2718.1,0.7475,0,0.7475,Normal,168.1,3069.44,88.9449,8.0456
2023-03-10,2023,3,Mar,Q1,Fri,4,10,FY22-23,0,0,0,2912.25,51625.61,168.52,19379.62,200.69,130233.94,0,0,6.671526056,2.975863123,14.23611111,5.4954,4.5709,2837.4,2725.58,1.0642,0,1.0642,Normal,177.27,3281.46,88.7486,7.8878
2023-03-11,2023,3,Mar,Q1,Sat,5,11,FY22-23,1,0,0,2822.42,44702.23,162.28,15753.24,95.52,24509.78,0,0,-3.084556614,-3.702824591,-52.40420549,5.5578,4.5336,2814.12,2725.76,-0.5681,0,0,Normal,158.38,3080.22,91.6305,10.9481
2023-03-12,2023,3,Mar,Q1,Sun,6,12,FY22-23,1,0,0,2721.17,35015.26,143.87,10515.13,67.79,11115.75,0,0,-3.587347028,-11.3445896,-29.03056951,5.5325,4.5223,2792.85,2726.29,-0.6522,0,0,Normal,128.68,2932.83,92.7831,12.8563
2023-03-13,2023,3,Mar,Q1,Mon,0,13,FY22-23,0,0,0,2842.08,49324.67,169.42,19457.71,206.23,152971.65,0,0,4.443309312,17.75908807,204.2189113,5.6345,4.5845,2773.64,2731.76,0.6914,0,0.6914,Normal,173.55,3217.73,88.3256,7.5658
2023-03-14,2023,3,Mar,Q1,Tue,1,14,FY22-23,0,0,0,2851.91,48479.42,162.92,18804.54,187.51,122255.87,0,0,0.345873445,-3.836619053,-9.077243854,4.9706,4.5717,2783.65,2738.9,0.0059,0,0.0059,Normal,169.99,3202.34,89.0571,8.1383
2023-03-15,2023,3,Mar,Q1,Wed,2,15,FY22-23,0,0,0,2853.73,48315.2,161.71,18768.77,181.38,131429.55,0,0,0.063816881,-0.742695802,-3.269158978,4.0071,4.5659,2819.1,2746.9,-0.0413,0,0,Normal,169.31,3196.82,89.2678,8.3177
2023-03-16,2023,3,Mar,Q1,Thu,3,16,FY22-23,0,0,0,2798.96,45720.01,157.7,17506.42,179.97,143790.84,0,0,-1.919242535,-2.479747696,-0.77737347,3.856,4.5077,2828.93,2748.92,-0.3731,0,0,Normal,163.35,3136.63,89.2346,8.289
2023-03-17,2023,3,Mar,Q1,Fri,4,17,FY22-23,0,0,0,2737.56,41896.47,156.22,16453.28,193.37,127024.77,0,0,-2.193671935,-0.938490805,7.445685392,2.7604,4.5279,2803.98,2748.5,-0.419,0,0,Normal,153.04,3087.15,88.676,7.8308
2023-03-18,2023,3,Mar,Q1,Sat,5,18,FY22-23,1,0,0,2757.13,41909.31,149.47,15250.9,148.55,78502.56,0,0,0.714870176,-4.320829599,-23.17836272,2.617,4.2637,2794.65,2756.05,0.0676,0,0.0676,Normal,152,3055.15,90.2453,9.2515
2023-03-19,2023,3,Mar,Q1,Sun,6,19,FY22-23,1,0,0,2676.22,33235.82,139.49,9690.82,67.72,11989.43,0,0,-2.93457327,-6.676925135,-54.41265567,2.4891,4.0708,2788.23,2754.41,-0.543,0,0,Normal,124.19,2883.43,92.8138,12.9155
2023-03-20,2023,3,Mar,Q1,Mon,0,20,FY22-23,0,0,0,2764.64,46652.05,158.57,18020.39,176.84,130307.62,0,0,3.303913729,13.67839989,161.1340815,2.1478,4.0241,2777.16,2759.74,0.5008,0,0.5008,Normal,168.75,3100.05,89.1805,8.2426
2023-03-21,2023,3,Mar,Q1,Tue,1,21,FY22-23,0,0,0,2829.32,44602.04,162.13,17562.6,179.04,135727.3,0,0,2.339545113,2.245065271,1.244062429,2.3789,4.019,2773.94,2768.9,0.3394,0,0.3394,Normal,157.64,3170.49,89.2392,8.293
2023-03-22,2023,3,Mar,Q1,Wed,2,22,FY22-23,0,0,0,2732.58,39965.47,154.25,14932.79,152.12,74873.65,0,0,-3.419196132,-4.860297292,-15.0357462,2.686,3.9637,2756.63,2770.22,-0.624,0,0,Normal,146.26,3038.95,89.9186,8.9192
2023-03-23,2023,3,Mar,Q1,Thu,3,23,FY22-23,0,0,0,2715.52,42864.52,153.08,17244.62,168.38,142473.61,0,0,-0.62431841,-0.758508914,10.68892979,2.6228,3.9536,2744.71,2772.37,-0.1564,0,0,Normal,157.85,3036.98,89.4151,8.4475
2023-03-24,2023,3,Mar,Q1,Fri,4,24,FY22-23,0,0,0,2711.94,42625.03,154.89,17685.09,194.04,164777.28,0,0,-0.131834787,1.182388294,15.23933959,2.501,3.9378,2741.05,2775.94,-0.074,0,0,Normal,157.18,3060.87,88.6003,7.7722
2023-03-25,2023,3,Mar,Q1,Sat,5,25,FY22-23,1,0,0,2745.58,41335.82,154,15154.64,95.5,27342.06,0,0,1.240440423,-0.57460133,-50.78334364,2.5374,3.9418,2739.4,2780.14,0.1556,0,0.1556,Normal,150.55,2995.08,91.6697,11.0043
2023-03-26,2023,3,Mar,Q1,Sun,6,26,FY22-23,1,0,0,2695.47,32424,133.02,9973.87,73.59,12786.31,0,0,-1.825115276,-13.62337662,-22.94240838,2.3539,3.9595,2742.15,2782.67,-0.3573,0,0,Normal,120.29,2902.08,92.8806,13.0462
2023-03-27,2023,3,Mar,Q1,Mon,0,27,FY22-23,0,0,0,2755.29,45897.16,159.8,19616.31,224.82,218050.7,0,0,2.219279013,20.13231093,205.5034651,2.1354,3.9746,2740.81,2787.65,0.3193,0,0.3193,Normal,166.58,3139.91,87.7506,7.1637
2023-03-28,2023,3,Mar,Q1,Tue,1,28,FY22-23,0,1,0,2759.07,45057.3,157.34,19761.42,222.91,193394.52,0,0,0.137190641,-1.53942428,-0.849568544,1.8747,3.9351,2730.78,2795.1,-0.029,0,0,Normal,163.31,3139.32,87.8875,7.2559
2023-03-29,2023,3,Mar,Q1,Wed,2,29,FY22-23,0,1,0,2783,45843.3,158.28,20399.72,219.79,219328.46,0,0,0.867321235,0.597432312,-1.399668027,1.3208,3.868,2737.98,2799.77,0.0931,0,0.0931,Normal,164.73,3161.07,88.0398,7.3611
2023-03-30,2023,3,Mar,Q1,Thu,3,30,FY22-23,0,1,0,2655.43,42465.52,148.98,18546.55,181.03,179059.78,0,0,-4.583902264,-5.875663381,-17.63501524,2.2723,3.7869,2729.4,2794.58,-0.8189,0,0,Normal,159.92,2985.44,88.946,8.0465
2023-03-31,2023,3,Mar,Q1,Fri,4,31,FY22-23,0,1,0,2678.79,48892.77,168.75,26702.79,313.05,396593.31,0,0,0.879706865,13.27023762,72.92713915,2.3162,3.5361,2724.66,2783.48,0.0952,0,0.0952,Normal,182.52,3160.59,84.756,5.56
2023-04-01,2023,4,Apr,Q2,Sat,5,1,FY23-24,1,0,1,3096.22,51067.88,179.89,20763.12,45.83,19601.85,0,0,15.58278178,6.601481481,-85.36016611,6.435,4.3952,2774.75,2792.9,2.5552,1,2.5552,Elevated,164.94,3321.94,93.2052,13.7171
2023-04-02,2023,4,Apr,Q2,Sun,6,2,FY23-24,1,0,1,2705.9,40107.32,172.3,16419.76,91.59,28555.66,0,0,-12.60633934,-4.219245094,99.84726162,8.4492,4.9231,2776.24,2785.06,-2.1611,0,0,Normal,148.22,2969.79,91.1142,10.2539
2023-04-03,2023,4,Apr,Q2,Mon,0,3,FY23-24,0,0,1,2912.34,67174.84,188.8,23105.94,289.07,181635.36,0,0,7.629254592,9.576320371,215.6130582,8.8842,5.1177,2798.68,2782.62,1.2245,0,1.2245,Normal,230.66,3390.21,85.9044,6.0944
2023-04-04,2023,4,Apr,Q2,Tue,1,4,FY23-24,0,0,0,3026.28,55131.41,183.46,21385.65,165.63,74145.66,0,0,3.91231793,-2.828389831,-42.70245961,8.9284,5.11,2836.85,2787.83,0.6026,0,0.6026,Normal,182.18,3375.37,89.6577,8.6691
2023-04-05,2023,4,Apr,Q2,Wed,2,5,FY23-24,0,0,0,3055.58,55523.66,184.46,22348.95,210.45,135007.54,0,0,0.968185363,0.545077946,27.06031516,8.927,5.0714,2875.79,2790.46,0.11,0,0.11,Normal,181.71,3450.49,88.555,7.7374
2023-04-06,2023,4,Apr,Q2,Thu,3,6,FY23-24,0,0,0,3003.71,53108.05,174.9,20768.78,259.81,147277.89,0,0,-1.697550056,-5.182695435,23.45450226,8.6517,4.924,2925.55,2797.86,-0.336,0,0,Normal,176.81,3438.42,87.3573,6.9097
2023-04-07,2023,4,Apr,Q2,Fri,4,7,FY23-24,0,0,0,2996.84,49096.83,167.16,17271.79,167.2,66148.54,0,0,-0.228717153,-4.425385935,-35.64527924,8.6877,4.7606,2970.98,2810.9,-0.0902,0,0,Normal,163.83,3331.2,89.9628,8.9629
2023-04-08,2023,4,Apr,Q2,Sat,5,8,FY23-24,1,0,0,3059.59,45972.66,164.09,15495.1,90.48,22305.55,0,0,2.093872212,-1.836563771,-45.88516746,6.3336,4.7038,2965.75,2821.88,0.2983,0,0.2983,Normal,150.26,3314.16,92.3187,12.0187
2023-04-09,2023,4,Apr,Q2,Sun,6,9,FY23-24,1,0,0,2961.09,38971.53,155.95,11521.73,71.94,12415.83,0,0,-3.219385604,-4.960692303,-20.49071618,3.6367,4.6008,3002.2,2823.51,-0.5906,0,0,Normal,131.61,3188.98,92.8538,12.9935
2023-04-10,2023,4,Apr,Q2,Mon,0,10,FY23-24,0,0,0,3066.42,57032.84,185.26,21602.86,259.51,155181.19,0,0,3.557136055,18.79448541,260.7311649,2.6594,4.5993,3024.22,2831.65,0.5432,0,0.5432,Normal,185.99,3511.19,87.3328,6.8944
2023-04-11,2023,4,Apr,Q2,Tue,1,11,FY23-24,0,0,0,2934.13,51142.19,181.35,20290,222.35,121670.09,0,0,-4.314151356,-2.110547339,-14.31929405,2.8499,4.6227,3011.05,2838.74,-0.7738,0,0,Normal,174.3,3337.83,87.9053,7.2681
2023-04-12,2023,4,Apr,Q2,Wed,2,12,FY23-24,0,0,0,3173.5,52628.2,175.71,18993.11,195.53,127653.83,0,0,8.158125236,-3.110008271,-12.06206431,4.3359,4.783,3027.9,2849.79,1.313,0,1.313,Normal,165.84,3544.74,89.527,8.5484
2023-04-13,2023,4,Apr,Q2,Thu,3,13,FY23-24,0,0,0,3025.41,48837.58,169.75,18284.47,193.85,124620.63,0,0,-4.666456594,-3.391952649,-0.859203191,4.728,4.8744,3031,2855.57,-0.8327,0,0,Normal,161.42,3389.01,89.2712,8.3207
2023-04-14,2023,4,Apr,Q2,Fri,4,14,FY23-24,0,0,0,2921.59,41334.68,155.99,14177.82,104.33,37651.41,0,0,-3.431601006,-8.106038292,-46.18003611,4.9269,4.9221,3020.25,2857.84,-0.6261,0,0,Normal,141.48,3181.91,91.8188,11.2231
2023-04-15,2023,4,Apr,Q2,Sat,5,15,FY23-24,1,0,0,3036.99,45867.37,154.08,15808.96,140.88,81396.99,0,0,3.949903991,-1.224437464,35.03306815,5.1208,4.9518,3017.02,2865.77,0.6089,0,0.6089,Normal,151.03,3331.95,91.1475,10.2963
2023-04-16,2023,4,Apr,Q2,Sun,6,16,FY23-24,1,0,0,2902.9,35944.36,144.24,10060.41,72.65,12209.21,0,0,-4.415226919,-6.386292835,-48.43128904,5.2643,5.008,3008.71,2871.28,-0.7907,0,0,Normal,123.82,3119.79,93.0479,13.3842
2023-04-17,2023,4,Apr,Q2,Mon,0,17,FY23-24,0,0,0,2920.98,48059.75,167.91,18625.85,164.67,117218.21,0,0,0.62282545,16.41014975,126.6620785,5.03,5.0078,2987.93,2876.74,0.0522,0,0.0522,Normal,164.53,3253.56,89.778,8.7828
2023-04-18,2023,4,Apr,Q2,Tue,1,18,FY23-24,0,0,0,2895.77,45994.08,163.6,17572.52,171.35,112192.65,0,0,-0.863066505,-2.566851289,4.056598045,4.7658,4.9757,2982.45,2884.06,-0.1964,0,0,Normal,158.83,3230.72,89.6323,8.6454
2023-04-19,2023,4,Apr,Q2,Wed,2,19,FY23-24,0,0,0,2951.65,46337.61,163.59,17663.28,172.28,123596.06,0,0,1.929711269,-0.006112469,0.54274876,3.3355,4.9541,2950.76,2890.3,0.2709,0,0.2709,Normal,156.99,3287.52,89.7835,8.7881
2023-04-20,2023,4,Apr,Q2,Thu,3,20,FY23-24,0,0,0,3015.45,47613.07,166.8,17860.69,161.53,112698.94,0,0,2.161502888,1.96222263,-6.239842117,3.0659,4.9517,2949.33,2896.5,0.3097,0,0.3097,Normal,157.9,3343.78,90.1809,9.1842
2023-04-21,2023,4,Apr,Q2,Fri,4,21,FY23-24,0,0,0,3024.7,46341.28,170.03,17016.11,155.94,110887.78,0,0,0.306753553,1.936450839,-3.460657463,2.6699,4.9009,2964.06,2906.24,-0.0007,0,0,Normal,153.21,3350.67,90.2715,9.2791
2023-04-22,2023,4,Apr,Q2,Sat,5,22,FY23-24,1,0,0,2814.93,37244.28,142.31,12304.17,84.04,20904.18,0,0,-6.935233246,-16.30300535,-46.10747723,3.4113,5.0809,2932.34,2909.55,-1.2123,0,0,Normal,132.31,3041.28,92.5574,12.4362
2023-04-23,2023,4,Apr,Q2,Sun,6,23,FY23-24,1,0,0,2770.55,32251.65,132.65,8922.95,64.26,11252.07,0,0,-1.576593379,-6.787998032,-23.53641123,3.0956,5.0914,2913.43,2911.5,-0.3158,0,0,Normal,116.41,2967.46,93.3644,14.0701
2023-04-24,2023,4,Apr,Q2,Mon,0,24,FY23-24,0,0,0,2819.19,44918.84,154.34,17287.59,158.85,117195.27,0,0,1.755608092,16.35130041,147.1988796,3.1994,5.0959,2898.89,2913.96,0.2418,0,0.2418,Normal,159.33,3132.38,90.0015,9.0015
2023-04-25,2023,4,Apr,Q2,Tue,1,25,FY23-24,0,0,0,2811.87,44390.27,153.47,17126.66,155.66,108122.25,0,0,-0.259649048,-0.563690553,-2.008183821,3.1949,5.0824,2886.91,2917.84,-0.0954,0,0,Normal,157.87,3121,90.0952,9.0961
2023-04-26,2023,4,Apr,Q2,Wed,2,26,FY23-24,0,0,0,2860.46,44656.69,161.81,17698.79,177.13,110950.45,0,0,1.728031524,5.434286831,13.79288192,3.1715,5.0766,2873.88,2921.34,0.2371,0,0.2371,Normal,156.12,3199.4,89.4061,8.4394
2023-04-27,2023,4,Apr,Q2,Thu,3,27,FY23-24,0,0,0,2865.14,44563.42,155.81,17252.85,175.19,126052.98,0,0,0.163610049,-3.708052654,-1.095240784,2.9868,5.0766,2852.41,2924.88,-0.0246,0,0,Normal,155.54,3196.14,89.6438,8.656
2023-04-28,2023,4,Apr,Q2,Fri,4,28,FY23-24,0,1,0,2940.58,48699.12,165.94,19757.67,321.85,209171.48,0,0,2.633030149,6.501508247,83.71482391,3.235,5.0942,2840.39,2930.13,0.3886,0,0.3886,Normal,165.61,3428.37,85.772,6.0284
2023-04-29,2023,4,Apr,Q2,Sat,5,29,FY23-24,1,1,0,3098.5,52690.23,168.35,20035.13,210.29,114831.71,0,0,5.370369111,1.452332168,-34.66210968,2.2606,5.0888,2880.9,2944.9,0.8465,0,0.8465,Normal,170.05,3477.14,89.1106,8.1832
2023-04-30,2023,4,Apr,Q2,Sun,6,30,FY23-24,1,1,0,2964.34,42803.02,153.93,13627.55,71.22,18487.01,0,0,-4.329837018,-8.565488565,-66.13248371,2.9878,5.1686,2908.58,2954.42,-0.7764,0,0,Normal,144.39,3189.49,92.9409,13.1661
2023-05-01,2023,5,May,Q2,Mon,0,1,FY23-24,0,0,1,3105.69,56109.02,180.81,19587.47,215.33,85267.81,0,0,4.768346411,17.46248295,202.344847,3.3126,4.3975,2949.51,2954.74,0.7458,0,0.7458,Normal,180.67,3501.83,88.6876,7.8399
2023-05-02,2023,5,May,Q2,Tue,1,2,FY23-24,0,0,1,3096.52,57673.1,179.23,21888.99,210.99,132409.26,0,0,-0.295264498,-0.873845473,-2.015511076,3.3157,3.6875,2990.18,2967.76,-0.1014,0,0,Normal,186.25,3486.74,88.8085,7.9353
2023-05-03,2023,5,May,Q2,Wed,2,3,FY23-24,0,0,1,3091.21,54740.39,169.28,20336.77,188.8,115381.37,0,0,-0.171482826,-5.551525972,-10.51708612,3.365,3.435,3023.14,2973.72,-0.0807,0,0,Normal,177.08,3449.29,89.6187,8.6327
2023-05-04,2023,5,May,Q2,Thu,3,4,FY23-24,0,0,0,3027.83,55434.84,177.3,20595.47,185.73,125195.21,0,0,-2.050329806,4.737712665,-1.626059322,3.5722,3.3883,3046.38,2973.77,-0.395,0,0,Normal,183.08,3390.86,89.2939,8.3404
2023-05-05,2023,5,May,Q2,Fri,4,5,FY23-24,0,0,0,3127.48,53729.76,172.14,18794.6,146.8,78576.88,0,0,3.291135896,-2.910321489,-20.96053411,3.6352,3.436,3073.08,2976.17,0.4987,0,0.4987,Normal,171.8,3446.42,90.7458,9.8059
2023-05-06,2023,5,May,Q2,Sat,5,6,FY23-24,1,0,0,3196.78,53437.16,169.53,18309.26,182.01,87488.04,0,0,2.215841508,-1.516207738,23.98501362,3.1588,3.4384,3087.12,2982.6,0.3188,0,0.3188,Normal,167.16,3548.32,90.0928,9.0936
2023-05-07,2023,5,May,Q2,Sun,6,7,FY23-24,1,0,0,3094.33,41902.53,154.43,12096.61,72.43,13012.39,0,0,-3.204787317,-8.906978116,-60.20548322,2.8899,3.4956,3105.69,2985.85,-0.5882,0,0,Normal,135.42,3321.19,93.1693,13.6398
2023-05-08,2023,5,May,Q2,Mon,0,8,FY23-24,0,0,0,3103.63,54789.08,177.03,20159.15,195.48,124318.46,0,0,0.300549715,14.63446222,169.8881679,2.2517,3.4767,3105.4,2987.32,-0.0017,0,0,Normal,176.53,3476.14,89.2838,8.3317
2023-05-09,2023,5,May,Q2,Tue,1,9,FY23-24,0,0,0,3119.73,53279.57,172.67,19425.21,187.84,107663.34,0,0,0.518747402,-2.462859402,-3.908328218,2.2542,3.42,3108.71,2992.61,0.0348,0,0.0348,Normal,170.78,3480.24,89.6412,8.6537
2023-05-10,2023,5,May,Q2,Wed,2,10,FY23-24,0,0,0,3132.76,52894.17,173.21,19009.25,201.3,136747.66,0,0,0.417664349,0.312735275,7.165672913,2.2522,3.3622,3114.65,2994.82,0.0179,0,0.0179,Normal,168.84,3507.27,89.3219,8.365
2023-05-11,2023,5,May,Q2,Thu,3,11,FY23-24,0,0,0,3085.46,50019.11,164.8,17664.72,165.01,122331.05,0,0,-1.509850739,-4.855377865,-18.02781918,2.1694,3.2723,3122.88,2999.86,-0.3046,0,0,Normal,162.11,3415.27,90.3431,9.3553
2023-05-12,2023,5,May,Q2,Fri,4,12,FY23-24,0,0,0,3093.81,48240.66,163.78,17439.82,171.88,138339.47,0,0,0.270624153,-0.618932039,4.163384037,1.7285,2.9092,3118.07,2997.21,-0.0067,0,0,Normal,155.93,3429.47,90.2125,9.2171
2023-05-13,2023,5,May,Q2,Sat,5,13,FY23-24,1,0,0,3095.49,44730.46,160.14,14681.78,85.94,24294.41,0,0,0.054301977,-2.222493589,-50,1.3988,2.7751,3103.6,2999.54,-0.0429,0,0,Normal,144.5,3341.57,92.6358,12.5792
2023-05-14,2023,5,May,Q2,Sun,6,14,FY23-24,1,0,0,3062.02,37468.83,145.81,10180.32,67.93,12644.72,0,0,-1.081250464,-8.948420132,-20.95648127,0.807,2.7038,3098.99,3004.22,-0.2329,0,0,Normal,122.37,3275.76,93.4751,14.3259
2023-05-15,2023,5,May,Q2,Mon,0,15,FY23-24,0,0,0,3091.12,51693.49,166.32,18889.91,173.19,134145.36,0,0,0.950353035,14.0662506,154.9536287,0.8992,2.614,3097.2,3006.03,0.107,0,0.107,Normal,167.23,3430.63,90.1036,9.1047
2023-05-16,2023,5,May,Q2,Tue,1,16,FY23-24,0,0,0,3030.65,48266.02,160.31,17527.34,168.51,113126.51,0,0,-1.956248868,-3.613516114,-2.70223454,1.1004,2.5041,3084.47,3010.29,-0.3793,0,0,Normal,159.26,3359.47,90.2121,9.2167
2023-05-17,2023,5,May,Q2,Wed,2,17,FY23-24,0,0,0,2979.02,46493.98,152.72,16484.68,162.34,105810.06,0,0,-1.703594938,-4.734576758,-3.661503768,1.127,2.5256,3062.51,3012.22,-0.337,0,0,Normal,156.07,3294.08,90.4356,9.4554
2023-05-18,2023,5,May,Q2,Thu,3,18,FY23-24,0,0,0,3012.26,46334.97,160.14,16403.04,171.08,107012.07,0,0,1.115803184,4.858564694,5.383762474,1.2472,2.5255,3052.05,3016.11,0.1347,0,0.1347,Normal,153.82,3343.48,90.0936,9.0944
2023-05-19,2023,5,May,Q2,Fri,4,19,FY23-24,0,0,0,3012.85,44503.43,157.01,16191.13,160.12,109465.31,0,0,0.019586623,-1.954539778,-6.406359598,1.2304,2.5034,3040.49,3018.14,-0.0487,0,0,Normal,147.71,3329.98,90.4765,9.5004
2023-05-20,2023,5,May,Q2,Sat,5,20,FY23-24,1,0,0,3105.32,46688.26,158.75,15631.32,129.08,80109.97,0,0,3.069186982,1.108209668,-19.3854609,1.8001,2.5345,3041.89,3021.14,0.4615,0,0.4615,Normal,150.35,3393.15,91.5173,10.7887
2023-05-21,2023,5,May,Q2,Sun,6,21,FY23-24,1,0,0,2897.62,34744.2,137.45,9673.77,68.91,12142.39,0,0,-6.688521634,-13.41732283,-46.61450263,3.1406,2.823,3018.41,3016.9,-1.171,0,0,Normal,119.91,3103.98,93.3518,14.0416
2023-05-22,2023,5,May,Q2,Mon,0,22,FY23-24,0,0,0,2904.15,46610.35,158.9,16853.44,149.51,103068.83,0,0,0.225357362,15.60567479,116.9641561,3.087,2.5109,2991.7,3019.88,-0.0143,0,0,Normal,160.5,3212.56,90.3999,9.4165
2023-05-23,2023,5,May,Q2,Tue,1,23,FY23-24,0,0,0,2956.97,45016.09,150.24,16500.07,165.18,99120.45,0,0,1.818776578,-5.449968534,10.48090429,3.1887,2.5077,2981.17,3026.09,0.2523,0,0.2523,Normal,152.24,3272.39,90.3612,9.3747
2023-05-24,2023,5,May,Q2,Wed,2,24,FY23-24,0,0,0,2990.17,45428.85,153.07,16423.09,159.87,105836.07,0,0,1.122770945,1.883652822,-3.2146749,3.1611,2.4972,2982.76,3031.79,0.1359,0,0.1359,Normal,151.93,3303.11,90.5259,9.5551
2023-05-25,2023,5,May,Q2,Thu,3,25,FY23-24,0,0,0,2899.03,45736.15,157.52,17101.48,158.7,123167.3,0,0,-3.047987238,2.907166656,-0.731844624,3.325,2.5668,2966.59,3034.7,-0.5619,0,0,Normal,157.76,3215.25,90.165,9.1678
2023-05-26,2023,5,May,Q2,Fri,4,26,FY23-24,0,0,0,3002.19,44385.37,149.82,16594.54,153.93,117493.82,0,0,3.558431613,-4.888268156,-3.005671078,3.6681,2.6271,2965.06,3039.42,0.5434,0,0.5434,Normal,147.84,3305.94,90.812,9.8838
2023-05-27,2023,5,May,Q2,Sat,5,27,FY23-24,1,0,0,2916.71,41936.74,154.25,14228.66,85.68,24777.08,0,0,-2.847254837,2.956881591,-44.33833561,3.524,2.6852,2938.12,3041.14,-0.5284,0,0,Normal,143.78,3156.64,92.3992,12.1565
2023-05-28,2023,5,May,Q2,Sun,6,28,FY23-24,1,1,0,2970.83,33637.03,133.63,9522.65,69.33,12695.74,0,0,1.855515289,-13.36790924,-19.08263305,2.4863,2.6635,2948.58,3042.15,0.2585,0,0.2585,Normal,113.22,3173.79,93.6051,14.6375
2023-05-29,2023,5,May,Q2,Mon,0,29,FY23-24,0,1,0,2933.76,46315.4,152.96,17695.39,158.68,129448,0,0,-1.247799437,14.46531467,128.8763883,2.5631,2.4768,2952.81,3036.66,-0.2607,0,0,Normal,157.87,3245.4,90.3975,9.4139
2023-05-30,2023,5,May,Q2,Tue,1,30,FY23-24,0,1,0,2889.86,47998.33,176.67,19088.76,183.36,137222.86,0,0,-1.496373255,15.50078452,15.55331485,2.5142,2.3634,2943.22,3034.18,-0.3023,0,0,Normal,166.09,3249.89,88.9218,8.0267
2023-05-31,2023,5,May,Q2,Wed,2,31,FY23-24,0,1,0,3126.6,58908.11,175.57,22579.04,301.71,208018.67,0,0,8.19209235,-0.622629762,64.54515707,4.1005,2.6675,2962.71,3034.87,1.3186,0,1.3186,Normal,188.41,3603.88,86.7565,6.5509
2023-06-01,2023,6,Jun,Q2,Thu,3,1,FY23-24,0,0,1,3256.17,62898.87,178.84,21300.02,300.21,167457.26,0,0,4.144118211,1.862504984,-0.497166153,3.8981,2.7686,3013.73,3040.19,0.6414,0,0.6414,Normal,193.17,3735.22,87.1748,6.7971
2023-06-02,2023,6,Jun,Q2,Fri,4,2,FY23-24,0,0,1,3262.64,57644.81,177.76,21256.16,199.63,123157.96,0,0,0.198699699,-0.603891747,-33.50321442,3.8429,2.7677,3050.94,3045.91,-0.0187,0,0,Normal,176.68,3640.03,89.6322,8.6453
2023-06-03,2023,6,Jun,Q2,Sat,5,3,FY23-24,1,0,1,3232.11,54799.2,169.45,18703.32,154.4,72719.76,0,0,-0.935745286,-4.674842484,-22.65691529,3.5602,2.7436,3096,3052.72,-0.2085,0,0,Normal,169.55,3555.96,90.8928,9.9803
2023-06-04,2023,6,Jun,Q2,Sun,6,4,FY23-24,1,0,0,3119.87,45018.03,151.51,12836.06,77.69,13521.48,0,0,-3.472654087,-10.58719386,-49.68264249,4.019,2.7632,3117.29,3052.46,-0.633,0,0,Normal,144.29,3349.07,93.1563,13.612
2023-06-05,2023,6,Jun,Q2,Mon,0,5,FY23-24,0,0,0,3211.95,59403.41,178.48,21099.58,200.46,128639.48,0,0,2.951405026,17.80080523,158.0254859,3.9811,2.7865,3157.03,3052.97,0.4418,0,0.4418,Normal,184.95,3590.89,89.4472,8.4761
2023-06-06,2023,6,Jun,Q2,Tue,1,6,FY23-24,0,0,0,3157.27,54850.16,164.63,19107.38,203.26,119074.67,0,0,-1.702392628,-7.759973106,1.396787389,4.0065,2.739,3195.23,3055.07,-0.3368,0,0,Normal,173.73,3525.16,89.5639,8.5821
2023-06-07,2023,6,Jun,Q2,Wed,2,7,FY23-24,0,0,0,3260.02,56073.86,170.37,19564.95,236.48,117149.63,0,0,3.254393828,3.486606329,16.34359933,2.8733,2.7988,3214.29,3060.28,0.4925,0,0.4925,Normal,172,3666.87,88.9047,8.0128
2023-06-08,2023,6,Jun,Q2,Thu,3,8,FY23-24,0,0,0,3178.07,52908.79,165.75,18676.93,190.19,107843.16,0,0,-2.513788259,-2.711745026,-19.57459405,2.6073,2.8414,3203.13,3062.22,-0.4726,0,0,Normal,166.48,3534.01,89.9282,8.9287
2023-06-09,2023,6,Jun,Q2,Fri,4,9,FY23-24,0,0,0,3193.67,52262,163.42,18379.63,217.7,118012.89,0,0,0.490863952,-1.405731523,14.46448289,2.6193,2.8417,3193.28,3064.26,0.0301,0,0.0301,Normal,163.64,3574.79,89.3387,8.3797
2023-06-10,2023,6,Jun,Q2,Sat,5,10,FY23-24,1,0,0,3229.53,51283.62,162.01,15905.84,100.89,26904.85,0,0,1.12284613,-0.86280749,-53.6564079,2.6482,2.8308,3192.91,3069.06,0.1359,0,0.1359,Normal,158.8,3492.43,92.4723,12.2843
2023-06-11,2023,6,Jun,Q2,Sun,6,11,FY23-24,1,0,0,3116.14,39593.49,145.4,10446.03,75.9,13474.54,0,0,-3.51103721,-10.25245355,-24.769551,2.6567,2.9102,3192.38,3069.8,-0.6394,0,0,Normal,127.06,3337.44,93.3692,14.0811
2023-06-12,2023,6,Jun,Q2,Mon,0,12,FY23-24,0,0,0,3146.43,53040.32,164.94,18704.68,188.03,129451.97,0,0,0.972035916,13.43878955,147.7338603,2.3831,2.9149,3183.02,3071.5,0.1107,0,0.1107,Normal,168.57,3499.4,89.9134,8.9142
2023-06-13,2023,6,Jun,Q2,Tue,1,13,FY23-24,0,0,0,3124.12,50385.35,159.48,17607.26,204.19,113515.04,0,0,-0.709057567,-3.310294653,8.594373238,2.312,2.9105,3178.28,3073.57,-0.1706,0,0,Normal,161.28,3487.79,89.5731,8.5905
2023-06-14,2023,6,Jun,Q2,Wed,2,14,FY23-24,0,0,0,3140.38,50450.73,157.14,16742.76,180.82,117581.83,0,0,0.520466563,-1.467268623,-11.44522259,1.8251,2.9073,3161.19,3075.21,0.0351,0,0.0351,Normal,160.65,3478.34,90.2839,9.2922
2023-06-15,2023,6,Jun,Q2,Thu,3,15,FY23-24,0,0,0,3108.01,49745.39,156.38,17323.04,175.03,125451.71,0,0,-1.030766977,-0.483645157,-3.202079416,1.6306,2.8896,3151.18,3077.79,-0.2244,0,0,Normal,160.06,3439.42,90.3644,9.3781
2023-06-16,2023,6,Jun,Q2,Fri,4,16,FY23-24,0,0,0,3119.26,46355.7,152.38,16018.79,187.91,113785.06,0,0,0.361967947,-2.557871851,7.358738502,1.6208,2.8691,3140.55,3082.47,0.0086,0,0.0086,Normal,148.61,3459.55,90.1637,9.1665
2023-06-17,2023,6,Jun,Q2,Sat,5,17,FY23-24,1,0,0,3120.82,45835.99,147.49,14836.12,138.42,66735.39,0,0,0.050011862,-3.209082557,-26.33707626,1.5079,2.8639,3125.02,3086.08,-0.0436,0,0,Normal,146.87,3406.73,91.6075,10.9154
2023-06-18,2023,6,Jun,Q2,Sun,6,18,FY23-24,1,0,0,3013.49,35234.45,129.22,8891.51,75.14,12854.42,0,0,-3.439160221,-12.38728049,-45.715937,1.4838,2.9383,3110.36,3086.11,-0.6274,0,0,Normal,116.92,3217.85,93.6492,14.746
2023-06-19,2023,6,Jun,Q2,Mon,0,19,FY23-24,0,0,0,3099.47,49499.42,155.29,16986.42,152.08,114606.22,0,0,2.853170244,20.17489553,102.3955283,1.9,2.9309,3103.65,3085.91,0.4254,0,0.4254,Normal,159.7,3406.84,90.9779,10.0838
2023-06-20,2023,6,Jun,Q2,Tue,1,20,FY23-24,0,0,0,3074,48407.3,153.84,16722.45,161.58,110291.69,0,0,-0.821753397,-0.933736879,6.246712257,1.9055,2.6489,3096.49,3091.79,-0.1895,0,0,Normal,157.47,3389.42,90.694,9.7457
2023-06-21,2023,6,Jun,Q2,Wed,2,21,FY23-24,0,0,0,3071.31,47664.33,152.8,16600.56,161.95,101215.65,0,0,-0.087508133,-0.676027041,0.228988736,1.8801,2.6496,3086.62,3097.36,-0.0666,0,0,Normal,155.19,3386.06,90.7045,9.7579
2023-06-22,2023,6,Jun,Q2,Thu,3,22,FY23-24,0,0,0,3045.04,46704.89,148.96,16046.17,153.99,110937.51,0,0,-0.855335346,-2.513089005,-4.915097252,1.8699,2.6389,3077.63,3100.3,-0.1951,0,0,Normal,153.38,3347.99,90.9513,10.0513
2023-06-23,2023,6,Jun,Q2,Fri,4,23,FY23-24,0,0,0,3023.43,45579.36,147.92,15939.39,163.88,119588.33,0,0,-0.709678691,-0.698174006,6.422494967,1.8527,2.6363,3063.94,3101.41,-0.1707,0,0,Normal,150.75,3335.23,90.6513,9.6967
2023-06-24,2023,6,Jun,Q2,Sat,5,24,FY23-24,1,0,0,3006.31,42935.74,142.32,13664.51,94.93,25218.19,0,0,-0.566244299,-3.785830178,-42.07346839,1.8407,2.5733,3047.58,3104.98,-0.1467,0,0,Normal,142.82,3243.56,92.6855,12.6715
2023-06-25,2023,6,Jun,Q2,Sun,6,25,FY23-24,1,0,0,2947.34,35147.31,129.17,9255.38,73.23,12332.67,0,0,-1.961540892,-9.239741428,-22.8589487,1.5037,2.5182,3038.13,3103.15,-0.3802,0,0,Normal,119.25,3149.74,93.5741,14.562
2023-06-26,2023,6,Jun,Q2,Mon,0,26,FY23-24,0,0,0,3022.21,48619.69,154.13,17807.74,194.23,137192.14,0,0,2.540256638,19.3233723,165.2328281,1.3948,2.5025,3027.09,3106.67,0.373,0,0.373,Normal,160.87,3370.57,89.6647,8.6755
2023-06-27,2023,6,Jun,Q2,Tue,1,27,FY23-24,0,0,0,2999.57,47516.37,152.23,17533.53,178.5,124806.21,0,0,-0.749120677,-1.232725621,-8.098645935,1.391,2.4863,3016.46,3107.63,-0.1773,0,0,Normal,158.41,3330.3,90.0691,9.0695
2023-06-28,2023,6,Jun,Q2,Wed,2,28,FY23-24,0,1,0,3137.01,49897.31,154.39,17640,197.77,158424.85,0,0,4.581990085,1.418905603,10.79551821,2.3334,2.6054,3025.84,3114.4,0.7146,0,0.7146,Normal,159.06,3489.17,89.9071,8.9079
2023-06-29,2023,6,Jun,Q2,Thu,3,29,FY23-24,0,1,0,2805.97,37961.22,132.56,12987.23,109.56,56013.51,0,0,-10.55272377,-14.13951681,-44.60231582,4.7641,3.2583,2991.69,3111.61,-1.8176,0,0,Normal,135.29,3048.09,92.0567,11.5892
2023-06-30,2023,6,Jun,Q2,Fri,4,30,FY23-24,0,1,0,3129.03,57747.14,162.75,21898.53,349.07,281532.54,0,0,11.51330912,22.77459264,218.6108069,6.7428,3.5876,3006.78,3111.69,1.8743,0,1.8743,Normal,184.55,3640.85,85.9423,6.1135
2023-07-01,2023,7,Jul,Q3,Sat,5,1,FY23-24,1,0,1,3395.43,61917.81,176.63,21230.67,258.74,122315.03,0,0,8.513820577,8.528417819,-25.87733119,7.3111,3.8389,3062.37,3116.33,1.3725,0,1.3725,Normal,182.36,3830.8,88.635,7.799
2023-07-02,2023,7,Jul,Q3,Sun,6,2,FY23-24,1,0,1,3292.24,47229.91,155.71,13426.52,84.13,18890.65,0,0,-3.039084888,-11.84396762,-67.48473371,7.4186,3.8845,3111.64,3117.32,-0.5604,0,0,Normal,143.46,3532.08,93.2097,13.7268
2023-07-03,2023,7,Jul,Q3,Mon,0,3,FY23-24,0,0,1,3289.63,59189.38,174.62,20945.82,252.85,135514.78,0,0,-0.079277331,12.14437095,200.5467729,7.4428,3.8797,3149.84,3119.23,-0.0652,0,0,Normal,179.93,3717.1,88.4999,7.6956
2023-07-04,2023,7,Jul,Q3,Tue,1,4,FY23-24,0,0,0,3304.41,59449.73,171.31,20405.44,211.88,126079.85,0,0,0.44929065,-1.895544611,-16.20328258,7.3972,3.8197,3193.39,3125.39,0.0232,0,0.0232,Normal,179.91,3687.6,89.6087,8.6234
2023-07-05,2023,7,Jul,Q3,Wed,2,5,FY23-24,0,0,0,3312.82,59459.28,171.62,19984.12,214.54,122090.3,0,0,0.254508369,0.180958496,1.255427601,7.2891,3.7858,3218.5,3128.75,-0.0094,0,0,Normal,179.48,3698.98,89.5604,8.5789
2023-07-06,2023,7,Jul,Q3,Thu,3,6,FY23-24,0,0,0,3256.93,56399.5,167.07,19475.15,202.16,122473.75,0,0,-1.687082305,-2.651206153,-5.77048569,5.4949,3.7856,3282.93,3132.07,-0.3342,0,0,Normal,173.17,3626.16,89.8176,8.8209
2023-07-07,2023,7,Jul,Q3,Fri,4,7,FY23-24,0,0,0,3298.22,55271.86,167.27,19186.06,264.55,136605.04,0,0,1.267758288,0.119710301,30.86169371,3.6932,3.747,3307.1,3133.34,0.1601,0,0.1601,Normal,167.58,3730.04,88.4232,7.638
2023-07-08,2023,7,Jul,Q3,Sat,5,8,FY23-24,1,0,0,3264.78,50571.15,157.67,15784.29,143.76,44688.41,0,0,-1.013880214,-5.739224009,-45.65866566,1.4649,3.7207,3288.43,3136.23,-0.2216,0,0,Normal,154.9,3566.21,91.5476,10.831
2023-07-09,2023,7,Jul,Q3,Sun,6,9,FY23-24,1,0,0,3195.43,41980.62,148.7,11125.87,74.82,14465.12,0,0,-2.124186009,-5.689097482,-47.95492487,1.2273,3.7432,3274.6,3136.29,-0.4074,0,0,Normal,131.38,3418.95,93.4623,14.2959
2023-07-10,2023,7,Jul,Q3,Mon,0,10,FY23-24,0,0,0,3317.95,60484.85,174.83,20074.14,242.89,134121.31,0,0,3.834225754,17.57229321,224.6324512,2.034,3.8018,3278.65,3139.24,0.5895,0,0.5895,Normal,182.3,3735.67,88.8181,7.943
2023-07-11,2023,7,Jul,Q3,Tue,1,11,FY23-24,0,0,0,3266.74,53967.69,169.71,18386.4,291.72,112626.94,0,0,-1.543422897,-2.928559172,20.10375067,2.1211,3.7529,3273.27,3144.26,-0.3102,0,0,Normal,165.2,3728.17,87.6232,7.0796
2023-07-12,2023,7,Jul,Q3,Wed,2,12,FY23-24,0,0,0,3314.67,53590.28,167.72,17689.04,182.43,110770.23,0,0,1.467211961,-1.172588533,-37.46400658,2.207,3.7574,3273.53,3149.87,0.1935,0,0.1935,Normal,161.68,3664.82,90.4456,9.4664
2023-07-13,2023,7,Jul,Q3,Thu,3,13,FY23-24,0,0,0,3237.53,50613.67,165.04,17201.11,168.51,113576.62,0,0,-2.327230162,-1.597901264,-7.63032396,2.3012,3.7831,3270.76,3153.65,-0.4413,0,0,Normal,156.33,3571.08,90.6597,9.7063
2023-07-14,2023,7,Jul,Q3,Fri,4,14,FY23-24,0,0,0,3225.96,47947.78,158.11,16589.69,178.98,133834.65,0,0,-0.357371206,-4.198982065,6.213281111,2.2253,3.7838,3260.44,3156.5,-0.1118,0,0,Normal,148.63,3563.05,90.5393,9.57
2023-07-15,2023,7,Jul,Q3,Sat,5,15,FY23-24,1,0,0,3175.55,47729.74,156.18,15471.99,151.66,73723.42,0,0,-1.562635619,-1.220669154,-15.26427534,2.2641,3.7908,3247.69,3158.75,-0.3134,0,0,Normal,150.3,3483.39,91.1626,10.3156
2023-07-16,2023,7,Jul,Q3,Sun,6,16,FY23-24,1,0,0,3208.67,38071.82,143.71,9740.79,77.66,13881.29,0,0,1.042968935,-7.984377001,-48.79335355,2.1705,3.7942,3249.58,3161.73,0.1225,0,0.1225,Normal,118.65,3430.04,93.5461,14.4946
2023-07-17,2023,7,Jul,Q3,Mon,0,17,FY23-24,0,0,0,3170.26,48124.93,159.53,16435.14,165.9,109705.34,0,0,-1.197069191,11.00828057,113.623487,1.4246,3.8023,3228.48,3163.38,-0.2523,0,0,Normal,151.8,3495.69,90.6905,9.7418
2023-07-18,2023,7,Jul,Q3,Tue,1,18,FY23-24,0,0,0,3117.13,46846.49,150.67,15707.69,166.88,104982.11,0,0,-1.675887782,-5.55381433,0.5907173,1.4394,3.7587,3207.11,3166.83,-0.3324,0,0,Normal,150.29,3434.68,90.7546,9.8162
2023-07-19,2023,7,Jul,Q3,Wed,2,19,FY23-24,0,0,0,3154.42,47849.7,155.28,16586.09,170.54,110641.72,0,0,1.196292744,3.059666822,2.193192713,1.3749,3.7302,3184.22,3168.67,0.1482,0,0.1482,Normal,151.69,3480.24,90.638,9.6815
2023-07-20,2023,7,Jul,Q3,Thu,3,20,FY23-24,0,0,0,3153.75,47608.52,154.76,16200.21,170.25,113962.6,0,0,-0.021240038,-0.334878928,-0.170048083,1.182,3.726,3172.25,3171.32,-0.0555,0,0,Normal,150.96,3478.76,90.6573,9.7035
2023-07-21,2023,7,Jul,Q3,Fri,4,21,FY23-24,0,0,0,3152.82,45577.5,154.92,15830.43,170.21,113729.79,0,0,-0.029488704,0.103385888,-0.02349486,1.189,3.7259,3161.8,3174.04,-0.0569,0,0,Normal,144.56,3477.95,90.6517,9.6971
2023-07-22,2023,7,Jul,Q3,Sat,5,22,FY23-24,1,0,0,3136.92,42238.88,145.96,13068.49,97.96,24089.18,0,0,-0.504310427,-5.783630261,-42.44756477,1.0657,3.7232,3156.28,3177.1,-0.1364,0,0,Normal,134.65,3380.84,92.7852,12.8604
2023-07-23,2023,7,Jul,Q3,Sun,6,23,FY23-24,1,0,0,3093.14,34416.57,131.83,8947.11,81.15,12782.45,0,0,-1.395636484,-9.680734448,-17.16006533,0.9997,3.7308,3139.78,3179.43,-0.2855,0,0,Normal,111.27,3306.12,93.558,14.5231
2023-07-24,2023,7,Jul,Q3,Mon,0,24,FY23-24,0,0,0,3110.05,48206.15,155.9,16939.86,192.41,125009.8,0,0,0.546693651,18.25836304,137.1041282,1.0194,3.7291,3131.18,3182.89,0.0395,0,0.0395,Normal,155,3458.36,89.9285,8.929
2023-07-25,2023,7,Jul,Q3,Tue,1,25,FY23-24,0,0,0,3079.47,46984.69,153.64,16644.94,179.27,128653.15,0,0,-0.983263935,-1.44964721,-6.829166883,0.8848,3.714,3125.8,3187.29,-0.2165,0,0,Normal,152.57,3412.38,90.2441,9.2502
2023-07-26,2023,7,Jul,Q3,Wed,2,26,FY23-24,0,0,0,3107.65,46067.19,153.99,16410.17,172.02,117526.83,0,0,0.915092532,0.227805259,-4.044179171,0.8162,3.6906,3119.11,3190.14,0.1011,0,0.1011,Normal,148.24,3433.66,90.5055,9.5324
2023-07-27,2023,7,Jul,Q3,Thu,3,27,FY23-24,0,0,0,3140.61,45734.03,148.18,16468.18,196.92,114588.67,0,0,1.060608498,-3.772972271,14.47506104,0.9495,3.6901,3117.24,3194.84,0.1255,0,0.1255,Normal,145.62,3485.71,90.0996,9.1006
2023-07-28,2023,7,Jul,Q3,Fri,4,28,FY23-24,0,1,0,3152.33,46273.69,152.44,17329.7,196.4,146287.8,0,0,0.373175912,2.8748819,-0.264066626,0.9634,3.5973,3117.17,3195.35,0.0105,0,0.0105,Normal,146.79,3501.17,90.0365,9.0366
2023-07-29,2023,7,Jul,Q3,Sat,5,29,FY23-24,1,1,0,3167.06,42690.11,144.17,14446.44,113.34,45628.25,0,0,0.467273414,-5.425085279,-42.29124236,0.9482,2.9848,3121.47,3207.39,0.0262,0,0.0262,Normal,134.79,3424.57,92.4805,12.2988
2023-07-30,2023,7,Jul,Q3,Sun,6,30,FY23-24,1,1,0,3172.1,36936.18,133.02,10489.73,82.93,15113.04,0,0,0.159138128,-7.733925227,-26.83077466,0.6696,2.1306,3132.75,3208.82,-0.0254,0,0,Normal,116.44,3388.05,93.6261,14.689
2023-07-31,2023,7,Jul,Q3,Mon,0,31,FY23-24,0,1,0,3377.89,64106.76,176.92,24090.59,319.33,231006.32,0,0,6.487500394,33.00255601,285.0596889,2.4196,1.8698,3171.02,3208.24,1.0334,0,1.0334,Normal,189.78,3874.14,87.1907,6.8068
2023-08-01,2023,8,Aug,Q3,Tue,1,1,FY23-24,0,0,1,3552.48,66969.23,183.55,22986.1,328.06,165795.61,0,0,5.168611174,3.747456478,2.733848996,2.6002,2.0054,3238.59,3216.91,0.8128,0,0.8128,Normal,188.51,4064.09,87.4115,6.9437
2023-08-02,2023,8,Aug,Q3,Wed,2,2,FY23-24,0,0,1,3456.88,62307.11,179.12,20993.69,261.96,121539.16,0,0,-2.691077782,-2.413511305,-20.14875328,3.1672,2.0767,3288.48,3222.49,-0.5022,0,0,Normal,180.24,3897.96,88.6843,7.8373
2023-08-03,2023,8,Aug,Q3,Thu,3,3,FY23-24,0,0,1,3485.69,59287.21,168.9,19962.96,207.23,117550.39,0,0,0.833410474,-5.705672175,-20.89250267,3.1745,2.0795,3337.78,3228.53,0.0875,0,0.0875,Normal,170.09,3861.82,90.2603,9.2672
2023-08-04,2023,8,Aug,Q3,Fri,4,4,FY23-24,0,0,0,3447.93,57716.61,171,19584.82,197.76,122217.24,0,0,-1.083286236,1.243339254,-4.56980167,3.3088,2.0926,3380,3233.03,-0.2332,0,0,Normal,167.39,3816.69,90.3382,9.3501
2023-08-05,2023,8,Aug,Q3,Sat,5,5,FY23-24,1,0,0,3562.42,57820.12,165.36,17792.74,187.33,84623.91,0,0,3.32054305,-3.298245614,-5.274069579,3.3595,2.1399,3436.48,3243.22,0.5036,0,0.5036,Normal,162.31,3915.11,90.9916,10.1007
2023-08-06,2023,8,Aug,Q3,Sun,6,6,FY23-24,1,0,0,2988.15,36438.5,141.03,11526.09,88.23,15904.6,0,0,-16.12022165,-14.71335269,-52.90129718,7.5984,3.6772,3410.21,3232.88,-2.749,0,0,Normal,121.94,3217.41,92.8744,13.0339
2023-08-07,2023,8,Aug,Q3,Mon,0,7,FY23-24,0,0,0,3591.07,63298.71,175.28,20399.1,243.26,128007.46,0,0,20.17703261,24.28561299,175.7112093,10.8062,5.2332,3440.66,3243.76,3.3238,1,3.3238,High,176.27,4009.61,89.5616,8.58
2023-08-08,2023,8,Aug,Q3,Tue,1,8,FY23-24,0,0,0,3492.43,55950.61,166.71,18566.66,219.25,119313.8,0,0,-2.746813624,-4.889319945,-9.870097838,10.7568,5.245,3432.08,3253.66,-0.5115,0,0,Normal,160.21,3878.39,90.0484,9.0487
2023-08-09,2023,8,Aug,Q3,Wed,2,9,FY23-24,0,0,0,3503.43,56345.84,166.71,18511.82,213.39,109455.62,0,0,0.314966943,0,-2.672748005,10.6799,5.2053,3438.73,3259.84,0.0007,0,0.0007,Normal,160.83,3883.53,90.2125,9.2171
2023-08-10,2023,8,Aug,Q3,Thu,3,10,FY23-24,0,0,0,3547.91,57156.72,169.07,18466.15,215.3,125081.35,0,0,1.269612922,1.415631936,0.895074746,10.6823,5.1961,3447.62,3269.21,0.1604,0,0.1604,Normal,161.1,3932.28,90.2253,9.2305
2023-08-11,2023,8,Aug,Q3,Fri,4,11,FY23-24,0,0,0,3533.91,53813.39,162.2,17455.22,206.38,131211.75,0,0,-0.39459851,-4.06340569,-4.143056201,10.6659,5.1941,3459.9,3276.52,-0.118,0,0,Normal,152.28,3902.49,90.5553,9.5879
2023-08-12,2023,8,Aug,Q3,Sat,5,12,FY23-24,1,0,0,3526.84,48703.92,155.67,14480.27,108.09,26225.87,0,0,-0.200061688,-4.025893958,-47.62573893,10.6119,5.1709,3454.82,3286.16,-0.0855,0,0,Normal,138.1,3790.6,93.0417,13.3714
2023-08-13,2023,8,Aug,Q3,Sun,6,13,FY23-24,1,0,0,3427.23,38677.49,139.83,9571.73,84.37,13595.42,0,0,-2.824341337,-10.17537098,-21.94467573,8.0601,5.2031,3517.55,3292.87,-0.5245,0,0,Normal,112.85,3651.43,93.8599,15.2865
2023-08-14,2023,8,Aug,Q3,Mon,0,14,FY23-24,0,0,0,3533.66,54501.9,167.73,17796.51,213.79,158670.16,0,0,3.10542333,19.95279983,153.3957568,2.1119,5.2143,3509.34,3304.81,0.4676,0,0.4676,Normal,154.24,3915.18,90.2554,9.2621
2023-08-15,2023,8,Aug,Q3,Tue,1,15,FY23-24,0,0,0,3284.6,39607.89,139.11,10754.85,92.24,18143.75,0,0,-7.048216297,-17.06313718,-56.85485757,3.2771,5.3908,3479.65,3307.34,-1.2312,0,0,Normal,120.59,3515.95,93.42,14.1975
2023-08-16,2023,8,Aug,Q3,Wed,2,16,FY23-24,0,0,0,3401.64,50036.67,157.9,16510.65,176.74,101163.88,0,0,3.563295378,13.50729638,91.60884649,3.6717,5.4177,3465.11,3315.05,0.5442,0,0.5442,Normal,147.1,3736.28,91.0435,10.1651
2023-08-17,2023,8,Aug,Q3,Thu,3,17,FY23-24,0,0,0,3322.78,49839.67,157.24,17084.57,187.26,140827.32,0,0,-2.318293529,-0.417986067,5.952246237,3.6565,5.4274,3432.95,3321.91,-0.4399,0,0,Normal,149.99,3667.28,90.6061,9.6452
2023-08-18,2023,8,Aug,Q3,Fri,4,18,FY23-24,0,0,0,3372.98,48000.66,153.85,16473.96,186.25,131195.48,0,0,1.510783139,-2.155939964,-0.539357044,3.7674,5.4294,3409.96,3329.19,0.2008,0,0.2008,Normal,142.31,3713.08,90.8405,9.9176
2023-08-19,2023,8,Aug,Q3,Sat,5,19,FY23-24,1,0,0,3352.03,47379.98,152.72,15362.07,144.16,74771.43,0,0,-0.621112488,-0.734481638,-22.59865772,3.7632,5.4319,3384.99,3335.8,-0.1559,0,0,Normal,141.35,3648.91,91.8639,11.2909
2023-08-20,2023,8,Aug,Q3,Sun,6,20,FY23-24,1,0,0,3356.88,38720.84,136.36,9796.24,83.11,13510.65,0,0,0.144688443,-10.71241488,-42.34877913,3.6443,5.4316,3374.94,3342.61,-0.0278,0,0,Normal,115.35,3576.35,93.8633,15.2954
2023-08-21,2023,8,Aug,Q3,Mon,0,21,FY23-24,0,0,0,3347.38,50543.5,157.24,17121.91,191.56,117402.15,0,0,-0.283000882,15.31240833,130.4897124,3.3385,5.4306,3348.33,3349.62,-0.0993,0,0,Normal,150.99,3696.18,90.5632,9.5968
2023-08-22,2023,8,Aug,Q3,Tue,1,22,FY23-24,0,0,0,3272.87,47968.58,148.67,16367.63,180.23,111236,0,0,-2.225919973,-5.450267108,-5.914595949,2.0732,5.4419,3346.65,3355.61,-0.4244,0,0,Normal,146.56,3601.77,90.8684,9.951
2023-08-23,2023,8,Aug,Q3,Wed,2,23,FY23-24,0,0,0,3314.39,47616.87,149.89,16104.22,182.34,105146.61,0,0,1.268611341,0.820609403,1.170726294,1.5164,5.4445,3334.19,3362.42,0.1603,0,0.1603,Normal,143.67,3646.62,90.8894,9.9762
2023-08-24,2023,8,Aug,Q3,Thu,3,24,FY23-24,0,0,0,3350.51,47858.74,150.59,16194.27,179.95,117338.46,0,0,1.089793295,0.46700914,-1.310738181,1.3172,5.4401,3338.15,3371.46,0.1304,0,0.1304,Normal,142.84,3681.05,91.0205,10.1365
2023-08-25,2023,8,Aug,Q3,Fri,4,25,FY23-24,0,0,0,3310.38,46491.48,153.38,16420.31,189.8,134203.43,0,0,-1.197728107,1.852712664,5.473742706,1.2381,5.4472,3329.21,3378.22,-0.2524,0,0,Normal,140.44,3653.56,90.607,9.6462
2023-08-26,2023,8,Aug,Q3,Sat,5,26,FY23-24,1,0,0,3381.55,45179.66,146.46,14098.92,105.11,25921.52,0,0,2.149904241,-4.511670361,-44.62065332,1.5156,5.4557,3333.42,3386.25,0.3077,0,0.3077,Normal,133.61,3633.12,93.0756,13.4418
2023-08-27,2023,8,Aug,Q3,Sun,6,27,FY23-24,1,0,0,3328.27,36874.21,138.4,9652.68,80.78,13160.53,0,0,-1.575608818,-5.503209067,-23.14717915,1.6475,5.4675,3329.34,3392.11,-0.3156,0,0,Normal,110.79,3547.45,93.8215,15.1851
2023-08-28,2023,8,Aug,Q3,Mon,0,28,FY23-24,0,1,0,3396.45,51900.82,160.51,18216.48,224.3,145765.55,0,0,2.048511689,15.97543353,177.6677395,1.8322,5.4765,3336.35,3399.76,0.2908,0,0.2908,Normal,152.81,3781.26,89.8232,8.8263
2023-08-29,2023,8,Aug,Q3,Tue,1,29,FY23-24,0,1,0,3413.46,51131.17,158.57,18092.42,201.2,125938.8,0,0,0.50081703,-1.208647436,-10.29870709,1.4811,5.4764,3356.43,3407.8,0.0318,0,0.0318,Normal,149.79,3773.23,90.4652,9.4879
2023-08-30,2023,8,Aug,Q3,Wed,2,30,FY23-24,0,1,0,3561.35,50318.3,157.22,17044.87,179.6,120790.69,0,0,4.332554065,-0.851359021,-10.73558648,2.0507,5.4073,3391.71,3413.92,0.6729,0,0.6729,Normal,141.29,3898.17,91.3595,10.5735
2023-08-31,2023,8,Aug,Q3,Thu,3,31,FY23-24,0,1,0,3442.61,58080.14,161.38,20889.62,292.88,198893.06,0,0,-3.334128912,2.645973795,63.07349666,2.6348,5.3669,3404.87,3410.26,-0.6098,0,0,Normal,168.71,3896.87,88.343,7.5785
2023-09-01,2023,9,Sep,Q3,Fri,4,1,FY23-24,0,0,1,3655.33,66251.46,181.94,23048.55,351.06,169489.94,0,0,6.179032769,12.7401165,19.86479104,3.2777,5.4553,3454.15,3416.87,0.9818,0,0.9818,Normal,181.25,4188.33,87.2742,6.858
2023-09-02,2023,9,Sep,Q3,Sat,5,2,FY23-24,1,0,1,3674.04,61319.8,171.34,19759.18,191.87,88522.67,0,0,0.511855291,-5.826096515,-45.34552498,3.2797,5.4546,3495.93,3423.15,0.0337,0,0.0337,Normal,166.9,4037.25,91.0035,10.1155
2023-09-03,2023,9,Sep,Q3,Sun,6,3,FY23-24,1,0,1,3519.03,48259.6,152.1,13176.64,88.87,15889.69,0,0,-4.219061306,-11.22913505,-53.68218064,3.7727,5.5121,3523.18,3425.52,-0.7579,0,0,Normal,137.14,3760,93.5912,14.6036
2023-09-04,2023,9,Sep,Q3,Mon,0,4,FY23-24,0,0,0,3608.71,65160.82,179.61,22200.77,224.75,120307.53,0,0,2.548429539,18.08678501,152.8974907,3.8036,5.4988,3553.5,3427.06,0.3744,0,0.3744,Normal,180.57,4013.07,89.9239,8.9245
2023-09-05,2023,9,Sep,Q3,Tue,1,5,FY23-24,0,0,0,3595.88,62292.52,176.24,20937.72,226.79,122046.87,0,0,-0.355528707,-1.876287512,0.907675195,3.8334,4.5598,3579.56,3447.32,-0.1115,0,0,Normal,173.23,3998.91,89.9215,8.9221
2023-09-06,2023,9,Sep,Q3,Wed,2,6,FY23-24,0,0,0,3619.58,59538.75,167.24,19361.04,232.7,120530.81,0,0,0.659087623,-5.106672719,2.605935006,3.5083,2.6999,3587.88,3448.27,0.0583,0,0.0583,Normal,164.49,4019.52,90.0501,9.0503
2023-09-07,2023,9,Sep,Q3,Thu,3,7,FY23-24,0,0,0,3539.64,56509.07,164.32,17947.2,207.49,107648.13,0,0,-2.208543533,-1.745993781,-10.83369145,3.3364,2.6824,3601.74,3449.84,-0.4215,0,0,Normal,159.65,3911.45,90.4943,9.52
2023-09-08,2023,9,Sep,Q3,Fri,4,8,FY23-24,0,0,0,3505.83,55244.15,161.34,18282.17,238.91,121621.41,0,0,-0.955181883,-1.813534567,15.14289845,2.1833,2.6885,3580.39,3449.92,-0.2118,0,0,Normal,157.58,3906.08,89.7532,8.7591
2023-09-09,2023,9,Sep,Q3,Sat,5,9,FY23-24,1,0,0,3565.07,52442.49,157.14,15756.95,111.15,28547.28,0,0,1.689756777,-2.603198215,-53.47620443,2.3219,2.6963,3564.82,3450.5,0.2307,0,0.2307,Normal,147.1,3833.36,93.0012,13.2881
2023-09-10,2023,9,Sep,Q3,Sun,6,10,FY23-24,1,0,0,3551.89,43863.43,145.49,11350.09,86.78,14021.85,0,0,-0.369698211,-7.413771159,-21.92532614,1.6172,2.6961,3569.51,3451.1,-0.1138,0,0,Normal,123.49,3784.16,93.862,15.2921
2023-09-11,2023,9,Sep,Q3,Mon,0,11,FY23-24,0,0,0,3571.22,58890.66,167.72,19431.61,229.48,142164.69,0,0,0.544217304,15.27940065,164.4388108,1.2581,2.6971,3564.16,3452.57,0.0391,0,0.0391,Normal,164.9,3968.42,89.991,8.991
2023-09-12,2023,9,Sep,Q3,Tue,1,12,FY23-24,0,0,0,3567.62,57361.62,168.84,18965.12,212.06,119171.12,0,0,-0.100805887,0.667779633,-7.591075475,1.2546,2.6414,3560.12,3457.25,-0.0688,0,0,Normal,160.78,3948.52,90.3533,9.3663
2023-09-13,2023,9,Sep,Q3,Wed,2,13,FY23-24,0,0,0,3551.08,55420.78,158.86,17064.54,198.09,113957.87,0,0,-0.463614398,-5.910921583,-6.587758182,1.2115,2.5843,3550.34,3457.84,-0.1295,0,0,Normal,156.07,3908.03,90.8662,9.9484
2023-09-14,2023,9,Sep,Q3,Thu,3,14,FY23-24,0,0,0,3533.01,52948.4,158,17198.3,182.28,122738.92,0,0,-0.508859277,-0.54135717,-7.981220657,0.8832,2.2143,3549.39,3466.12,-0.1371,0,0,Normal,149.87,3873.29,91.2147,10.3827
2023-09-15,2023,9,Sep,Q3,Fri,4,15,FY23-24,0,0,0,3619.42,52463.74,157.29,16814.19,188.58,126838.4,0,0,2.445789851,-0.449367089,3.456221198,1.1731,2.1658,3565.62,3473.37,0.3572,0,0.3572,Normal,144.95,3965.29,91.2776,10.4647
2023-09-16,2023,9,Sep,Q3,Sat,5,16,FY23-24,1,0,0,3593.71,51457.19,155.21,15396.02,160.66,75711.58,0,0,-0.710334805,-1.322398118,-14.80538763,1.1033,2.12,3569.71,3482.41,-0.1708,0,0,Normal,143.19,3909.58,91.9206,11.3772
2023-09-17,2023,9,Sep,Q3,Sun,6,17,FY23-24,1,0,0,3621.53,39851.59,144.59,9530.84,91.97,13558.5,0,0,0.774130356,-6.842342633,-42.75488609,1.1034,2.1095,3579.66,3490.69,0.0775,0,0.0775,Normal,110.04,3858.09,93.8685,15.3091
2023-09-18,2023,9,Sep,Q3,Mon,0,18,FY23-24,0,0,0,3442.5,46073.95,152.19,14523.5,176.32,105826.86,0,0,-4.943490735,5.256241787,91.71468957,2.2454,2.3098,3561.27,3493.71,-0.8791,0,0,Normal,133.84,3771.01,91.2885,10.4791
2023-09-19,2023,9,Sep,Q3,Tue,1,19,FY23-24,0,0,0,3404.95,46404.94,144.92,14351.94,149.66,74434.23,0,0,-1.090777052,-4.776923582,-15.12023593,2.2472,2.3202,3538.03,3495.31,-0.2345,0,0,Normal,136.29,3699.53,92.0374,11.5587
2023-09-20,2023,9,Sep,Q3,Wed,2,20,FY23-24,0,0,0,3475.7,51964.82,152,16789.38,176.78,121604.8,0,0,2.077857237,4.885454044,18.12107444,2.4747,2.3476,3527.26,3499.59,0.2957,0,0.2957,Normal,149.51,3804.48,91.3581,10.5715
2023-09-21,2023,9,Sep,Q3,Thu,3,21,FY23-24,0,0,0,3410.04,50639.38,148.93,16541.79,179.28,122290.14,0,0,-1.889115862,-2.019736842,1.414187125,2.5498,2.3366,3509.69,3504.16,-0.368,0,0,Normal,148.5,3738.25,91.2202,10.3898
2023-09-22,2023,9,Sep,Q3,Fri,4,22,FY23-24,0,0,0,3389.37,47198.39,148.54,15906.35,183.94,135484.41,0,0,-0.606151247,-0.261867992,2.599286033,2.2044,2.3311,3476.83,3506.66,-0.1534,0,0,Normal,139.25,3721.85,91.0668,10.1942
2023-09-23,2023,9,Sep,Q3,Sat,5,23,FY23-24,1,0,0,3337.7,44321.27,141.51,13547.01,111.5,24925.32,0,0,-1.5244721,-4.732731924,-39.38240731,2.2134,2.3417,3440.26,3506.23,-0.307,0,0,Normal,132.79,3590.71,92.9538,13.192
2023-09-24,2023,9,Sep,Q3,Sun,6,24,FY23-24,1,0,0,3362.79,36318.66,131.07,9373.11,92.25,12554.98,0,0,0.751715253,-7.37757049,-17.26457399,2.2104,2.3339,3403.29,3507.98,0.0738,0,0.0738,Normal,108,3586.11,93.7726,15.0582
2023-09-25,2023,9,Sep,Q3,Mon,0,25,FY23-24,0,0,0,3439.51,52459.32,161.19,18093.81,217.22,152437.49,0,0,2.281438924,22.98008698,135.4688347,1.7097,2.3381,3402.87,3509.91,0.3297,0,0.3297,Normal,152.52,3817.92,90.0886,9.0894
2023-09-26,2023,9,Sep,Q3,Tue,1,26,FY23-24,0,0,0,3412.97,49983.7,152.86,17255.2,182.44,124620.53,0,0,-0.771621539,-5.167814381,-16.011417,1.6797,2.323,3404.01,3512.73,-0.1811,0,0,Normal,146.45,3748.27,91.0545,10.1789
2023-09-27,2023,9,Sep,Q3,Wed,2,27,FY23-24,0,0,0,3507.09,51103.2,155.74,17874.33,200.09,156385.56,0,0,2.757715421,1.884076933,9.674413506,1.8297,2.3469,3408.5,3516.42,0.4094,0,0.4094,Normal,145.71,3862.92,90.7886,9.8561
2023-09-28,2023,9,Sep,Q3,Thu,3,28,FY23-24,0,1,0,3330.36,46099.97,148.03,15579.07,161.4,102732.14,0,0,-5.03922055,-4.950558623,-19.33629867,2.6266,2.5279,3397.11,3513.65,-0.8951,0,0,Normal,138.42,3639.79,91.4987,10.7629
2023-09-29,2023,9,Sep,Q3,Fri,4,29,FY23-24,0,1,0,3464.94,54305.47,156.8,19948.29,301.65,208634.52,0,0,4.041004576,5.924474769,86.89591078,3.0857,2.511,3407.91,3510.44,0.6241,0,0.6241,Normal,156.73,3923.39,88.315,7.5579
2023-09-30,2023,9,Sep,Q3,Sat,5,30,FY23-24,1,1,0,3686.36,62984.04,167.92,21492.53,241.99,161491.36,0,0,6.390298245,7.091836735,-19.77788828,3.6752,2.6948,3457.72,3518.56,1.0172,0,1.0172,Normal,170.86,4096.27,89.9931,8.9931
2023-10-01,2023,10,Oct,Q4,Sun,6,1,FY23-24,1,0,1,3713.88,55361.74,162.59,15955.31,110.72,22103.83,0,0,0.746535878,-3.174130538,-54.24604322,3.6754,2.4555,3507.87,3520.51,0.0729,0,0.0729,Normal,149.07,3987.19,93.1453,13.5885
2023-10-02,2023,10,Oct,Q4,Mon,0,2,FY23-24,0,0,1,3639.63,55043.13,165.13,16331.88,114.79,23661.51,0,0,-1.999256842,1.562211698,3.675939306,3.872,2.483,3536.46,3519.37,-0.3865,0,0,Normal,151.23,3919.55,92.8584,13.0024
2023-10-03,2023,10,Oct,Q4,Tue,1,3,FY23-24,0,0,1,3766.67,66099.28,178.17,22495.35,351.33,191360.74,0,0,3.49046469,7.896808575,206.0632459,3.9049,2.4298,3586.99,3527.62,0.532,0,0.532,Normal,175.48,4296.17,87.6751,7.1136
2023-10-04,2023,10,Oct,Q4,Wed,2,4,FY23-24,0,0,0,3792.63,67532.08,177.79,21963.94,251.61,135953.13,0,0,0.68920293,-0.213279452,-28.383571,3.8705,2.3928,3627.78,3533.75,0.0633,0,0.0633,Normal,178.06,4222.03,89.8295,8.8324
2023-10-05,2023,10,Oct,Q4,Thu,3,5,FY23-24,0,0,0,3871.82,66768.83,180.46,21708.24,241.33,132542.27,0,0,2.087996984,1.501771753,-4.085688168,2.7281,2.4149,3705.13,3542.95,0.2974,0,0.2974,Normal,172.45,4293.61,90.1763,9.1795
2023-10-06,2023,10,Oct,Q4,Fri,4,6,FY23-24,0,0,0,3784.17,60745.31,177.16,19990.57,273.33,147129.79,0,0,-2.263793255,-1.828660091,13.25985166,3.044,2.4575,3750.74,3548.44,-0.4307,0,0,Normal,160.52,4234.66,89.3618,8.4001
2023-10-07,2023,10,Oct,Q4,Sat,5,7,FY23-24,1,0,0,3910.27,65036.72,170.41,18766.57,277.69,111993.65,0,0,3.332302724,-3.81011515,1.595141404,2.3279,2.4801,3782.72,3560.79,0.5055,0,0.5055,Normal,166.32,4358.37,89.7186,8.7263
2023-10-08,2023,10,Oct,Q4,Sun,6,8,FY23-24,1,0,0,3850.15,51259.08,152.35,12742.6,108.74,18125.39,0,0,-1.537489739,-10.5979696,-60.84122583,2.5015,2.493,3802.19,3572.27,-0.3092,0,0,Normal,133.14,4111.24,93.6494,14.7464
2023-10-09,2023,10,Oct,Q4,Mon,0,9,FY23-24,0,0,0,3823.2,67283.18,178.41,20885.39,223.95,130641.38,0,0,-0.699972728,17.10534952,105.9499724,2.3233,2.4866,3828.42,3580.87,-0.1691,0,0,Normal,175.99,4225.56,90.4779,9.5019
2023-10-10,2023,10,Oct,Q4,Tue,1,10,FY23-24,0,0,0,3904.74,64797.72,175.11,20052.86,255.5,138707.43,0,0,2.132768362,-1.849672104,14.08796606,2.1003,2.5066,3848.14,3592.63,0.3049,0,0.3049,Normal,165.95,4335.35,90.0675,9.0679
2023-10-11,2023,10,Oct,Q4,Wed,2,11,FY23-24,0,0,0,3864.04,61280.39,174.08,19219.86,220.9,126374,0,0,-1.04232292,-0.588201702,-13.54207436,2.1795,2.519,3858.34,3602.4,-0.2264,0,0,Normal,158.59,4259.02,90.726,9.7829
2023-10-12,2023,10,Oct,Q4,Thu,3,12,FY23-24,0,0,0,3815.6,58987.48,167.03,18413.2,220.93,119792.19,0,0,-1.253610211,-4.049862132,0.013580806,2.0831,2.5339,3850.31,3610.66,-0.2617,0,0,Normal,154.6,4203.56,90.7707,9.835
2023-10-13,2023,10,Oct,Q4,Fri,4,13,FY23-24,0,0,0,3845.97,56244.79,161.96,17802.98,229.83,135108.53,0,0,0.795942971,-3.035382865,4.028425293,1.8873,2.532,3859.14,3620.49,0.0812,0,0.0812,Normal,146.24,4237.76,90.7548,9.8164
2023-10-14,2023,10,Oct,Q4,Sat,5,14,FY23-24,1,0,0,3320.07,41345.44,149.09,14295.76,125.2,26968.29,0,0,-13.67405362,-7.94640652,-45.52495323,5.2333,3.5945,3774.82,3613.39,-2.3398,0,0,Normal,124.53,3594.36,92.3689,12.1042
2023-10-15,2023,10,Oct,Q4,Sun,6,15,FY23-24,1,0,0,3590.01,44351.21,144.27,10972.72,104.54,14011.71,0,0,8.130551464,-3.232946542,-16.50159744,6.5437,3.8745,3737.66,3612.41,1.3083,0,1.3083,Normal,123.54,3838.82,93.5186,14.4287
2023-10-16,2023,10,Oct,Q4,Mon,0,16,FY23-24,0,0,0,3537.26,55618.56,164.71,19201.53,238.69,149253.5,0,0,-1.469355239,14.16787967,128.3240865,6.5482,3.8821,3696.81,3610.53,-0.2978,0,0,Normal,157.24,3940.66,89.7631,8.7686
2023-10-17,2023,10,Oct,Q4,Tue,1,17,FY23-24,0,0,0,3678.74,56858.26,157.76,18007.45,207.27,126992.8,0,0,3.999705987,-4.219537369,-13.16351753,6.7283,3.9478,3664.53,3612.44,0.6172,0,0.6172,Normal,154.56,4043.77,90.973,10.0779
2023-10-18,2023,10,Oct,Q4,Wed,2,18,FY23-24,0,0,0,3720.74,55860.46,158.62,17937.77,226.89,147907.38,0,0,1.141695254,0.545131846,9.465914025,6.7574,3.8328,3644.06,3621.71,0.139,0,0.139,Normal,150.13,4106.25,90.6116,9.6515
2023-10-19,2023,10,Oct,Q4,Thu,3,19,FY23-24,0,0,0,3709.93,54470.36,153.77,17512.46,218.55,138779.64,0,0,-0.290533604,-3.05762199,-3.67579003,6.7453,3.8253,3628.96,3631.88,-0.1006,0,0,Normal,146.82,4082.25,90.8795,9.9644
2023-10-20,2023,10,Oct,Q4,Fri,4,20,FY23-24,0,0,0,3692.63,54710.75,154.3,17524.31,249.34,138080.77,0,0,-0.466316076,0.344670612,14.08830931,6.7313,3.8141,3607.05,3639.11,-0.13,0,0,Normal,148.16,4096.27,90.1462,9.1483
2023-10-21,2023,10,Oct,Q4,Sat,5,21,FY23-24,1,0,0,3777.73,54291.64,155.6,16598.38,181.52,82785.09,0,0,2.304590495,0.842514582,-27.19980749,3.3095,3.8089,3672.43,3651.37,0.3336,0,0.3336,Normal,143.71,4114.85,91.8072,11.2059
2023-10-22,2023,10,Oct,Q4,Sun,6,22,FY23-24,1,0,0,3592.45,41526.45,134.76,10102.45,110.04,14764.54,0,0,-4.904532616,-13.3933162,-39.37858087,2.861,3.9276,3672.78,3658.14,-0.8726,0,0,Normal,115.59,3837.25,93.6204,14.675
2023-10-23,2023,10,Oct,Q4,Mon,0,23,FY23-24,0,0,0,3456.95,46427.03,143.7,14054.17,171.09,99504.26,0,0,-3.77179919,6.634016028,55.47982552,3.1789,3.9841,3661.31,3662.11,-0.683,0,0,Normal,134.3,3771.74,91.654,10.9818
2023-10-24,2023,10,Oct,Q4,Tue,1,24,FY23-24,0,0,0,3382.69,39260.52,131.13,10823.09,115.75,24844.09,0,0,-2.148136363,-8.747390397,-32.34554913,2.5935,4.0052,3619.02,3662.77,-0.4114,0,0,Normal,116.06,3629.57,93.1981,13.7018
2023-10-25,2023,10,Oct,Q4,Wed,2,25,FY23-24,0,0,0,3538.37,52321.01,148.04,17530.21,208.18,143521.74,0,0,4.602254419,12.89559979,79.85313175,3.3309,4.0707,3592.96,3666.07,0.718,0,0.718,Normal,147.87,3894.59,90.8535,9.9331
2023-10-26,2023,10,Oct,Q4,Thu,3,26,FY23-24,0,0,0,3516.11,53636.83,151.83,18385.13,208.01,132458.86,0,0,-0.629103231,2.560118887,-0.081660102,3.3269,4.0696,3565.28,3669.51,-0.1572,0,0,Normal,152.55,3875.95,90.7161,9.7713
2023-10-27,2023,10,Oct,Q4,Fri,4,27,FY23-24,0,0,0,3542.75,51883,148.56,17897.44,203.87,137114.49,0,0,0.757655477,-2.15372456,-1.990288928,3.3741,4.0423,3543.86,3670.7,0.0748,0,0.0748,Normal,146.45,3895.18,90.9522,10.0524
2023-10-28,2023,10,Oct,Q4,Sat,5,28,FY23-24,1,1,0,3510.83,47773.87,143.37,14940.42,131.29,29774.91,0,0,-0.90099499,-3.493537964,-35.60111836,3.1323,3.9294,3505.74,3676.71,-0.2027,0,0,Normal,136.08,3785.49,92.7444,12.7825
2023-10-29,2023,10,Oct,Q4,Sun,6,29,FY23-24,1,1,0,3441.31,39525.24,132.26,10416.29,106.81,14187.08,0,0,-1.980158538,-7.749180442,-18.64574606,2.6882,3.8827,3484.14,3675.92,-0.3833,0,0,Normal,114.86,3680.38,93.5042,14.3946
2023-10-30,2023,10,Oct,Q4,Mon,0,30,FY23-24,0,1,0,3689.75,60412.71,159.53,20945.48,240.4,174667.01,0,0,7.219343796,20.61847875,125.0725587,3.5771,3.932,3517.4,3676.04,1.1559,0,1.1559,Normal,163.73,4089.68,90.221,9.226
2023-10-31,2023,10,Oct,Q4,Tue,1,31,FY23-24,0,1,0,3806.81,69055.27,176.85,24764.7,386.44,232904.73,0,0,3.172572668,10.85689212,60.74875208,3.3581,3.9709,3577.99,3679.13,0.4788,0,0.4788,Normal,181.4,4370.1,87.1104,6.7582
2023-11-01,2023,11,Nov,Q4,Wed,2,1,FY23-24,0,0,1,4054.29,75460.87,190.83,25401.44,370.97,164336.11,0,0,6.500981136,7.905004241,-4.003208778,3.6875,4.1122,3651.69,3692.96,1.0357,0,1.0357,Normal,186.13,4616.09,87.8295,7.2166
2023-11-02,2023,11,Nov,Q4,Thu,3,2,FY23-24,0,0,1,3938.85,69440.58,178.21,22452.32,247.14,138716.92,0,0,-2.847354284,-6.613215951,-33.38005769,4.0323,4.1131,3712.08,3698.7,-0.5284,0,0,Normal,176.3,4364.2,90.2537,9.2603
2023-11-03,2023,11,Nov,Q4,Fri,4,3,FY23-24,0,0,1,3901.06,65932.18,172.13,21357.5,246.71,133963.55,0,0,-0.959417089,-3.411705292,-0.173990451,4.1499,4.1179,3763.27,3702.31,-0.2125,0,0,Normal,169.01,4319.9,90.3044,9.314
2023-11-04,2023,11,Nov,Q4,Sat,5,4,FY23-24,1,0,0,3994.62,67589.37,170.62,21007.13,218.22,89253.21,0,0,2.398322507,-0.877243944,-11.5479713,4.0228,4.1232,3832.38,3706.4,0.3493,0,0.3493,Normal,169.2,4383.46,91.1294,10.2732
2023-11-05,2023,11,Nov,Q4,Sun,6,5,FY23-24,1,0,0,3980.92,55497.82,154.87,14021.41,118.64,18831.48,0,0,-0.342961283,-9.231039737,-45.63284759,3.799,4.0987,3909.47,3712.96,-0.1094,0,0,Normal,139.41,4254.43,93.5712,14.5549
2023-11-06,2023,11,Nov,Q4,Mon,0,6,FY23-24,0,0,0,3887.21,68024.65,174.54,22104.56,256.45,143802.5,0,0,-2.353978477,12.70097501,116.1581254,3.3748,4.0828,3937.68,3712.19,-0.4458,0,0,Normal,175,4318.2,90.0192,9.0193
2023-11-07,2023,11,Nov,Q4,Tue,1,7,FY23-24,0,0,0,3932.25,68423.73,172.5,21992.04,309.4,146149.15,0,0,1.158671644,-1.168786525,20.64729967,3.2207,4.076,3955.6,3714.93,0.1419,0,0.1419,Normal,174.01,4414.15,89.0828,8.1599
2023-11-08,2023,11,Nov,Q4,Wed,2,8,FY23-24,0,0,0,4051.05,69096.38,180.92,22440.23,301.13,151792.15,0,0,3.021171085,4.88115942,-2.67291532,2.2697,4.1057,3955.14,3722.52,0.4535,0,0.4535,Normal,170.56,4533.1,89.366,8.4038
2023-11-09,2023,11,Nov,Q4,Thu,3,9,FY23-24,0,0,0,4077.12,71078.45,182.45,22847.15,289.04,155553.15,0,0,0.643536861,0.845677648,-4.014877296,1.8885,4.0914,3974.89,3728.27,0.0557,0,0.0557,Normal,174.33,4548.61,89.6344,8.6473
2023-11-10,2023,11,Nov,Q4,Fri,4,10,FY23-24,0,0,0,4289.39,75086.84,192.05,22983.84,358.8,178989.27,0,0,5.206371164,5.261715539,24.13506781,2.4452,4.1826,4030.37,3742.45,0.8191,0,0.8191,Normal,175.05,4840.24,88.6194,7.7869
2023-11-11,2023,11,Nov,Q4,Sat,5,11,FY23-24,1,0,0,4390.4,69374.71,190.87,19159.1,136.76,32831.98,0,0,2.354880298,-0.614423327,-61.88405797,2.4422,4.1842,4086.91,3761.61,0.342,0,0.342,Normal,158.01,4718.03,93.0558,13.4005
2023-11-12,2023,11,Nov,Q4,Sun,6,12,FY23-24,1,0,0,3935.73,44733.39,153.86,10426.65,112.36,15239.86,0,0,-10.35600401,-19.39016084,-17.84147412,5.1041,4.6334,4080.45,3764.6,-1.7846,0,0,Normal,113.66,4201.95,93.6644,14.7838
2023-11-13,2023,11,Nov,Q4,Mon,0,13,FY23-24,0,0,0,3417.7,47916.85,140.83,12927.6,178.3,91425.32,0,0,-13.1622342,-8.468737814,58.68636525,7.1451,4.5813,4013.38,3767.86,-2.2541,0,0,Normal,140.2,3736.83,91.4599,10.7094
2023-11-14,2023,11,Nov,Q4,Tue,1,14,FY23-24,0,0,0,3513.04,51371.31,135.8,13393.31,169.27,63193.98,0,0,2.789595342,-3.57168217,-5.064498037,7.2751,4.361,3953.49,3765.29,0.4147,0,0.4147,Normal,146.23,3818.11,92.0099,11.5155
2023-11-15,2023,11,Nov,Q4,Wed,2,15,FY23-24,0,0,0,3550.35,52638.59,138,14570.13,171.02,93376.61,0,0,1.062043131,1.620029455,1.033851244,7.1145,4.3556,3881.96,3765.73,0.1257,0,0.1257,Normal,148.26,3859.37,91.993,11.4891
2023-11-16,2023,11,Nov,Q4,Thu,3,16,FY23-24,0,0,0,3610.35,55363.84,146.04,15934.32,202.81,110876.99,0,0,1.689974228,5.826086957,18.58846918,7.1811,4.3046,3815.28,3763.45,0.2308,0,0.2308,Normal,153.35,3959.2,91.1889,10.3493
2023-11-17,2023,11,Nov,Q4,Fri,4,17,FY23-24,0,0,0,3538.43,52204.33,145.33,15590.77,201.09,119536.63,0,0,-1.992050632,-0.486168173,-0.848084414,6.5504,4.3147,3708,3757.37,-0.3853,0,0,Normal,147.54,3884.85,91.0828,10.2143
2023-11-18,2023,11,Nov,Q4,Sat,5,18,FY23-24,1,0,0,3633.96,52174.65,142.23,15195.44,171.52,73261.07,0,0,2.699784933,-2.133076447,-14.70485852,6.5943,4.3439,3599.94,3754.84,0.3997,0,0.3997,Normal,143.58,3947.71,92.0524,11.5823
2023-11-19,2023,11,Nov,Q4,Sun,6,19,FY23-24,1,0,0,3548.45,38799.93,119.33,9067.77,107.93,14213.87,0,0,-2.353080386,-16.10068199,-37.07439366,5.6205,4.3649,3544.61,3750.03,-0.4457,0,0,Normal,109.34,3775.71,93.981,15.6141
2023-11-20,2023,11,Nov,Q4,Mon,0,20,FY23-24,0,0,0,3563.24,56077.71,155.29,17353.41,186.4,119798.14,0,0,0.416801702,30.13491997,72.70453071,2.0847,4.3435,3565.4,3742.88,0.0178,0,0.0178,Normal,157.38,3904.93,91.2498,10.4283
2023-11-21,2023,11,Nov,Q4,Tue,1,21,FY23-24,0,0,0,3558.82,54802,152.35,17938.27,195.44,111081.95,0,0,-0.124044409,-1.893232018,4.849785408,1.8569,4.2478,3571.94,3741.76,-0.0727,0,0,Normal,153.99,3906.61,91.0974,10.2327
2023-11-22,2023,11,Nov,Q4,Wed,2,22,FY23-24,0,0,0,3458.05,53206.86,148.55,18127.63,207.76,113981,0,0,-2.831556527,-2.494256646,6.303724928,2.1201,4.222,3558.76,3741.8,-0.5257,0,0,Normal,153.86,3814.36,90.6587,9.7052
2023-11-23,2023,11,Nov,Q4,Thu,3,23,FY23-24,0,0,0,3599.83,53380.71,147.14,17828.29,204.83,122199.17,0,0,4.099998554,-0.949175362,-1.410281094,2.6398,4.2617,3557.25,3749.03,0.634,0,0.634,Normal,148.29,3951.8,91.0934,10.2277
2023-11-24,2023,11,Nov,Q4,Fri,4,24,FY23-24,0,0,0,3546.08,52349.38,151.51,18098.83,208.46,136680.9,0,0,-1.493126064,2.969960582,1.772201338,2.5835,4.1942,3558.35,3749.29,-0.3018,0,0,Normal,147.63,3906.05,90.7843,9.851
2023-11-25,2023,11,Nov,Q4,Sat,5,25,FY23-24,1,0,0,3556.28,49582.93,142.09,14528.04,135.57,27587.65,0,0,0.287641565,-6.217411392,-34.96594071,2.3201,4.1921,3547.25,3750.63,-0.0039,0,0,Normal,139.42,3833.94,92.7578,12.808
2023-11-26,2023,11,Nov,Q4,Sun,6,26,FY23-24,1,0,0,3496.56,39662.64,126.36,9820.24,111.8,13655.68,0,0,-1.679282846,-11.07044831,-17.53337759,2.2323,4.203,3539.84,3749.09,-0.3329,0,0,Normal,113.43,3734.72,93.6231,14.6816
2023-11-27,2023,11,Nov,Q4,Mon,0,27,FY23-24,0,0,0,3448.65,47992.81,145.7,15008.83,160.94,74238.14,0,0,-1.370203858,15.30547642,43.95348837,2.2535,4.2075,3523.47,3747.02,-0.2812,0,0,Normal,139.16,3755.29,91.8345,11.2466
2023-11-28,2023,11,Nov,Q4,Tue,1,28,FY23-24,0,1,0,3559.73,53090.91,144.77,18143.52,225.4,150806.08,0,0,3.220970525,-0.638297872,40.05219336,2.6522,4.229,3523.6,3750.97,0.4869,0,0.4869,Normal,149.14,3929.9,90.5807,9.6165
2023-11-29,2023,11,Nov,Q4,Wed,2,29,FY23-24,0,1,0,3600.39,59642.71,159.47,20808.34,236.04,166687.74,0,0,1.142221461,10.15403744,4.720496894,2.3441,4.0217,3543.93,3747.99,0.1391,0,0.1391,Normal,165.66,3995.9,90.1021,9.1032
2023-11-30,2023,11,Nov,Q4,Thu,3,30,FY23-24,0,1,0,3720.12,69743.48,169.2,24473.6,353.81,236431.21,0,0,3.325473074,6.10146109,49.89408575,2.1627,4.026,3561.12,3745.1,0.5044,0,0.5044,Normal,187.48,4243.13,87.674,7.1129
2023-12-01,2023,12,Dec,Q4,Fri,4,1,FY23-24,0,0,1,4062.79,73567.26,184.44,24693.42,388.71,180032.58,0,0,9.211262002,9.007092199,9.864051327,3.7374,4.2033,3634.93,3745.38,1.4892,0,1.4892,Normal,181.08,4635.94,87.6368,7.0885
2023-12-02,2023,12,Dec,Q4,Sat,5,2,FY23-24,1,0,1,4078.53,70237.35,181.69,21853.83,211.58,87171.15,0,0,0.387418498,-1.490999783,-45.56867588,3.7299,4.1665,3709.54,3750.04,0.0128,0,0.0128,Normal,172.21,4471.8,91.2056,10.3708
2023-12-03,2023,12,Dec,Q4,Sun,6,3,FY23-24,1,0,1,3870.94,51728.44,150.68,14372.35,124.15,18067.65,0,0,-5.08982403,-17.06753261,-41.32243123,4.4492,4.2732,3763.02,3749.03,-0.9036,0,0,Normal,133.63,4145.77,93.3708,14.0849
2023-12-04,2023,12,Dec,Q4,Mon,0,4,FY23-24,0,0,0,3817.63,68763.3,177.75,22310.03,240.92,122072.75,0,0,-1.37718487,17.96522432,94.05557793,4.45,4.2577,3815.73,3743.13,-0.2824,0,0,Normal,180.12,4236.3,90.1171,9.1185
2023-12-05,2023,12,Dec,Q4,Tue,1,5,FY23-24,0,0,0,3854.49,68578.17,173.79,21424.92,244.72,122694.05,0,0,0.965520493,-2.227848101,1.577287066,4.3897,4.2614,3857.84,3738.92,0.1096,0,0.1096,Normal,177.92,4273,90.2057,9.21
2023-12-06,2023,12,Dec,Q4,Wed,2,6,FY23-24,0,0,0,3838.05,64625.98,167.14,20930.15,239.85,127280.81,0,0,-0.42651557,-3.826457218,-1.990029421,4.4344,4.2394,3891.79,3737.28,-0.1233,0,0,Normal,168.38,4245.04,90.4126,9.4303
2023-12-07,2023,12,Dec,Q4,Thu,3,7,FY23-24,0,0,0,3839.53,63698.48,168.19,20745.21,265.2,137336.18,0,0,0.038561249,0.628215867,10.56910569,4.3195,4.2342,3908.85,3734.19,-0.0455,0,0,Normal,165.9,4272.92,89.8573,8.8593
2023-12-08,2023,12,Dec,Q4,Fri,4,8,FY23-24,0,0,0,3982.6,63578.4,169.19,20195.74,262.8,133375.73,0,0,3.726237326,0.59456567,-0.904977376,2.6615,4.2534,3897.4,3731.91,0.5715,0,0.5715,Normal,159.64,4414.59,90.2145,9.2192
2023-12-09,2023,12,Dec,Q4,Sat,5,9,FY23-24,1,0,0,3991.36,59877.09,162.43,17340.3,144.82,29368.71,0,0,0.219956812,-3.995508009,-44.8934551,2.6556,4.252,3884.94,3729.05,-0.0152,0,0,Normal,150.02,4298.61,92.8523,12.9906
2023-12-10,2023,12,Dec,Q4,Sun,6,10,FY23-24,1,0,0,3917.03,49895.18,154.5,12521.27,117.51,17877.88,0,0,-1.862272509,-4.88210306,-18.85789256,1.8338,4.1493,3891.53,3716.64,-0.3636,0,0,Normal,127.38,4189.04,93.5066,14.4003
2023-12-11,2023,12,Dec,Q4,Mon,0,11,FY23-24,0,0,0,3910.92,65689.66,171.76,21037.59,286.54,148722.31,0,0,-0.15598553,11.17152104,143.8430772,1.7149,4.1209,3904.85,3700.65,-0.0781,0,0,Normal,167.96,4369.22,89.5107,8.5335
2023-12-12,2023,12,Dec,Q4,Tue,1,12,FY23-24,0,0,0,3956.49,62987.05,169.68,20320.57,251.79,132303.15,0,0,1.165198981,-1.210992082,-12.12745166,1.7283,3.6627,3919.43,3701.35,0.143,0,0.143,Normal,159.2,4377.96,90.3729,9.3874
2023-12-13,2023,12,Dec,Q4,Wed,2,13,FY23-24,0,0,0,3912.56,61418.12,169.46,19641.16,235.23,115885.08,0,0,-1.110327588,-0.129655823,-6.576909329,1.7997,2.6921,3930.07,3717.84,-0.2377,0,0,Normal,156.98,4317.25,90.6262,9.668
2023-12-14,2023,12,Dec,Q4,Thu,3,14,FY23-24,0,0,0,3875.95,59486.48,157.39,19033.51,214.4,131739.31,0,0,-0.9357045,-7.122624808,-8.855163032,1.859,2.6679,3935.27,3729.94,-0.2085,0,0,Normal,153.48,4247.74,91.2473,10.4251
2023-12-15,2023,12,Dec,Q4,Fri,4,15,FY23-24,0,0,0,3842.54,58430.66,162.29,18831.28,223.45,151785.71,0,0,-0.861982224,3.113285469,4.22108209,0.9965,2.6737,3915.26,3739.68,-0.1962,0,0,Normal,152.06,4228.28,90.8771,9.9615
2023-12-16,2023,12,Dec,Q4,Sat,5,16,FY23-24,1,0,0,3890.45,55199.4,155.71,16352.46,183.39,75806.94,0,0,1.246831523,-4.054470393,-17.92794809,1.1799,2.6669,3900.85,3749.02,0.1566,0,0.1566,Normal,141.88,4229.55,91.9826,11.4729
2023-12-17,2023,12,Dec,Q4,Sun,6,17,FY23-24,1,0,0,3836.85,43870.34,141.67,10618.64,116.18,14787.22,0,0,-1.377732653,-9.016761929,-36.64867223,1.0876,2.6512,3889.39,3758.96,-0.2825,0,0,Normal,114.34,4094.7,93.7028,14.8802
2023-12-18,2023,12,Dec,Q4,Mon,0,18,FY23-24,0,0,0,3826.35,58406.97,157.69,18402.16,224.01,125255.18,0,0,-0.273661988,11.30796922,92.81287657,1.0861,2.6138,3877.31,3765.38,-0.0978,0,0,Normal,152.64,4208.05,90.9293,10.0245
2023-12-19,2023,12,Dec,Q4,Tue,1,19,FY23-24,0,0,0,3809.83,56788,156.42,18247.89,214.54,123070.15,0,0,-0.431743045,-0.80537764,-4.227489844,0.872,2.5722,3856.36,3774.09,-0.1242,0,0,Normal,149.06,4180.79,91.127,10.2702
2023-12-20,2023,12,Dec,Q4,Wed,2,20,FY23-24,0,0,0,3888.88,60562.68,162.35,19273.93,217.09,128951.84,0,0,2.07489573,3.79107531,1.18858954,1.2645,2.5932,3852.98,3784.94,0.2952,0,0.2952,Normal,155.73,4268.32,91.1103,10.249
2023-12-21,2023,12,Dec,Q4,Thu,3,21,FY23-24,0,0,0,3883.29,57778.84,156.74,18593.07,210.42,130291.54,0,0,-0.143743186,-3.455497382,-3.072458427,1.2093,2.5933,3854.03,3795.76,-0.076,0,0,Normal,148.79,4250.45,91.3619,10.5766
2023-12-22,2023,12,Dec,Q4,Fri,4,22,FY23-24,0,0,0,3885.54,56458.87,157.47,18841.57,238.14,165200.49,0,0,0.057940561,0.465739441,13.17365269,1.1441,2.5249,3860.17,3810.01,-0.0423,0,0,Normal,145.31,4281.15,90.7593,9.8216
2023-12-23,2023,12,Dec,Q4,Sat,5,23,FY23-24,1,0,0,3821.26,52084.16,151.25,15292.43,144.17,29214.97,0,0,-1.654338908,-3.949958722,-39.45998152,1.2103,2.4532,3850.29,3817.39,-0.3288,0,0,Normal,136.3,4116.68,92.8238,12.935
2023-12-24,2023,12,Dec,Q4,Sun,6,24,FY23-24,1,0,0,3742.03,42244.26,133.84,10037.15,117.89,13562.82,0,0,-2.073399873,-11.5107438,-18.22848027,1.34,2.4695,3836.74,3823.92,-0.3989,0,0,Normal,112.89,3993.76,93.6969,14.8653
2023-12-25,2023,12,Dec,Q4,Mon,0,25,FY23-24,0,0,0,3657.93,45953.24,137.52,12326.25,126.08,28183.93,0,0,-2.247443233,2.749551704,6.947154127,1.5174,2.5097,3812.68,3827.31,-0.428,0,0,Normal,125.63,3921.53,93.2781,13.8768
2023-12-26,2023,12,Dec,Q4,Tue,1,26,FY23-24,0,0,0,3727.08,55758.73,155.11,19066.74,233.41,164407.21,0,0,1.890413431,12.79086678,85.12848985,1.7964,2.5059,3800.86,3834.99,0.2643,0,0.2643,Normal,149.6,4115.6,90.5598,9.593
2023-12-27,2023,12,Dec,Q4,Wed,2,27,FY23-24,0,0,0,3741.96,56459.53,158.35,19423.19,221.73,139731.74,0,0,0.399240156,2.088840178,-5.004070091,1.5172,2.4874,3779.87,3844.77,0.0148,0,0.0148,Normal,150.88,4122.04,90.7793,9.8452
2023-12-28,2023,12,Dec,Q4,Thu,3,28,FY23-24,0,1,0,3719,57227.27,157.47,19951.04,253.5,164104.48,0,0,-0.613582187,-0.555730976,14.32823705,1.5072,2.43,3756.4,3850.08,-0.1546,0,0,Normal,153.88,4129.97,90.0491,9.0493
2023-12-29,2023,12,Dec,Q4,Fri,4,29,FY23-24,0,1,0,3812.46,61351.22,162.94,21955.71,338.85,244676.78,0,0,2.51304114,3.473677526,33.66863905,1.9173,2.4616,3745.96,3857.15,0.3685,0,0.3685,Normal,160.92,4314.25,88.369,7.5977
2023-12-30,2023,12,Dec,Q4,Sat,5,30,FY23-24,1,1,0,3997.55,66002.11,168.72,21871.65,245.2,141251.22,0,0,4.854870608,3.547318031,-27.63759776,2.5871,2.5426,3771.14,3866.4,0.7603,0,0.7603,Normal,165.11,4411.47,90.6172,9.6578
2023-12-31,2023,12,Dec,Q4,Sun,6,31,FY23-24,1,1,0,4210.39,54242.21,154.3,14620.86,137.64,24626.18,0,0,5.32426111,-8.546704599,-43.86623165,2.7811,2.1382,3838.05,3871.32,0.8388,0,0.8388,Normal,128.83,4502.33,93.5158,14.4221
2024-01-01,2024,1,Jan,Q1,Mon,0,1,FY23-24,0,0,1,4057.51,61548.14,169.95,19258.13,316.66,138663.7,0,0,-3.631017554,10.14257939,130.0639349,3.1373,2.2454,3895.14,3870.62,-0.6595,0,0,Normal,151.69,4544.12,89.2914,8.3383
2024-01-02,2024,1,Jan,Q1,Tue,1,2,FY23-24,0,0,1,4071.45,70893.83,181.49,22827.85,286.74,131075.38,0,0,0.343560459,6.790232421,-9.448619971,3.1624,2.0288,3944.33,3877.3,0.0055,0,0.0055,Normal,174.12,4539.68,89.6858,8.6954
2024-01-03,2024,1,Jan,Q1,Wed,2,3,FY23-24,0,0,1,4058.37,69042.32,178.7,22356.2,247.91,124208.2,0,0,-0.321261467,-1.537274781,-13.54188463,3.2085,2.0097,3989.53,3885.32,-0.1057,0,0,Normal,170.12,4484.98,90.488,9.5131
2024-01-04,2024,1,Jan,Q1,Thu,3,4,FY23-24,0,0,0,3982.87,69677,177.78,22156.78,236.86,126900,0,0,-1.860352802,-0.514829323,-4.457262716,3.3577,2.0397,4027.23,3889.6,-0.3632,0,0,Normal,174.94,4397.51,90.571,9.6056
2024-01-05,2024,1,Jan,Q1,Fri,4,5,FY23-24,0,0,0,4022.71,67340.71,175.95,21327.32,275.69,146624.87,0,0,1.000283715,-1.029362133,16.39365026,3.2946,2.043,4057.26,3895.76,0.1154,0,0.1154,Normal,167.4,4474.35,89.906,8.9069
2024-01-06,2024,1,Jan,Q1,Sat,5,6,FY23-24,1,0,0,4101.97,66487.01,173.89,20041.37,313.31,119100.17,0,0,1.970313545,-1.170787155,13.64576154,2.8565,2.0688,4072.18,3904.51,0.2777,0,0.2777,Normal,162.09,4589.17,89.3837,8.4195
2024-01-07,2024,1,Jan,Q1,Sun,6,7,FY23-24,1,0,0,4021.28,53625.61,147.24,11537.51,130.5,21698.17,0,0,-1.967103611,-15.32578067,-58.34796208,1.9481,1.9979,4045.17,3905.8,-0.3811,0,0,Normal,133.35,4299.02,93.5395,14.4786
2024-01-08,2024,1,Jan,Q1,Mon,0,8,FY23-24,0,0,0,4057.77,70844.31,176.44,21361.66,261.39,127602.24,0,0,0.907422512,19.83156751,100.2988506,1.4864,2.0039,4045.2,3908.01,0.0998,0,0.0998,Normal,174.59,4495.6,90.2609,9.2679
2024-01-09,2024,1,Jan,Q1,Tue,1,9,FY23-24,0,0,0,4005.45,66881.19,173.49,20752.34,250.6,129136.56,0,0,-1.289378156,-1.671956472,-4.127931443,1.5521,1.9875,4035.77,3910.96,-0.2677,0,0,Normal,166.98,4429.54,90.4259,9.4448
2024-01-10,2024,1,Jan,Q1,Wed,2,10,FY23-24,0,0,0,4126.03,69096.76,180.49,21211.84,286.79,128992.01,0,0,3.010398332,4.034814687,14.44134078,1.9712,2.0566,4045.44,3918.13,0.4517,0,0.4517,Normal,167.47,4593.31,89.8269,8.8299
2024-01-11,2024,1,Jan,Q1,Thu,3,11,FY23-24,0,0,0,4130.81,64802.51,175.1,20089.86,246.68,131477.05,0,0,0.115849861,-2.986315031,-13.9858433,1.7468,2.0485,4066.57,3923.94,-0.0326,0,0,Normal,156.88,4552.59,90.7354,9.7938
2024-01-12,2024,1,Jan,Q1,Fri,4,12,FY23-24,0,0,0,4128.73,62936.8,172.69,19552.04,289.36,139825.32,0,0,-0.050353321,-1.376356368,17.30176747,1.7453,2.0349,4081.72,3931.14,-0.0604,0,0,Normal,152.44,4590.78,89.9353,8.9357
2024-01-13,2024,1,Jan,Q1,Sat,5,13,FY23-24,1,0,0,4150.52,58622.32,176.23,16589.58,142.77,29507.59,0,0,0.527765197,2.049916035,-50.66007741,1.6066,2.0243,4088.66,3940.3,0.0363,0,0.0363,Normal,141.24,4469.52,92.8628,13.011
2024-01-14,2024,1,Jan,Q1,Sun,6,14,FY23-24,1,0,0,3970.21,45798.47,146.12,10566.4,120.32,14506.45,0,0,-4.344274934,-17.08562674,-15.724592,2.2559,2.1837,4081.36,3944.55,-0.7788,0,0,Normal,115.36,4236.65,93.7111,14.901
2024-01-15,2024,1,Jan,Q1,Mon,0,15,FY23-24,0,0,0,3715.69,52989.31,153.77,15845.36,200.05,111972.43,0,0,-6.410744016,5.23542294,66.26496011,3.1836,2.4767,4032.49,3938.73,-1.1246,0,0,Normal,142.61,4069.51,91.3056,10.5016
2024-01-16,2024,1,Jan,Q1,Tue,1,16,FY23-24,0,0,0,3751.05,54848.9,155.87,17149.9,238.61,117712.87,0,0,0.951640207,1.36567601,19.2751812,3.2849,2.4726,3996.15,3935.87,0.1072,0,0.1072,Normal,146.22,4145.53,90.4842,9.5088
2024-01-17,2024,1,Jan,Q1,Wed,2,17,FY23-24,0,0,0,3860.14,57865.64,158.25,18012.08,205.14,105934.55,0,0,2.908252356,1.526913454,-14.02707347,3.2648,2.53,3958.16,3936.99,0.4346,0,0.4346,Normal,149.91,4223.53,91.3961,10.6226
2024-01-18,2024,1,Jan,Q1,Thu,3,18,FY23-24,0,0,0,3776.33,57744.14,158.58,17916.76,218.96,133425.04,0,0,-2.171164776,0.208530806,6.73686263,3.2606,2.5614,3907.52,3935.88,-0.4152,0,0,Normal,152.91,4153.87,90.9111,10.0025
2024-01-19,2024,1,Jan,Q1,Fri,4,19,FY23-24,0,0,0,3889.88,57190.9,159.35,18232.81,210.82,131985.01,0,0,3.00688764,0.485559339,-3.717573986,3.6285,2.5929,3873.4,3935.91,0.4511,0,0.4511,Normal,147.02,4260.05,91.3107,10.5084
2024-01-20,2024,1,Jan,Q1,Sat,5,20,FY23-24,1,0,0,3961.25,58896.19,160.11,17702.54,184.91,78917.2,0,0,1.834760969,0.476937559,-12.2901053,3.7396,2.6133,3846.36,3938.51,0.255,0,0.255,Normal,148.68,4306.27,91.988,11.4812
2024-01-21,2024,1,Jan,Q1,Sun,6,21,FY23-24,1,0,0,3828.63,43723.18,141.71,10686.73,115.67,15601.59,0,0,-3.347933102,-11.49209918,-37.44524363,3.5894,2.6881,3826.14,3936.61,-0.6121,0,0,Normal,114.2,4086.01,93.7009,14.8754
2024-01-22,2024,1,Jan,Q1,Mon,0,22,FY23-24,0,0,0,3558.49,45700.49,141.92,14109.5,163.94,73010.21,0,0,-7.055787579,0.148189965,41.73078586,3.7713,2.9681,3803.68,3927.85,-1.2325,0,0,Normal,128.43,3864.35,92.0851,11.6344
2024-01-23,2024,1,Jan,Q1,Tue,1,23,FY23-24,0,0,0,3807.01,58416.14,159.36,18990.88,231.67,119391.41,0,0,6.983861132,12.2886133,41.31389533,4.7378,3.2202,3811.68,3930.02,1.1165,0,1.1165,Normal,153.44,4198.04,90.6854,9.7359
2024-01-24,2024,1,Jan,Q1,Wed,2,24,FY23-24,0,0,0,3897.97,58701.3,162.51,19577.54,222.32,137611.66,0,0,2.389276624,1.976656627,-4.035913152,4.6942,3.2146,3817.08,3938.02,0.3478,0,0.3478,Normal,150.59,4282.8,91.0145,10.1291
2024-01-25,2024,1,Jan,Q1,Thu,3,25,FY23-24,0,0,0,3906.37,59174.51,163.45,19802.15,232.01,165471.95,0,0,0.215496784,0.578425943,4.358582224,4.5755,3.1998,3835.66,3944,-0.0159,0,0,Normal,151.48,4301.83,90.8072,9.878
2024-01-26,2024,1,Jan,Q1,Fri,4,26,FY23-24,0,0,0,3728.82,44870.49,144.57,12514.31,128.92,24429.68,0,0,-4.545140373,-11.55093301,-44.43342959,4.7919,3.3148,3812.65,3943.56,-0.8124,0,0,Normal,120.33,4002.31,93.1667,13.6342
2024-01-27,2024,1,Jan,Q1,Sat,5,27,FY23-24,1,0,0,3814.49,49962.28,152.7,14631.55,131.06,25107,0,0,2.297509668,5.623573355,1.659944151,4.8325,3.3375,3791.68,3946.74,0.3324,0,0.3324,Normal,130.98,4098.25,93.0761,13.4427
2024-01-28,2024,1,Jan,Q1,Sun,6,28,FY23-24,1,1,0,3743.14,41338.49,135.52,10281.86,119.66,14610.19,0,0,-1.870499071,-11.2508186,-8.698306119,4.715,3.3259,3779.47,3944.43,-0.3649,0,0,Normal,110.44,3998.32,93.6178,14.6686
2024-01-29,2024,1,Jan,Q1,Mon,0,29,FY23-24,0,1,0,3878.1,61721.4,172.61,21306.86,252.57,170478.98,0,0,3.605529048,27.36865407,111.0730403,3.7682,3.2703,3825.13,3940.45,0.5513,0,0.5513,Normal,159.15,4303.28,90.1196,9.1211
2024-01-30,2024,1,Jan,Q1,Tue,1,30,FY23-24,0,1,0,3883.08,63398.15,171.31,22621.62,243.98,184459.58,0,0,0.128413398,-0.753142923,-3.401037336,2.8137,3.1095,3836,3929.54,-0.0305,0,0,Normal,163.27,4298.37,90.3384,9.3503
2024-01-31,2024,1,Jan,Q1,Wed,2,31,FY23-24,0,1,0,4144.06,76945.48,190.77,27298.39,376.91,247885.13,0,0,6.72095347,11.35952367,54.4839741,3.6864,3.2875,3871.15,3932.42,1.0725,0,1.0725,Normal,185.68,4711.74,87.9518,7.3
2024-02-01,2024,2,Feb,Q1,Thu,3,1,FY23-24,0,0,1,4318.59,82028.29,205.81,27463.99,374.94,190948.86,0,0,4.211570296,7.883839178,-0.522671195,3.8615,3.3713,3930.04,3940.66,0.6527,0,0.6527,Normal,189.94,4899.34,88.1464,7.4362
2024-02-02,2024,2,Feb,Q1,Fri,4,2,FY23-24,0,0,1,4334.91,73617.61,196.3,23699.21,258.8,141927.32,0,0,0.377901121,-4.620766727,-30.97562277,2.9055,3.3696,4016.62,3949.88,0.0112,0,0.0112,Normal,169.83,4790.01,90.499,9.5252
2024-02-03,2024,2,Feb,Q1,Sat,5,3,FY23-24,1,0,1,4311.46,70136.81,189.68,21461.26,218.1,88500.32,0,0,-0.540957021,-3.3723892,-15.72642968,3.0838,3.3493,4087.62,3960.83,-0.1425,0,0,Normal,162.68,4719.24,91.3592,10.573
2024-02-04,2024,2,Feb,Q1,Sun,6,4,FY23-24,1,0,0,4193.76,58023.37,173.34,15234.63,129.23,19109.09,0,0,-2.729933712,-8.614508646,-40.74736359,3.2663,3.3921,4151.99,3966.53,-0.5087,0,0,Normal,138.36,4496.33,93.2707,13.8605
2024-02-05,2024,2,Feb,Q1,Mon,0,5,FY23-24,0,0,0,4304.28,77049.21,198.14,23945.2,268.61,138245.29,0,0,2.63534394,14.30714203,107.8542134,3.1907,3.4062,4212.88,3973.28,0.3889,0,0.3889,Normal,179.01,4771.03,90.217,9.2218
2024-02-06,2024,2,Feb,Q1,Tue,1,6,FY23-24,0,0,0,4030.23,66834.78,191.83,22418.95,262.39,135307.16,0,0,-6.366918509,-3.184616938,-2.315624884,4.3899,3.5931,4233.9,3973.58,-1.1172,0,0,Normal,165.83,4484.45,89.8712,8.8729
2024-02-07,2024,2,Feb,Q1,Wed,2,7,FY23-24,0,0,0,4369.19,72935.74,196.08,22857.1,299.92,146029.4,0,0,8.410438114,2.21550331,14.30313655,4.8081,3.9013,4266.06,3983.96,1.3552,0,1.3552,Normal,166.93,4865.19,89.8051,8.8089
2024-02-08,2024,2,Feb,Q1,Thu,3,8,FY23-24,0,0,0,4315.24,69704.87,188.79,21519.74,257.78,138573.41,0,0,-1.234782649,-3.717870257,-14.05041344,4.6114,3.9005,4265.58,3994.28,-0.2586,0,0,Normal,161.53,4761.81,90.6218,9.6631
2024-02-09,2024,2,Feb,Q1,Fri,4,9,FY23-24,0,0,0,4329.59,67472.51,189.92,21444.61,284.62,152545.15,0,0,0.332542338,0.598548652,10.41197921,4.6109,3.8674,4264.82,4001.07,0.0037,0,0.0037,Normal,155.84,4804.13,90.1222,9.1238
2024-02-10,2024,2,Feb,Q1,Sat,5,10,FY23-24,1,0,0,4377.3,64841.39,185.72,18195.74,158.75,32033.5,0,0,1.101951917,-2.211457456,-44.22387745,4.6163,3.8706,4274.23,4009.28,0.1324,0,0.1324,Normal,148.13,4721.77,92.7046,12.7073
2024-02-11,2024,2,Feb,Q1,Sun,6,11,FY23-24,1,0,0,4232.39,50719.39,168.16,12220.22,127.2,16658.2,0,0,-3.3104882,-9.455093689,-19.87401575,4.6847,3.9251,4279.75,4012.74,-0.6059,0,0,Normal,119.84,4527.75,93.4767,14.3296
2024-02-12,2024,2,Feb,Q1,Mon,0,12,FY23-24,0,0,0,4263.37,69413.98,189.34,22075.24,283.83,156578.78,0,0,0.731974133,12.59514748,123.1367925,4.5753,3.926,4273.9,4016.5,0.0705,0,0.0705,Normal,162.81,4736.54,90.0102,9.0102
2024-02-13,2024,2,Feb,Q1,Tue,1,13,FY23-24,0,0,0,4197.7,64168.37,183.91,20269.67,256.39,129929.72,0,0,-1.540330771,-2.867856766,-9.66775887,3.7544,3.8475,4297.83,4024.08,-0.3097,0,0,Normal,152.87,4638,90.5067,9.5337
2024-02-14,2024,2,Feb,Q1,Wed,2,14,FY23-24,0,0,0,4206.21,62262.76,187.35,19298.82,222.78,123768.56,0,0,0.202730066,1.870480126,-13.10893561,1.5698,3.636,4274.54,4040.43,-0.0181,0,0,Normal,148.03,4616.34,91.1157,10.2558
2024-02-15,2024,2,Feb,Q1,Thu,3,15,FY23-24,0,0,0,4200.45,64067.86,191.49,19828.97,223.88,158619.47,0,0,-0.136940381,2.209767814,0.493760661,1.5423,3.6365,4258.14,4055.41,-0.0749,0,0,Normal,152.53,4615.82,91.0012,10.1126
2024-02-16,2024,2,Feb,Q1,Fri,4,16,FY23-24,0,0,0,4099.75,58708.44,189.35,18470.24,218.73,144417.03,0,0,-2.397362187,-1.11755183,-2.300339468,1.6735,3.6414,4225.31,4063.4,-0.4531,0,0,Normal,143.2,4507.83,90.9473,10.0464
2024-02-17,2024,2,Feb,Q1,Sat,5,17,FY23-24,1,0,0,4045.74,56296.73,181.38,17034.17,187.45,83802.32,0,0,-1.317397402,-4.20913652,-14.30073607,1.4601,3.625,4177.94,4072.38,-0.2724,0,0,Normal,139.15,4414.57,91.6452,10.9691
2024-02-18,2024,2,Feb,Q1,Sun,6,18,FY23-24,1,0,0,4074.49,45970.13,165.48,10577.52,135.19,16464.68,0,0,0.710624014,-8.766126365,-27.87943452,1.2214,3.5898,4155.39,4078.54,0.0669,0,0.0669,Normal,112.82,4375.16,93.1278,13.5514
2024-02-19,2024,2,Feb,Q1,Mon,0,19,FY23-24,0,0,0,4069.78,59833.37,177.91,18343.25,219.56,106385.79,0,0,-0.115597289,7.51148175,62.40846216,1.1119,3.5771,4127.73,4082.15,-0.0713,0,0,Normal,147.02,4467.25,91.1026,10.2392
2024-02-20,2024,2,Feb,Q1,Tue,1,20,FY23-24,0,0,0,4105.95,61793.87,183.27,19746.55,241.65,141815.51,0,0,0.888745829,3.01275926,10.06103115,1.1677,3.5173,4114.62,4091.4,0.0967,0,0.0967,Normal,150.5,4530.87,90.6217,9.6629
2024-02-21,2024,2,Feb,Q1,Wed,2,21,FY23-24,0,0,0,4138.67,60116.76,183.75,19234.64,249.45,126526.56,0,0,0.796892315,0.261908659,3.227808814,1.231,3.2322,4104.98,4110.74,0.0813,0,0.0813,Normal,145.26,4571.87,90.5247,9.5537
2024-02-22,2024,2,Feb,Q1,Thu,3,22,FY23-24,0,0,0,4031.86,57929.56,178.6,18612.38,226.88,140919.14,0,0,-2.580780782,-2.802721088,-9.047905392,1.5157,3.0423,4080.89,4118.23,-0.4838,0,0,Normal,143.68,4437.34,90.8621,9.9434
2024-02-23,2024,2,Feb,Q1,Fri,4,23,FY23-24,0,0,0,4102.78,56587.1,179.26,18616.84,245.66,142389.39,0,0,1.758989647,0.369540873,8.277503526,1.4961,3.0291,4081.32,4125.06,0.2423,0,0.2423,Normal,137.92,4527.7,90.6151,9.6554
2024-02-24,2024,2,Feb,Q1,Sat,5,24,FY23-24,1,0,0,4013.05,52338.63,172.24,15531.98,151.98,30542.33,0,0,-2.187053656,-3.91609952,-38.13400635,1.6535,3.0607,4076.65,4128.61,-0.4179,0,0,Normal,130.42,4337.27,92.5248,12.3776
2024-02-25,2024,2,Feb,Q1,Sun,6,25,FY23-24,1,0,0,3989.82,44382.34,158.91,10760.01,132.45,17468.17,0,0,-0.578861464,-7.739201115,-12.85037505,1.6191,2.9346,4064.56,4137.31,-0.1488,0,0,Normal,111.24,4281.18,93.1944,13.6938
2024-02-26,2024,2,Feb,Q1,Mon,0,26,FY23-24,0,0,0,4000.04,59971.55,179.42,20128.64,304.22,163239.36,0,0,0.256151907,12.90667674,129.6866742,1.6318,2.9095,4054.6,4143.5,-0.0091,0,0,Normal,149.93,4483.68,89.2133,8.2707
2024-02-27,2024,2,Feb,Q1,Tue,1,27,FY23-24,0,0,0,3872.42,57903.92,176.42,20136.59,254.45,145456.77,0,0,-3.190468095,-1.672054398,-16.35987115,1.8739,2.9515,4021.23,4147.81,-0.5858,0,0,Normal,149.53,4303.29,89.9874,8.9874
2024-02-28,2024,2,Feb,Q1,Wed,2,28,FY23-24,0,1,0,4181.9,64859.15,182.35,21991.61,283.72,172983.85,0,0,7.991901705,3.361296905,11.50324229,3.8445,3.2244,4027.41,4157.94,1.2851,0,1.2851,Normal,155.09,4647.97,89.9726,8.9727
2024-02-29,2024,2,Feb,Q1,Thu,3,29,FY23-24,0,1,0,4315.81,77900.86,202.15,26974.04,410.61,270309.41,0,0,3.202133002,10.85823965,44.72367123,3.7653,3.2673,4067.97,4172.36,0.4838,0,0.4838,Normal,180.5,4928.57,87.5672,7.0432
2024-03-01,2024,3,Mar,Q1,Fri,4,1,FY23-24,0,0,1,4546.29,80825.87,215.71,26374.21,398.98,190054.76,0,0,5.340364845,6.707890181,-2.83237135,4.1077,3.1839,4131.33,4185.77,0.8415,0,0.8415,Normal,177.78,5160.98,88.0897,7.3961
2024-03-02,2024,3,Mar,Q1,Sat,5,2,FY23-24,1,0,1,4520.81,75429.57,206.54,22915.34,239.26,97846.48,0,0,-0.560456988,-4.251077836,-40.03208181,3.9021,3.1029,4203.87,4192.51,-0.1457,0,0,Normal,166.85,4966.61,91.0241,10.1409
2024-03-03,2024,3,Mar,Q1,Sun,6,3,FY23-24,1,0,1,4338.82,58334.6,180.28,14994.6,149.57,23370.25,0,0,-4.025606031,-12.71424421,-37.48641645,4.431,3.1968,4253.73,4192.64,-0.7255,0,0,Normal,134.45,4668.67,92.9348,13.1539
2024-03-04,2024,3,Mar,Q1,Mon,0,4,FY23-24,0,0,0,4400.41,77261.65,208.6,24990.56,273.86,151007.51,0,0,1.419510374,15.70889727,83.09821488,4.4076,3.2043,4310.92,4195.6,0.1855,0,0.1855,Normal,175.58,4882.87,90.1193,9.1208
2024-03-05,2024,3,Mar,Q1,Tue,1,5,FY23-24,0,0,0,4469.35,76244.86,202.85,23826.76,306.02,147447.53,0,0,1.566672196,-2.756471716,11.74322647,3.9109,3.1685,4396.2,4204.79,0.2101,0,0.2101,Normal,170.59,4978.22,89.7781,8.7829
2024-03-06,2024,3,Mar,Q1,Wed,2,6,FY23-24,0,0,0,4418.26,73298.76,197.87,23302.39,297.69,147405.53,0,0,-1.143119246,-2.455016022,-2.722044311,3.0622,3.1458,4429.96,4208.59,-0.2432,0,0,Normal,165.9,4913.82,89.915,8.9157
2024-03-07,2024,3,Mar,Q1,Thu,3,7,FY23-24,0,0,0,4501.15,72473.42,196.62,23201.29,363.45,205630.9,0,0,1.876077913,-0.631727902,22.09009372,2.9291,2.9095,4456.44,4224.29,0.2619,0,0.2619,Normal,161.01,5061.22,88.9341,8.0368
2024-03-08,2024,3,Mar,Q1,Fri,4,8,FY23-24,0,0,0,4282.33,59151,178.31,17728.41,222.32,79827.95,0,0,-4.861424303,-9.312379209,-38.83065071,2.7313,2.6482,4418.73,4221.39,-0.8653,0,0,Normal,138.13,4682.96,91.4449,10.689
2024-03-09,2024,3,Mar,Q1,Sat,5,9,FY23-24,1,0,0,4335.56,62712.99,182.12,17892.7,161.61,32346.05,0,0,1.243014901,2.13672817,-27.30748471,2.8425,2.6481,4392.27,4222.07,0.156,0,0.156,Normal,144.65,4679.29,92.6542,12.6133
2024-03-10,2024,3,Mar,Q1,Sun,6,10,FY23-24,1,0,0,4381.91,54675.02,173.12,13173.3,143.4,19880.27,0,0,1.069066049,-4.941796618,-11.26786709,2.4297,2.6542,4398.42,4223.81,0.1269,0,0.1269,Normal,124.77,4698.43,93.2633,13.844
2024-03-11,2024,3,Mar,Q1,Mon,0,11,FY23-24,0,0,0,4446.13,73454.28,200.19,23664.25,396.55,180708.48,0,0,1.46557095,15.63655268,176.5341702,2.4338,2.6599,4404.96,4226.11,0.1932,0,0.1932,Normal,165.21,5042.87,88.1667,7.4507
2024-03-12,2024,3,Mar,Q1,Tue,1,12,FY23-24,0,0,0,4323.86,68580.66,194.44,22197.88,274.87,161490.19,0,0,-2.75003205,-2.872271342,-30.68465515,2.5653,2.6371,4384.17,4229.16,-0.5121,0,0,Normal,158.61,4793.17,90.2088,9.2132
2024-03-13,2024,3,Mar,Q1,Wed,2,13,FY23-24,0,0,0,4320.08,68886.56,189.68,21583.68,269.26,146681.8,0,0,-0.087421887,-2.448055956,-2.04096482,2.5483,2.6346,4370.15,4231.05,-0.0666,0,0,Normal,159.46,4779.02,90.3968,9.4132
2024-03-14,2024,3,Mar,Q1,Thu,3,14,FY23-24,0,0,0,4289.08,66622.38,191.01,21732.56,277.71,166836.83,0,0,-0.717579304,0.701180936,3.138230706,2.3622,2.6215,4339.85,4234.09,-0.172,0,0,Normal,155.33,4757.8,90.1484,9.1506
2024-03-15,2024,3,Mar,Q1,Fri,4,15,FY23-24,0,0,0,4366.18,64856.7,182.73,20043.77,288.27,170433.21,0,0,1.797588294,-4.334851578,3.802527817,1.6109,2.6396,4351.83,4239.42,0.2488,0,0.2488,Normal,148.54,4837.18,90.2629,9.27
2024-03-16,2024,3,Mar,Q1,Sat,5,16,FY23-24,1,0,0,4315.83,61213.98,180.76,18459.85,232.12,105861.68,0,0,-1.153181958,-1.078093362,-19.4782669,1.6288,2.65,4349.01,4243.27,-0.2449,0,0,Normal,141.84,4728.71,91.2687,10.453
2024-03-17,2024,3,Mar,Q1,Sun,6,17,FY23-24,1,0,0,4258.75,48305.04,161.77,11577.72,138.63,17728.23,0,0,-1.322572947,-10.50564284,-40.27658108,1.6046,2.6219,4331.42,4248.57,-0.2733,0,0,Normal,113.43,4559.15,93.4111,14.1769
2024-03-18,2024,3,Mar,Q1,Mon,0,18,FY23-24,0,0,0,4279.42,63687.32,185.28,20292.03,260.6,158107.11,0,0,0.485353684,14.53297892,87.98239919,1.4505,2.6075,4307.6,4256.36,0.0292,0,0.0292,Normal,148.82,4725.3,90.564,9.5977
2024-03-19,2024,3,Mar,Q1,Tue,1,19,FY23-24,0,0,0,4186.05,61251.95,178.91,19996.66,252.93,158356.39,0,0,-2.181837726,-3.438039724,-2.943207982,1.3156,2.642,4287.91,4260.08,-0.417,0,0,Normal,146.32,4617.89,90.6485,9.6935
2024-03-20,2024,3,Mar,Q1,Wed,2,20,FY23-24,0,0,0,4184.15,62350.23,175.38,20279.48,267.74,157744.15,0,0,-0.045388851,-1.97305908,5.855375005,1.3176,2.6418,4268.49,4263.89,-0.0596,0,0,Normal,149.02,4627.27,90.4237,9.4425
2024-03-21,2024,3,Mar,Q1,Thu,3,21,FY23-24,0,0,0,4262.7,61972.32,177.96,20325.05,256.26,178349.7,0,0,1.877322754,1.471091345,-4.287741839,1.5701,2.6577,4264.73,4269.12,0.2621,0,0.2621,Normal,145.38,4696.92,90.7552,9.8169
2024-03-22,2024,3,Mar,Q1,Fri,4,22,FY23-24,0,0,0,4456.07,61822.7,180.57,21049.95,292.38,210019.63,0,0,4.536326741,1.466621713,14.0950597,2.291,2.7739,4277.57,4279.7,0.707,0,0.707,Normal,138.74,4929.02,90.4048,9.4219
2024-03-23,2024,3,Mar,Q1,Sat,5,23,FY23-24,1,0,0,4504.97,60705.64,189.38,18598.75,173.46,37013.01,0,0,1.097379529,4.878994296,-40.67309666,2.2072,2.7237,4304.59,4295.47,0.1316,0,0.1316,Normal,134.75,4867.81,92.5461,12.4159
2024-03-24,2024,3,Mar,Q1,Sun,6,24,FY23-24,1,0,0,4459.68,48265.51,172.55,11876.58,142.79,16746.95,0,0,-1.005334109,-8.886894075,-17.68130981,2.1631,2.7231,4333.29,4307.36,-0.2202,0,0,Normal,108.23,4775.02,93.396,14.1424
2024-03-25,2024,3,Mar,Q1,Mon,0,25,FY23-24,0,0,0,3707.24,40085.56,139.28,11794.29,195.64,102369.59,0,0,-16.87206257,-19.28136772,37.01239583,6.9892,4.1396,4251.55,4297.17,-2.8748,0,0,Normal,108.13,4042.16,91.7143,11.069
2024-03-26,2024,3,Mar,Q1,Tue,1,26,FY23-24,0,0,0,4130.96,56389.63,172.78,20275.83,246.47,192851.26,0,0,11.42952709,24.05226881,25.9813944,8.5778,4.6486,4243.68,4301.87,1.8603,0,1.8603,Normal,136.5,4550.21,90.7861,9.8532
2024-03-27,2024,3,Mar,Q1,Wed,2,27,FY23-24,0,0,0,4284.64,62182.95,182.98,22876.14,278.57,207630.65,0,0,3.720200631,5.903461049,13.02389743,8.6813,4.6922,4258.04,4311.36,0.5704,0,0.5704,Normal,145.13,4746.19,90.2754,9.2832
2024-03-28,2024,3,Mar,Q1,Thu,3,28,FY23-24,0,1,0,4259.39,67414.47,192.93,26776.25,394.62,314720.08,0,0,-0.589314388,5.43775276,41.659188,8.6748,4.6486,4257.56,4324.26,-0.1506,0,0,Normal,158.27,4846.94,87.8779,7.2494
2024-03-29,2024,3,Mar,Q1,Fri,4,29,FY23-24,0,1,0,4282.98,61279.32,203.65,22952.3,212.77,143521.82,0,0,0.553835174,5.556419427,-46.08230703,8.4815,4.4241,4232.84,4327.63,0.0407,0,0.0407,Normal,143.08,4699.4,91.1389,10.2852
2024-03-30,2024,3,Mar,Q1,Sat,5,30,FY23-24,1,1,0,4402.7,69087.24,210.89,28079.84,343.62,280437.15,0,0,2.795250036,3.555119077,61.49833153,8.55,4.4151,4218.23,4330.52,0.4157,0,0.4157,Normal,156.92,4957.21,88.8141,7.9398
2024-03-31,2024,3,Mar,Q1,Sun,6,31,FY23-24,1,1,0,4484.29,59531.05,201.22,21873.29,187.67,118415.11,0,0,1.853181003,-4.585328844,-45.3844363,8.562,4.319,4221.74,4328.46,0.2581,0,0.2581,Normal,132.75,4873.18,92.0198,11.531
2024-04-01,2024,4,Apr,Q2,Mon,0,1,FY24-25,0,0,1,4081.77,65707.52,240.94,25366.46,26.93,30073.67,0,0,-8.976225891,19.73958851,-85.65034369,6.0598,4.6226,4275.25,4313.82,-1.5538,0,0,Normal,160.98,4349.64,93.8416,15.2379
2024-04-02,2024,4,Apr,Q2,Tue,1,2,FY24-25,0,0,1,4376.71,78992.68,256.87,28349.3,411.34,219355.7,0,0,7.225786852,6.611604549,1427.441515,5.0388,4.7586,4310.35,4315.09,1.157,0,1.157,Normal,180.48,5044.92,86.7548,6.5499
2024-04-03,2024,4,Apr,Q2,Wed,2,3,FY24-25,0,0,1,4574.56,81612.52,201.07,25701.92,287.15,139377.31,0,0,4.520518837,-21.72305057,-30.19156902,5.1208,4.8206,4351.77,4320.89,0.7043,0,0.7043,Normal,178.41,5062.78,90.3567,9.3699
2024-04-04,2024,4,Apr,Q2,Thu,3,4,FY24-25,0,0,0,4637.32,80339.98,202.16,25475.57,265.45,126111.84,0,0,1.371935224,0.542099766,-7.557025945,5.0692,4.8188,4405.76,4326.49,0.1776,0,0.1776,Normal,173.25,5104.93,90.84,9.9171
2024-04-05,2024,4,Apr,Q2,Fri,4,5,FY24-25,0,0,0,4683.52,76592.44,201.99,23931.64,287.19,137545.52,0,0,0.996265084,-0.084091808,8.189866265,5.0606,4.8135,4462.98,4335.33,0.1147,0,0.1147,Normal,163.54,5172.7,90.543,9.5742
2024-04-06,2024,4,Apr,Q2,Sat,5,6,FY24-25,1,0,0,4683.34,75139.67,194.38,21805.7,338.14,129086.36,0,0,-0.003843263,-3.767513243,17.74086841,5.0424,4.8047,4503.07,4341.41,-0.0526,0,0,Normal,160.44,5215.86,89.7904,8.7947
2024-04-07,2024,4,Apr,Q2,Sun,6,7,FY24-25,1,0,0,4732.2,62137.33,181.61,14897.31,147.95,20612.48,0,0,1.043272536,-6.569605927,-56.24593364,5.0288,4.7081,4538.49,4356.4,0.1226,0,0.1226,Normal,131.31,5061.76,93.4892,14.3591
2024-04-08,2024,4,Apr,Q2,Mon,0,8,FY24-25,0,0,0,4645.73,78463.35,202.47,23619.54,295.09,140097.32,0,0,-1.827268501,11.48615164,99.45251774,3.016,4.7235,4619.05,4366.74,-0.3577,0,0,Normal,168.89,5143.29,90.326,9.337
2024-04-09,2024,4,Apr,Q2,Tue,1,9,FY24-25,0,0,0,4729.93,73005.91,193.97,20065.14,236.2,91035.51,0,0,1.812416994,-4.198152813,-19.9566234,1.9182,4.7294,4669.51,4378.34,0.2513,0,0.2513,Normal,154.35,5160.1,91.6635,10.9955
2024-04-10,2024,4,Apr,Q2,Wed,2,10,FY24-25,0,0,0,4787.3,77281.73,203.97,22308.06,299.42,170546.74,0,0,1.212914356,5.155436408,26.76545301,1.2266,4.7276,4699.91,4389.71,0.151,0,0.151,Normal,161.43,5290.69,90.4854,9.5101
2024-04-11,2024,4,Apr,Q2,Thu,3,11,FY24-25,0,0,0,4370.3,58614.12,177.11,16146.37,183.83,45898.34,0,0,-8.710546655,-13.16860323,-38.60463563,3.6915,4.9812,4661.76,4391.26,-1.5093,0,0,Normal,134.12,4731.24,92.3711,12.1081
2024-04-12,2024,4,Apr,Q2,Fri,4,12,FY24-25,0,0,0,4445.22,66417.2,185.14,19976.12,281.61,150585.48,0,0,1.71429879,4.533905482,53.1904477,3.7586,4.989,4627.72,4395.43,0.2348,0,0.2348,Normal,149.41,4911.97,90.4977,9.5238
2024-04-13,2024,4,Apr,Q2,Sat,5,13,FY24-25,1,0,0,4479.34,60182.59,178.53,16329.84,156.32,30128.7,0,0,0.76756606,-3.570271146,-44.49060758,3.7928,4.9867,4598.57,4401.77,0.0764,0,0.0764,Normal,134.36,4814.19,93.0445,13.3772
2024-04-14,2024,4,Apr,Q2,Sun,6,14,FY24-25,1,0,0,4383.94,49234.95,161.13,11387.59,133.79,15070.29,0,0,-2.129778048,-9.746261133,-14.41274309,3.7574,4.9968,4548.82,4402.37,-0.4083,0,0,Normal,112.31,4678.86,93.6968,14.8648
2024-04-15,2024,4,Apr,Q2,Mon,0,15,FY24-25,0,0,0,4469.73,71014.73,188.28,21435.28,311.29,155982.67,0,0,1.956915469,16.84974865,132.6706032,3.8922,5.0013,4523.68,4407.5,0.2754,0,0.2754,Normal,158.88,4969.3,89.9469,8.9472
2024-04-16,2024,4,Apr,Q2,Tue,1,16,FY24-25,0,0,0,4494.11,67012.58,183.98,20598.03,259.9,127491.81,0,0,0.545446817,-2.28383259,-16.50872177,3.796,4.9927,4489.99,4415.34,0.0393,0,0.0393,Normal,149.11,4937.99,91.0109,10.1246
2024-04-17,2024,4,Apr,Q2,Wed,2,17,FY24-25,0,0,0,4305.65,58079.92,176.34,16636.26,189.07,63340.31,0,0,-4.193488811,-4.152625285,-27.25278953,3.8992,5.0596,4421.18,4416.22,-0.7536,0,0,Normal,134.89,4671.06,92.1772,11.7831
2024-04-18,2024,4,Apr,Q2,Thu,3,18,FY24-25,0,0,0,4387.66,62329.77,172.14,19061.15,280.24,133833.76,0,0,1.904706606,-2.381762504,48.22023589,2.3579,5.0496,4423.66,4422.94,0.2667,0,0.2667,Normal,142.06,4840.04,90.6534,9.6991
2024-04-19,2024,4,Apr,Q2,Fri,4,19,FY24-25,0,0,0,4141.56,55920.21,157.05,17007.28,226.31,115970.52,0,0,-5.608912268,-8.7661206,-19.24421924,3.0387,5.1631,4380.28,4421.52,-0.9904,0,0,Normal,135.02,4524.92,91.5278,10.8033
2024-04-20,2024,4,Apr,Q2,Sat,5,20,FY24-25,1,0,0,4447.32,63256.03,167.13,18021.21,195.54,76018.01,0,0,7.38272535,6.418338109,-13.59639433,4.3939,5.3238,4375.71,4427.67,1.1832,0,1.1832,Normal,142.23,4809.99,92.4601,12.2627
2024-04-21,2024,4,Apr,Q2,Sun,6,21,FY24-25,1,0,0,4346.77,48472.16,152.66,11374.72,138.74,16085.92,0,0,-2.26091219,-8.657930952,-29.04776516,4.4047,5.281,4370.4,4424.03,-0.4303,0,0,Normal,111.51,4638.17,93.7173,14.9168
2024-04-22,2024,4,Apr,Q2,Mon,0,22,FY24-25,0,0,0,4336.3,63466.19,169.68,19583.85,233.45,14651.01,0,0,-0.240868507,11.14895847,68.26437941,4.3161,5.2776,4351.34,4418.41,-0.0923,0,0,Normal,146.36,4739.43,91.4941,10.7566
2024-04-23,2024,4,Apr,Q2,Tue,1,23,FY24-25,0,0,0,4232.23,59888.22,165.19,18521.15,225.11,110429.67,0,0,-2.399972327,-2.646157473,-3.572499465,4.3573,5.293,4313.93,4410.82,-0.4535,0,0,Normal,141.51,4622.53,91.5566,10.8435
2024-04-24,2024,4,Apr,Q2,Wed,2,24,FY24-25,0,0,0,4296.9,62462.96,168.43,19043.67,227.88,116191.01,0,0,1.528036047,1.961377807,1.230509529,4.1401,4.2348,4312.68,4430.48,0.2037,0,0.2037,Normal,145.37,4693.21,91.5557,10.8423
2024-04-25,2024,4,Apr,Q2,Thu,3,25,FY24-25,0,0,0,4316.85,62066.2,168.88,19851.12,224.69,127832.71,0,0,0.464288208,0.267173306,-1.399859575,4.0674,3.7063,4302.56,4436.68,0.0257,0,0.0257,Normal,143.78,4710.42,91.6447,10.9684
2024-04-26,2024,4,Apr,Q2,Fri,4,26,FY24-25,0,0,0,4178.7,56158.84,160.21,17990.7,221.79,135711.48,0,0,-3.200250182,-5.133822833,-1.290667141,3.6054,3.6959,4307.87,4433.14,-0.5874,0,0,Normal,134.39,4560.7,91.6241,10.939
2024-04-27,2024,4,Apr,Q2,Sat,5,27,FY24-25,1,0,0,4373.46,56822.21,166.15,16334.58,153.59,28977.92,0,0,4.660779668,3.707633731,-30.74980838,2.743,3.7909,4297.32,4436.95,0.7278,0,0.7278,Normal,129.93,4693.2,93.1872,13.6782
2024-04-28,2024,4,Apr,Q2,Sun,6,28,FY24-25,1,1,0,4256.32,46102.79,153.77,11444.51,136.11,14998.34,0,0,-2.678428521,-7.451098405,-11.38094928,2.7991,3.8251,4284.39,4436.06,-0.5001,0,0,Normal,108.32,4546.2,93.6237,14.683
2024-04-29,2024,4,Apr,Q2,Mon,0,29,FY24-25,0,1,0,4352.25,67116.48,176.84,22447.49,268.34,179164.57,0,0,2.2538249,15.00292645,97.14936448,2.9573,3.813,4286.67,4434.38,0.3251,0,0.3251,Normal,154.21,4797.43,90.7204,9.7764
2024-04-30,2024,4,Apr,Q2,Tue,1,30,FY24-25,0,1,0,4492.95,80573.24,195.58,27567.29,397.57,268344.53,0,0,3.232810615,10.59714997,48.15905195,2.9331,3.8439,4323.92,4434.66,0.4889,0,0.4889,Normal,179.33,5086.1,88.3378,7.5747
2024-05-01,2024,5,May,Q2,Wed,2,1,FY24-25,0,0,1,4804.69,81678.5,213.28,24345.87,293.68,102201.44,0,0,6.938425756,9.050005113,-26.13124733,3.732,3.6441,4396.46,4458.76,1.1089,0,1.1089,Normal,170,5311.65,90.4557,9.4775
2024-05-02,2024,5,May,Q2,Thu,3,2,FY24-25,0,0,1,4772.01,82795.98,204.71,25648.04,324.56,165158.97,0,0,-0.680168752,-4.018192048,10.51484609,3.8176,3.4286,4461.48,4471.94,-0.1658,0,0,Normal,173.5,5301.28,90.0162,9.0162
2024-05-03,2024,5,May,Q2,Fri,4,3,FY24-25,0,0,1,4712.03,77293.8,201.4,24375.3,271.31,143162.95,0,0,-1.256912706,-1.616921499,-16.40682771,3.4736,3.3473,4537.67,4476.52,-0.2623,0,0,Normal,164.04,5184.74,90.8827,9.9681
2024-05-04,2024,5,May,Q2,Sat,5,4,FY24-25,1,0,0,4840.87,77618.21,199.11,22662.18,234.02,93779.85,0,0,2.734278008,-1.137040715,-13.7444252,3.2783,3.3736,4604.45,4483.31,0.4055,0,0.4055,Normal,160.34,5274,91.7874,11.1765
2024-05-05,2024,5,May,Q2,Sun,6,5,FY24-25,1,0,0,4711.69,61535.54,174.27,15195.3,146.44,20166.97,0,0,-2.668528591,-12.47551605,-37.42415178,3.2762,3.4098,4669.5,4484.24,-0.4984,0,0,Normal,130.6,5032.4,93.6271,14.6914
2024-05-06,2024,5,May,Q2,Mon,0,6,FY24-25,0,0,0,4669.94,77012.19,197.46,23780.37,298.69,142762.21,0,0,-0.886093949,13.30693751,103.9674952,3.3706,3.4143,4714.88,4483.8,-0.2002,0,0,Normal,164.91,5166.09,90.396,9.4124
2024-05-07,2024,5,May,Q2,Tue,1,7,FY24-25,0,0,0,4544.11,71966.72,188.36,22222.22,296.08,126660.09,0,0,-2.694467167,-4.60852831,-0.873815662,3.4764,3.4448,4722.19,4477.53,-0.5028,0,0,Normal,158.37,5028.55,90.3662,9.3801
2024-05-08,2024,5,May,Q2,Wed,2,8,FY24-25,0,0,0,4741.36,74337.94,196.08,22410.9,269.89,124779.99,0,0,4.340784004,4.098534721,-8.845582275,2.688,3.52,4713.14,4480.72,0.6743,0,0.6743,Normal,156.79,5207.33,91.0517,10.1752
2024-05-09,2024,5,May,Q2,Thu,3,9,FY24-25,0,0,0,4711.16,74897.09,195.43,22419.53,270.52,143134.18,0,0,-0.636948049,-0.331497348,0.233428434,2.6866,3.508,4704.45,4480.09,-0.1585,0,0,Normal,158.98,5177.11,90.9998,10.1109
2024-05-10,2024,5,May,Q2,Fri,4,10,FY24-25,0,0,0,4740.33,74820.95,191.44,21646.71,291.57,136391.23,0,0,0.619168103,-2.041651742,7.781310069,2.6514,3.5029,4708.49,4478.52,0.0516,0,0.0516,Normal,157.84,5223.34,90.7529,9.8141
2024-05-11,2024,5,May,Q2,Sat,5,11,FY24-25,1,0,0,4605.34,64156.46,180.82,17498.37,164.76,31218.77,0,0,-2.847692038,-5.547430004,-43.49212882,2.5707,3.1437,4674.85,4486.36,-0.5284,0,0,Normal,139.31,4950.92,93.0199,13.3264
2024-05-12,2024,5,May,Q2,Sun,6,12,FY24-25,1,0,0,4565.44,51539.62,162.94,11796.53,140.08,17348.73,0,0,-0.866385544,-9.888286694,-14.97936392,2.4247,3.1368,4653.95,4490.37,-0.1969,0,0,Normal,112.89,4868.46,93.7759,15.0665
2024-05-13,2024,5,May,Q2,Mon,0,13,FY24-25,0,0,0,4368.12,64193.58,177.97,19521.29,282.5,137908.26,0,0,-4.322036868,9.224254327,101.670474,2.8451,3.2375,4610.84,4486.66,-0.7751,0,0,Normal,146.96,4828.59,90.4637,9.4862
2024-05-14,2024,5,May,Q2,Tue,1,14,FY24-25,0,0,0,4494.89,67457.42,177.6,20307.05,258.73,121110.04,0,0,2.90216386,-0.207900208,-8.414159292,3.0414,3.2554,4603.81,4490.36,0.4336,0,0.4336,Normal,150.08,4931.22,91.1517,10.3016
2024-05-15,2024,5,May,Q2,Wed,2,15,FY24-25,0,0,0,4611.81,69211.71,183.19,20663.39,250.58,126594.47,0,0,2.601176002,3.147522523,-3.150001933,2.6642,3.27,4585.3,4495.09,0.3832,0,0.3832,Normal,150.07,5045.58,91.403,10.6319
2024-05-16,2024,5,May,Q2,Thu,3,16,FY24-25,0,0,0,4493.06,65655.99,179,19734.02,239.34,121582.8,0,0,-2.574910935,-2.287242753,-4.485593423,2.7948,3.3065,4554.14,4495.06,-0.4828,0,0,Normal,146.13,4911.4,91.4823,10.7402
2024-05-17,2024,5,May,Q2,Fri,4,17,FY24-25,0,0,0,4466.52,61499.98,171.63,18280.48,248.96,127338.23,0,0,-0.590688751,-4.117318436,4.019386647,2.7407,3.2111,4515.03,4500.42,-0.1508,0,0,Normal,137.69,4887.11,91.3939,10.6197
2024-05-18,2024,5,May,Q2,Sat,5,18,FY24-25,1,0,0,4475.37,60392.39,169.8,17121.56,215,77615.51,0,0,0.198140834,-1.06624716,-13.6407455,2.6023,3.1944,4496.46,4503.34,-0.0188,0,0,Normal,134.94,4860.17,92.0826,11.6304
2024-05-19,2024,5,May,Q2,Sun,6,19,FY24-25,1,0,0,4421.55,48699.88,159.4,10921.6,135.24,17095.87,0,0,-1.202582133,-6.124852768,-37.09767442,2.6159,3.0186,4475.9,4512.68,-0.2532,0,0,Normal,110.14,4716.19,93.7526,15.0066
2024-05-20,2024,5,May,Q2,Mon,0,20,FY24-25,0,0,0,4359.16,62677.84,172.89,18470.97,212.24,91340.6,0,0,-1.411043639,8.462986198,56.93581781,2.0673,2.715,4474.62,4509.74,-0.2881,0,0,Normal,143.78,4744.29,91.8822,11.3187
2024-05-21,2024,5,May,Q2,Tue,1,21,FY24-25,0,0,0,4429.81,63261.77,173.14,19428.81,258.97,147839.96,0,0,1.620725094,0.144600613,22.01752733,1.8067,2.6975,4465.33,4512.51,0.2192,0,0.2192,Normal,142.81,4861.92,91.1124,10.2516
2024-05-22,2024,5,May,Q2,Wed,2,22,FY24-25,0,0,0,4485.22,62814.11,172.25,18954.44,238.58,129973.79,0,0,1.250843716,-0.514034885,-7.873498861,1.5054,2.7048,4447.24,4517.47,0.1573,0,0.1573,Normal,140.05,4896.05,91.609,10.9175
2024-05-23,2024,5,May,Q2,Thu,3,23,FY24-25,0,0,0,4321.57,59408.9,171.31,17560.78,196.66,90551.41,0,0,-3.648650456,-0.545718433,-17.57062621,1.7928,2.7545,4422.74,4520.45,-0.6624,0,0,Normal,137.47,4689.54,92.1534,11.7444
2024-05-24,2024,5,May,Q2,Fri,4,24,FY24-25,0,0,0,4439.13,59932.38,168.1,19053.71,243.32,146106.94,0,0,2.720307666,-1.873796042,23.72622801,2.1737,2.7842,4418.83,4525.19,0.4032,0,0.4032,Normal,135.01,4850.55,91.5181,10.7898
2024-05-25,2024,5,May,Q2,Sat,5,25,FY24-25,1,0,0,4310.14,55032.22,162.6,15234.31,158.94,28112.36,0,0,-2.90574955,-3.271861987,-34.67861253,2.4138,2.8383,4395.23,4524.97,-0.5381,0,0,Normal,127.68,4631.68,93.0578,13.4047
2024-05-26,2024,5,May,Q2,Sun,6,26,FY24-25,1,0,0,4387.71,45546.42,150.23,10542.25,135.4,15717.59,0,0,1.799709522,-7.607626076,-14.81062036,2.5341,2.7883,4390.39,4531.93,0.2491,0,0.2491,Normal,103.8,4673.34,93.8881,15.3615
2024-05-27,2024,5,May,Q2,Mon,0,27,FY24-25,0,0,0,4337.4,63592.61,181.95,20235.46,272.88,140048.05,0,0,-1.146611786,21.11429142,101.5361891,2.5129,2.6668,4387.28,4530.73,-0.2438,0,0,Normal,146.61,4792.23,90.509,9.5363
2024-05-28,2024,5,May,Q2,Tue,1,28,FY24-25,0,1,0,4284.26,61125.12,167.6,19537.64,245.29,135453.35,0,0,-1.225157929,-7.886782083,-10.11067136,2.4274,2.6293,4366.49,4531.66,-0.257,0,0,Normal,142.67,4697.15,91.2098,10.3763
2024-05-29,2024,5,May,Q2,Wed,2,29,FY24-25,0,1,0,4313.43,61874.15,170.54,19857.8,222.56,131059.22,0,0,0.680864373,1.754176611,-9.266582413,2.3697,2.5995,4341.95,4530.37,0.0619,0,0.0619,Normal,143.45,4706.53,91.6478,10.9729
2024-05-30,2024,5,May,Q2,Thu,3,30,FY24-25,0,1,0,4348.73,65193.76,172.82,21088.46,247.41,161798.45,0,0,0.81837424,1.336929753,11.1655284,1.9559,2.5325,4345.83,4525.56,0.0849,0,0.0849,Normal,149.91,4768.96,91.1882,10.3485
2024-05-31,2024,5,May,Q2,Fri,4,31,FY24-25,0,1,0,4591.58,77713.82,189.67,25651.44,403.53,263982.57,0,0,5.584389006,9.750028932,63.10173396,2.7374,2.4124,4367.61,4518.46,0.8823,0,0.8823,Normal,169.25,5184.78,88.5588,7.7404
2024-06-01,2024,6,Jun,Q2,Sat,5,1,FY24-25,1,0,1,4784.57,80892.93,196.06,23964.53,333.04,124629.08,0,0,4.203128335,3.369009332,-17.46834188,2.5703,2.5351,4435.38,4518.88,0.6512,0,0.6512,Normal,169.07,5313.67,90.0427,9.0428
2024-06-02,2024,6,Jun,Q2,Sun,6,2,FY24-25,1,0,1,4741.78,65177.53,173.82,15867.36,148.88,20893.09,0,0,-0.894333242,-11.34346629,-55.29666106,2.7206,2.5296,4485.96,4519.87,-0.2016,0,0,Normal,137.45,5064.48,93.6282,14.6941
2024-06-03,2024,6,Jun,Q2,Mon,0,3,FY24-25,0,0,1,4791.28,84201.75,198.76,24820.65,297.59,141754.02,0,0,1.04391178,14.34817627,99.88581408,2.5325,2.4862,4550.8,4518.22,0.1227,0,0.1227,Normal,175.74,5287.63,90.613,9.653
2024-06-04,2024,6,Jun,Q2,Tue,1,4,FY24-25,0,0,0,4474.45,81483.43,182.34,24529.54,255.85,118055.91,0,0,-6.612637959,-8.261219561,-14.02600894,3.9217,2.7248,4577.97,4510.31,-1.1583,0,0,Normal,182.11,4912.64,91.0804,10.2112
2024-06-05,2024,6,Jun,Q2,Wed,2,5,FY24-25,0,0,0,4786.02,82064.37,191.15,23888.61,286.9,146458.57,0,0,6.963313927,4.831633213,12.1360172,4.5827,3.012,4645.49,4514.18,1.1131,0,1.1131,Normal,171.47,5264.07,90.9186,10.0115
2024-06-06,2024,6,Jun,Q2,Thu,3,6,FY24-25,0,0,0,4579.99,73445.81,183.08,22702.92,270.01,139655.98,0,0,-4.304829483,-4.221815328,-5.887068665,5.1051,3.0776,4678.52,4515.37,-0.7722,0,0,Normal,160.36,5033.08,90.9978,10.1083
2024-06-07,2024,6,Jun,Q2,Fri,4,7,FY24-25,0,0,0,4781.77,74690.75,186.4,22469.2,331.02,153190,0,0,4.405686475,1.813414901,22.59545943,4.9399,3.0808,4705.69,4516.72,0.6851,0,0.6851,Normal,156.2,5299.19,90.2359,9.2416
2024-06-08,2024,6,Jun,Q2,Sat,5,8,FY24-25,1,0,0,4791.9,68922.47,182.93,18689.59,181.08,33485.58,0,0,0.211846241,-1.861587983,-45.29635672,4.6904,3.0779,4706.74,4519.41,-0.0165,0,0,Normal,143.83,5155.91,92.9399,13.1642
2024-06-09,2024,6,Jun,Q2,Sun,6,9,FY24-25,1,0,0,4710.92,56425.61,159.66,12595.51,146.25,17559.31,0,0,-1.689935099,-12.72071284,-19.23459245,4.7284,3.0934,4702.33,4518.43,-0.3347,0,0,Normal,119.78,5016.83,93.9023,15.3997
2024-06-10,2024,6,Jun,Q2,Mon,0,10,FY24-25,0,0,0,4807.16,80323.86,197.27,23458.06,327.41,165183.96,0,0,2.042913062,23.55630715,123.8700855,4.7799,3.0655,4704.6,4525.16,0.2898,0,0.2898,Normal,167.09,5331.84,90.1595,9.1621
2024-06-11,2024,6,Jun,Q2,Tue,1,11,FY24-25,0,0,0,4697.98,73866.64,197.3,22226.15,253.94,129300.28,0,0,-2.271195467,0.015207584,-22.43975444,3.9699,3.0928,4736.53,4529.58,-0.432,0,0,Normal,157.23,5149.22,91.2367,10.4113
2024-06-12,2024,6,Jun,Q2,Wed,2,12,FY24-25,0,0,0,4769.39,71385.73,194.14,21063.9,242.45,123801.83,0,0,1.520014985,-1.601621896,-4.524690872,2.9576,2.984,4734.16,4542.95,0.2023,0,0.2023,Normal,149.67,5205.98,91.6137,10.9242
2024-06-13,2024,6,Jun,Q2,Thu,3,13,FY24-25,0,0,0,4621.92,67638.55,193.21,20233.66,222.94,130167.45,0,0,-3.09200967,-0.479035747,-8.047020004,2.6874,3.0069,4740.15,4547.19,-0.5693,0,0,Normal,146.34,5038.07,91.7399,11.1064
2024-06-14,2024,6,Jun,Q2,Fri,4,14,FY24-25,0,0,0,4705.68,66861.57,178.72,19316.82,247.24,152719.53,0,0,1.812233877,-7.499611821,10.89979367,2.1245,2.988,4729.28,4550.31,0.2512,0,0.2512,Normal,142.09,5131.64,91.6993,11.0472
2024-06-15,2024,6,Jun,Q2,Sat,5,15,FY24-25,1,0,0,4777.18,68024.41,175.06,18580.23,220.71,93083.37,0,0,1.519440336,-2.04789615,-10.73046433,2.2229,2.9544,4727.18,4559.79,0.2022,0,0.2022,Normal,142.39,5172.95,92.3492,12.0706
2024-06-16,2024,6,Jun,Q2,Sun,6,16,FY24-25,1,0,0,4746.27,53975.8,155.11,10820.67,149.11,17618.4,0,0,-0.647034443,-11.39609277,-32.44075937,2.1253,2.955,4732.23,4569.11,-0.1602,0,0,Normal,113.72,5050.49,93.9764,15.6014
2024-06-17,2024,6,Jun,Q2,Mon,0,17,FY24-25,0,0,0,4315.9,51569.15,156.41,13418.49,168.62,41998.62,0,0,-9.067541459,0.838114886,13.08430018,3.8799,3.4093,4662.05,4563.8,-1.5691,0,0,Normal,119.49,4640.93,92.9964,13.2785
2024-06-18,2024,6,Jun,Q2,Tue,1,18,FY24-25,0,0,0,4404.62,61051.29,161.51,18231.94,246.44,138322.96,0,0,2.055654672,3.260661083,46.151109,4.0693,3.4237,4620.14,4563.23,0.292,0,0.292,Normal,138.61,4812.57,91.5232,10.797
2024-06-19,2024,6,Jun,Q2,Wed,2,19,FY24-25,0,0,0,4602.56,64879.46,168.2,19231.33,241.63,124615.9,0,0,4.49391775,4.14215838,-1.95179354,4.4906,3.5059,4596.3,4571.34,0.6999,0,0.6999,Normal,140.96,5012.39,91.8237,11.2304
2024-06-20,2024,6,Jun,Q2,Thu,3,20,FY24-25,0,0,0,4543.25,65029.53,167.75,19236.82,251.06,142181.38,0,0,-1.288630675,-0.267538644,3.902661093,4.3615,3.5066,4585.07,4575.13,-0.2676,0,0,Normal,143.13,4962.06,91.5598,10.848
2024-06-21,2024,6,Jun,Q2,Fri,4,21,FY24-25,0,0,0,4526.04,62337.03,169.39,19444.44,258.28,133410.34,0,0,-0.37880372,0.977645306,2.87580658,4.274,3.5015,4559.4,4576.49,-0.1154,0,0,Normal,137.73,4953.71,91.3667,10.583
2024-06-22,2024,6,Jun,Q2,Sat,5,22,FY24-25,1,0,0,4548.31,57274.09,153.69,15524.86,173.19,29236.81,0,0,0.492041608,-9.268551863,-32.94486604,4.2114,3.4299,4526.71,4584.04,0.0303,0,0.0303,Normal,125.92,4875.19,93.295,13.9143
2024-06-23,2024,6,Jun,Q2,Sun,6,23,FY24-25,1,0,0,4453.05,46497.11,136.62,9991.31,149.83,15274.35,0,0,-2.094404295,-11.10677337,-13.48807668,4.2483,3.4219,4484.82,4584.51,-0.4024,0,0,Normal,104.42,4739.5,93.9561,15.5456
2024-06-24,2024,6,Jun,Q2,Mon,0,24,FY24-25,0,0,0,4555.21,64748.05,160,19940.88,262.8,146818.16,0,0,2.294157937,17.11316059,75.39878529,2.2978,3.3977,4519.01,4592.68,0.3319,0,0.3319,Normal,142.14,4978.01,91.5066,10.7739
2024-06-25,2024,6,Jun,Q2,Tue,1,25,FY24-25,0,0,0,4445.25,63353.78,164.42,20092.05,240.7,140633.94,0,0,-2.413939204,2.7625,-8.409436834,2.5015,3.4181,4524.81,4594.6,-0.4559,0,0,Normal,142.52,4850.37,91.6476,10.9727
2024-06-26,2024,6,Jun,Q2,Wed,2,26,FY24-25,0,0,0,4481.4,62349.06,158.4,19494.86,248.95,135493.33,0,0,0.813227602,-3.661355066,3.427503116,1.6949,3.4122,4507.5,4599.4,0.0841,0,0.0841,Normal,139.13,4888.75,91.6676,11.0014
2024-06-27,2024,6,Jun,Q2,Thu,3,27,FY24-25,0,0,0,4504.87,62009.24,156.15,19433.62,350.51,170468.46,0,0,0.523720266,-1.420454545,40.79534043,1.6691,3.4025,4502.02,4606.75,0.0356,0,0.0356,Normal,137.65,5011.53,89.8901,8.8913
2024-06-28,2024,6,Jun,Q2,Fri,4,28,FY24-25,0,1,0,4527.52,66808.91,164.07,21939.06,368.02,234603.79,0,0,0.502789204,5.07204611,4.995577872,1.6786,3.4019,4502.23,4613.88,0.0321,0,0.0321,Normal,147.56,5059.61,89.4836,8.5089
2024-06-29,2024,6,Jun,Q2,Sat,5,29,FY24-25,1,1,0,4755.43,70499.43,156.34,21744.46,272.92,146853.88,0,0,5.033881684,-4.711403669,-25.8409869,2.5464,3.5128,4531.82,4627.44,0.7902,0,0.7902,Normal,148.25,5184.69,91.7206,11.0782
2024-06-30,2024,6,Jun,Q2,Sun,6,30,FY24-25,1,1,0,4619.75,59293.86,149.55,14842.72,159.97,23993,0,0,-2.853159441,-4.343098375,-41.38575407,2.6952,3.4164,4555.63,4628.38,-0.5293,0,0,Normal,128.35,4929.27,93.7208,14.9255
2024-07-01,2024,7,Jul,Q3,Mon,0,1,FY24-25,0,0,1,4918.91,87154.11,188.28,26610.66,406.14,196964.18,0,0,6.475675091,25.89769308,153.8851035,3.4904,3.5342,4607.59,4632.86,1.0315,0,1.0315,Normal,177.18,5513.33,89.2185,8.2751
2024-07-02,2024,7,Jul,Q3,Tue,1,2,FY24-25,0,0,1,5016.23,83635.4,182.75,24463.45,282.49,150324.22,0,0,1.978487104,-2.937114935,-30.44516669,3.1168,3.5437,4689.16,4642.01,0.279,0,0.279,Normal,166.73,5481.47,91.5125,10.782
2024-07-03,2024,7,Jul,Q3,Wed,2,3,FY24-25,0,0,1,4845.59,78649.51,176.41,23336.79,286.21,135931.63,0,0,-3.401757894,-3.469220246,1.316860774,3.6897,3.6018,4741.19,4643.82,-0.6211,0,0,Normal,162.31,5308.21,91.2848,10.4742
2024-07-04,2024,7,Jul,Q3,Thu,3,4,FY24-25,0,0,0,4821.22,78683.27,176.28,23165.93,276.71,131631.53,0,0,-0.502931532,-0.073691968,-3.319241117,3.7402,3.3747,4786.38,4655.38,-0.1361,0,0,Normal,163.2,5274.21,91.4112,10.6431
2024-07-05,2024,7,Jul,Q3,Fri,4,5,FY24-25,0,0,0,4812.11,76238.49,171.27,22288.62,316.37,173030.52,0,0,-0.188956322,-2.842069435,14.33269488,3.7656,3.132,4827.03,4656.25,-0.0836,0,0,Normal,158.43,5299.75,90.7988,9.8682
2024-07-06,2024,7,Jul,Q3,Sat,5,6,FY24-25,1,0,0,4939.44,75111.32,180.45,21051.96,369.03,133493.74,0,0,2.646032614,5.359957961,16.64506748,3.4251,3.0536,4853.32,4668.23,0.3907,0,0.3907,Normal,152.06,5488.92,89.9893,8.9893
2024-07-07,2024,7,Jul,Q3,Sun,6,7,FY24-25,1,0,0,4829.96,59336.17,145.93,13095.7,162.71,21444.75,0,0,-2.216445589,-19.1299529,-55.90873371,3.3253,2.985,4883.35,4669.83,-0.4228,0,0,Normal,122.85,5138.6,93.9937,15.6492
2024-07-08,2024,7,Jul,Q3,Mon,0,8,FY24-25,0,0,0,4811.57,81314.51,171.28,22672.4,297.11,129072.31,0,0,-0.380748495,17.37134242,82.60094647,2.1301,2.986,4868.02,4670.49,-0.1157,0,0,Normal,169,5279.96,91.1289,10.2726
2024-07-09,2024,7,Jul,Q3,Tue,1,9,FY24-25,0,0,0,4829.04,77115.53,173.83,22482.6,280.75,127932.84,0,0,0.363083152,1.488790285,-5.506378109,1.9199,2.9681,4841.28,4674.43,0.0088,0,0.0088,Normal,159.69,5283.62,91.3964,10.6231
2024-07-10,2024,7,Jul,Q3,Wed,2,10,FY24-25,0,0,0,4976.49,79215.04,170.39,21919.59,314.2,128880.09,0,0,3.053401918,-1.978944946,11.91451469,1.8576,2.9962,4859.98,4680.07,0.4589,0,0.4589,Normal,159.18,5461.08,91.1265,10.2695
2024-07-11,2024,7,Jul,Q3,Thu,3,11,FY24-25,0,0,0,4785.89,71809.73,158.29,20238.93,270.41,119090.21,0,0,-3.830008701,-7.101355713,-13.93698281,2.4554,3.0528,4854.93,4683,-0.6928,0,0,Normal,150.04,5214.59,91.7788,11.1637
2024-07-12,2024,7,Jul,Q3,Fri,4,12,FY24-25,0,0,0,4674.07,66726.7,157.81,19471.64,266.77,135445.27,0,0,-2.336451527,-0.303240887,-1.346104064,2.6013,3.0724,4835.21,4679.82,-0.4429,0,0,Normal,142.76,5098.65,91.6727,11.0087
2024-07-13,2024,7,Jul,Q3,Sat,5,13,FY24-25,1,0,0,4622.91,59489.69,147.73,14679.48,171.5,27562.63,0,0,-1.09454929,-6.38742792,-35.71241144,2.2327,3.0248,4789.99,4679.86,-0.2351,0,0,Normal,128.68,4942.14,93.5407,14.4814
2024-07-14,2024,7,Jul,Q3,Sun,6,14,FY24-25,1,0,0,4647.16,50682.42,135.97,10729.3,152.9,15991.19,0,0,0.524561369,-7.960468422,-10.84548105,2.2077,3.0079,4763.88,4677.91,0.0358,0,0.0358,Normal,109.06,4936.03,94.1477,16.0874
2024-07-15,2024,7,Jul,Q3,Mon,0,15,FY24-25,0,0,0,4702.3,71054.85,163.83,20859.04,271.76,156692.26,0,0,1.186531129,20.48981393,77.73708306,2.3027,3.0028,4748.27,4675.41,0.1465,0,0.1465,Normal,151.11,5137.89,91.522,10.7952
2024-07-16,2024,7,Jul,Q3,Tue,1,16,FY24-25,0,0,0,4641.67,66028.97,159.79,19538.15,346.67,136572.19,0,0,-1.289369032,-2.465970823,27.56476303,2.3075,3.0098,4721.5,4671.92,-0.2677,0,0,Normal,142.25,5148.13,90.1623,9.1649
2024-07-17,2024,7,Jul,Q3,Wed,2,17,FY24-25,0,0,0,4509.27,55967.88,146.75,15309.25,197.38,54414.4,0,0,-2.85242165,-8.160710933,-43.064009,1.7977,2.5441,4654.75,4678.37,-0.5292,0,0,Normal,124.12,4853.4,92.9095,13.1034
2024-07-18,2024,7,Jul,Q3,Thu,3,18,FY24-25,0,0,0,4547.15,62967.39,151.97,18547.2,258.45,148702.33,0,0,0.84004728,3.557069847,30.94031817,1.5938,2.5228,4620.65,4683.12,0.0886,0,0.0886,Normal,138.48,4957.57,91.7213,11.0793
2024-07-19,2024,7,Jul,Q3,Fri,4,19,FY24-25,0,0,0,4577.98,61525.81,148.99,18038.9,241.88,146592.04,0,0,0.678007103,-1.960913338,-6.411298123,1.4871,2.3881,4606.92,4682.3,0.0615,0,0.0615,Normal,134.4,4968.85,92.1336,11.7123
2024-07-20,2024,7,Jul,Q3,Sat,5,20,FY24-25,1,0,0,4306.37,57542.05,146.29,17188.74,213.7,77193.28,0,0,-5.932966068,-1.812202161,-11.65040516,2.6189,2.6149,4561.7,4674.41,-1.0446,0,0,Normal,133.62,4666.36,92.2854,11.9625
2024-07-21,2024,7,Jul,Q3,Sun,6,21,FY24-25,1,0,0,4463.79,48180.54,129.08,10617.62,148.61,16745.66,0,0,3.65551497,-11.76430378,-30.4585868,3.1348,2.7047,4535.5,4672.33,0.5596,0,0.5596,Normal,107.94,4741.48,94.1434,16.0747
2024-07-22,2024,7,Jul,Q3,Mon,0,22,FY24-25,0,0,0,4519.69,64897.57,153.02,19184.28,244.22,135166.74,0,0,1.252299055,18.54663774,64.33618195,3.1409,2.7131,4509.42,4671.38,0.1575,0,0.1575,Normal,143.59,4916.93,91.921,11.3777
2024-07-23,2024,7,Jul,Q3,Tue,1,23,FY24-25,0,0,0,4504.55,64321.06,149.91,18843.77,232.26,119352.25,0,0,-0.334978726,-2.032414064,-4.897223815,3.1227,2.6848,4489.83,4673.09,-0.108,0,0,Normal,142.79,4886.72,92.1794,11.7868
2024-07-24,2024,7,Jul,Q3,Wed,2,24,FY24-25,0,0,0,4472.88,61048.58,149.35,18431.64,243.14,115304.84,0,0,-0.703066899,-0.373557468,4.684405408,2.94,2.6549,4484.63,4670.35,-0.1696,0,0,Normal,136.49,4865.37,91.933,11.3962
2024-07-25,2024,7,Jul,Q3,Thu,3,25,FY24-25,0,0,0,4453.23,61610.72,155.48,19109.99,234.49,153813.07,0,0,-0.439314267,4.104452628,-3.557621124,2.913,2.6179,4471.21,4670.61,-0.1255,0,0,Normal,138.35,4843.2,91.9481,11.4194
2024-07-26,2024,7,Jul,Q3,Fri,4,26,FY24-25,0,0,0,4556.81,59531.17,152.88,18634.89,249.02,155752.13,0,0,2.325952174,-1.672240803,6.196426287,3.0642,2.6477,4468.19,4673.13,0.3372,0,0.3372,Normal,130.64,4958.71,91.8951,11.3382
2024-07-27,2024,7,Jul,Q3,Sat,5,27,FY24-25,1,0,0,4572.74,55364.35,151.52,15564.29,171.3,29295.18,0,0,0.349586663,-0.889586604,-31.21034455,1.6298,2.6469,4506.24,4675.39,0.0065,0,0.0065,Normal,121.07,4895.56,93.4059,14.165
2024-07-28,2024,7,Jul,Q3,Sun,6,28,FY24-25,1,1,0,4517.45,45136,136.04,10171.59,153.56,16017.94,0,0,-1.209121883,-10.21647307,-10.35610041,1.2344,2.656,4513.91,4675.05,-0.2543,0,0,Normal,99.91,4807.05,93.9755,15.5989
2024-07-29,2024,7,Jul,Q3,Mon,0,29,FY24-25,0,1,0,4417.18,62312.64,151.79,20191.33,266.38,155912.49,0,0,-2.219615048,11.57747721,73.46965356,1.4148,2.5107,4499.26,4663.78,-0.4233,0,0,Normal,141.07,4835.35,91.3518,10.5631
2024-07-30,2024,7,Jul,Q3,Tue,1,30,FY24-25,0,1,0,4462.18,63738.25,151.17,20981.19,273,166097.96,0,0,1.018749519,-0.408459055,2.485171559,1.502,2.4696,4493.21,4658.53,0.1185,0,0.1185,Normal,142.84,4886.35,91.3193,10.5198
2024-07-31,2024,7,Jul,Q3,Wed,2,31,FY24-25,0,1,0,4599.71,77902.69,168.31,25757.66,407.03,251843.86,0,0,3.082125777,11.33822848,49.0952381,1.8905,2.2242,4511.33,4647.89,0.4637,0,0.4637,Normal,169.36,5175.05,88.8824,7.9948
2024-08-01,2024,8,Aug,Q3,Thu,3,1,FY24-25,0,0,1,4927.45,86207.47,185.76,26456.62,413.78,192362,0,0,7.125231808,10.36777375,1.658354421,3.0973,2.5696,4579.07,4644.93,1.1401,0,1.1401,Normal,174.95,5526.99,89.1525,8.2187
2024-08-02,2024,8,Aug,Q3,Fri,4,2,FY24-25,0,0,1,5035.24,80650.53,171.62,23140.46,279.21,140310.71,0,0,2.187541223,-7.611972438,-32.5221132,3.0915,2.5187,4647.42,4651.25,0.314,0,0.314,Normal,160.17,5486.07,91.7823,11.1688
2024-08-03,2024,8,Aug,Q3,Sat,5,3,FY24-25,1,0,1,4985.34,74840.21,162.56,20480.89,244.23,82182.3,0,0,-0.991015324,-5.279104999,-12.52820458,3.2121,2.5246,4706.36,4656.72,-0.2178,0,0,Normal,150.12,5392.13,92.4559,12.2553
2024-08-04,2024,8,Aug,Q3,Sun,6,4,FY24-25,1,0,0,4941.3,60733.24,146.22,13902.02,161.08,19000.32,0,0,-0.8833901,-10.05167323,-34.04577652,3.1721,2.531,4766.91,4661.03,-0.1998,0,0,Normal,122.91,5248.6,94.1451,16.0797
2024-08-05,2024,8,Aug,Q3,Mon,0,5,FY24-25,0,0,0,5029.81,87105.05,179.14,24644.9,301.71,142634.84,0,0,1.791229029,22.51401997,87.304445,2.7591,2.5062,4854.43,4664.04,0.2477,0,0.2477,Normal,173.18,5510.66,91.2742,10.4602
2024-08-06,2024,8,Aug,Q3,Tue,1,6,FY24-25,0,0,0,4846.79,75775.76,170.58,22392.16,290.33,146878.75,0,0,-3.638706035,-4.77838562,-3.77183388,3.4766,2.5642,4909.38,4664.6,-0.6608,0,0,Normal,156.34,5307.7,91.3162,10.5157
2024-08-07,2024,8,Aug,Q3,Wed,2,7,FY24-25,0,0,0,4945.62,75924.48,161.98,21481.03,345.47,148084.44,0,0,2.039081536,-5.041622699,18.99218131,3.406,2.5883,4958.79,4669.07,0.2892,0,0.2892,Normal,153.52,5453.07,90.6942,9.746
2024-08-08,2024,8,Aug,Q3,Thu,3,8,FY24-25,0,0,0,4990.49,74517.12,159.47,20790.9,303.62,146440.81,0,0,0.907267441,-1.549574021,-12.11393175,2.1484,2.5919,4967.8,4674.45,0.0998,0,0.0998,Normal,149.32,5453.58,91.5085,10.7765
2024-08-09,2024,8,Aug,Q3,Fri,4,9,FY24-25,0,0,0,4999,71679.83,159.59,20618.9,293.55,144561.55,0,0,0.170524337,0.075249263,-3.316645807,1.9651,2.5331,4962.62,4675.2,-0.0234,0,0,Normal,143.39,5452.14,91.6888,11.0319
2024-08-10,2024,8,Aug,Q3,Sat,5,10,FY24-25,1,0,0,5018.96,68937.11,151.69,17136.91,192.35,34140.13,0,0,0.399279856,-4.950184849,-34.47453585,1.9283,2.4253,4967.42,4682.97,0.0148,0,0.0148,Normal,137.35,5363,93.5849,14.5883
2024-08-11,2024,8,Aug,Q3,Sun,6,11,FY24-25,1,0,0,4842.05,53711.43,124.84,10626.52,165.65,18847.7,0,0,-3.52483383,-17.70057354,-13.88094619,2.3647,2.4771,4953.25,4688.57,-0.6417,0,0,Normal,110.93,5132.54,94.3402,16.6686
2024-08-12,2024,8,Aug,Q3,Mon,0,12,FY24-25,0,0,0,4948.14,73511.02,154.37,21146.91,306.23,150642.33,0,0,2.191014137,23.65427748,84.86568065,2.4266,2.4929,4941.58,4699.41,0.3146,0,0.3146,Normal,148.56,5408.74,91.4842,10.7428
2024-08-13,2024,8,Aug,Q3,Tue,1,13,FY24-25,0,0,0,4938.53,69591.51,145.63,19771.67,283.52,137825.37,0,0,-0.194214392,-5.661721837,-7.415994514,1.9091,2.4937,4954.68,4709.12,-0.0845,0,0,Normal,140.92,5367.68,92.0049,11.5077
2024-08-14,2024,8,Aug,Q3,Wed,2,14,FY24-25,0,0,0,5089.69,70932.79,149.55,20507.95,287.11,161659.59,0,0,3.060829842,2.691753073,1.266224605,2.0956,2.5414,4975.27,4722.04,0.4601,0,0.4601,Normal,139.37,5526.35,92.0986,11.656
2024-08-15,2024,8,Aug,Q3,Thu,3,15,FY24-25,0,0,0,4796.04,53740.39,123.47,12125.12,180.75,26523.84,0,0,-5.769506591,-17.43898362,-37.045035,3.1141,2.76,4947.49,4727.18,-1.0173,0,0,Normal,112.05,5100.26,94.0352,15.765
2024-08-16,2024,8,Aug,Q3,Fri,4,16,FY24-25,0,0,0,4835.59,62853.27,142.86,18430,274.75,154738.59,0,0,0.82463866,15.70421965,52.0055325,3.1481,2.7033,4924.14,4738.06,0.086,0,0.086,Normal,129.98,5253.2,92.0504,11.5792
2024-08-17,2024,8,Aug,Q3,Sat,5,17,FY24-25,1,0,0,4892.83,64285.9,139.22,17580.75,240.74,84533.45,0,0,1.183723186,-2.547949041,-12.37852593,3.1961,2.7065,4906.12,4749.58,0.1461,0,0.1461,Normal,131.39,5272.79,92.7939,12.8772
2024-08-18,2024,8,Aug,Q3,Sun,6,18,FY24-25,1,0,0,4975.86,52964.5,128.15,10854.56,168.1,18793.06,0,0,1.696972918,-7.951443758,-30.1736313,2.9205,2.718,4925.24,4762.84,0.2319,0,0.2319,Normal,106.44,5272.11,94.3808,16.7962
2024-08-19,2024,8,Aug,Q3,Mon,0,19,FY24-25,0,0,0,4795.09,57096.04,129.77,14751.85,223.12,100109.41,0,0,-3.632939834,1.264143582,32.73051755,3.1546,2.5638,4903.38,4779.13,-0.6598,0,0,Normal,119.07,5147.98,93.1451,13.5881
2024-08-20,2024,8,Aug,Q3,Tue,1,20,FY24-25,0,0,0,4567.58,63752.32,133.4,18644.95,246.66,124437.24,0,0,-4.744645043,2.797256685,10.55037648,3.5483,2.6521,4850.38,4782.59,-0.8458,0,0,Normal,139.58,4947.64,92.3184,12.018
2024-08-21,2024,8,Aug,Q3,Wed,2,21,FY24-25,0,0,0,4655.06,63404.65,134.56,18938.62,254.54,124174.56,0,0,1.91523739,0.869565217,3.194680937,3.3476,2.6647,4788.29,4787.11,0.2685,0,0.2685,Normal,136.21,5044.16,92.2861,11.9637
2024-08-22,2024,8,Aug,Q3,Thu,3,22,FY24-25,0,0,0,4650.04,61990.5,134.39,18335.01,241.69,128042.11,0,0,-0.107839641,-0.126337693,-5.048322464,2.6826,2.6637,4767.44,4791.96,-0.07,0,0,Normal,133.31,5026.12,92.5175,12.3645
2024-08-23,2024,8,Aug,Q3,Fri,4,23,FY24-25,0,0,0,4615.79,60477.73,135.7,18954.58,267.82,146544.7,0,0,-0.736552804,0.974774909,10.81136994,2.6272,2.664,4736.04,4796.72,-0.1752,0,0,Normal,131.02,5019.31,91.9606,11.4388
2024-08-24,2024,8,Aug,Q3,Sat,5,24,FY24-25,1,0,0,4578.26,56689.96,130.37,15274.33,183.63,34168.26,0,0,-0.813078585,-3.927781872,-31.43529236,2.5027,2.6677,4691.1,4800.89,-0.188,0,0,Normal,123.82,4892.26,93.5817,14.5804
2024-08-25,2024,8,Aug,Q3,Sun,6,25,FY24-25,1,0,0,4610.72,47468.27,124.05,10114.83,152.33,17773.47,0,0,0.709002984,-4.847741045,-17.04514513,2.3541,2.6379,4638.93,4802.68,0.0666,0,0.0666,Normal,102.95,4887.1,94.3447,16.6825
2024-08-26,2024,8,Aug,Q3,Mon,0,26,FY24-25,0,0,0,4605.23,56543.09,133.85,15973.16,230.37,111945.32,0,0,-0.11907034,7.900040306,51.23088033,2.0713,2.6376,4611.81,4803.77,-0.0719,0,0,Normal,122.78,4969.45,92.6708,12.6441
2024-08-27,2024,8,Aug,Q3,Tue,1,27,FY24-25,0,0,0,4521.45,60871.56,136.88,19186.28,245.15,180427.01,0,0,-1.819235956,2.263728054,6.415765942,1.1955,2.65,4605.22,4803.9,-0.3564,0,0,Normal,134.63,4903.48,92.209,11.8353
2024-08-28,2024,8,Aug,Q3,Wed,2,28,FY24-25,0,1,0,4636.85,62645.47,138.7,19568.75,263.19,150048.54,0,0,2.552278583,1.329631794,7.358759943,1.3868,2.6531,4602.62,4811.22,0.375,0,0.375,Normal,135.1,5038.74,92.024,11.5376
2024-08-29,2024,8,Aug,Q3,Thu,3,29,FY24-25,0,1,0,4621.93,64211.45,140.3,20462.28,257.04,150724.51,0,0,-0.321770167,1.153568854,-2.336714921,1.3907,2.6501,4598.6,4816.55,-0.1058,0,0,Normal,138.93,5019.27,92.0837,11.6322
2024-08-30,2024,8,Aug,Q3,Fri,4,30,FY24-25,0,1,0,4777.08,71082.16,149.7,22709.2,396.27,237700.62,0,0,3.356822799,6.699928724,54.16666667,1.8519,2.661,4621.65,4822.46,0.5097,0,0.5097,Normal,148.8,5323.05,89.7433,8.7497
2024-08-31,2024,8,Aug,Q3,Sat,5,31,FY24-25,1,1,0,4956.66,76540.76,155,22885.79,289.26,134332.36,0,0,3.759200181,3.540414162,-27.00431524,2.0989,2.417,4675.7,4823.43,0.577,0,0.577,Normal,154.42,5400.92,91.7744,11.1571
2024-09-01,2024,9,Sep,Q3,Sun,6,1,FY24-25,1,0,1,5114.21,69073.83,149.84,16294.23,183.01,29462,0,0,3.178551686,-3.329032258,-36.7316601,2.2148,2.4537,4747.63,4826.07,0.4798,0,0.4798,Normal,135.06,5447.06,93.8894,15.3649
2024-09-02,2024,9,Sep,Q3,Mon,0,2,FY24-25,0,0,1,5111.79,86274.07,171.31,24317.35,392.25,186944.33,0,0,-0.047319136,14.32861719,114.3325501,2.2062,2.4455,4820,4830.28,-0.0599,0,0,Normal,168.77,5675.35,90.07,9.0705
2024-09-03,2024,9,Sep,Q3,Tue,1,3,FY24-25,0,0,1,5158.92,81437.03,162.93,22965.39,285.59,134152.1,0,0,0.921986232,-4.891716771,-27.19184194,1.6991,2.4424,4911.06,4837.54,0.1023,0,0.1023,Normal,157.86,5607.44,92.0013,11.5021
2024-09-04,2024,9,Sep,Q3,Wed,2,4,FY24-25,0,0,0,5276.83,83685.23,163.69,23379.11,298.98,134841,0,0,2.285555892,0.466457988,4.688539515,1.6854,2.4553,5002.49,4845.77,0.3304,0,0.3304,Normal,158.59,5739.5,91.9388,11.4052
2024-09-05,2024,9,Sep,Q3,Thu,3,5,FY24-25,0,0,0,5275.53,80797.4,159.08,22684.72,334.88,174214.62,0,0,-0.024636003,-2.816299102,12.00749214,1.6234,2.3473,5095.86,4860.06,-0.0561,0,0,Normal,153.16,5769.49,91.4384,10.6801
2024-09-06,2024,9,Sep,Q3,Fri,4,6,FY24-25,0,0,0,5306.97,77713.57,157.64,21908.69,335.06,164389.81,0,0,0.595959079,-0.905204928,0.053750597,1.5494,2.3253,5171.56,4872.11,0.0477,0,0.0477,Normal,146.44,5799.67,91.5047,10.7712
2024-09-07,2024,9,Sep,Q3,Sat,5,7,FY24-25,1,0,0,5028.66,65498.43,139.93,15847.87,247.43,65185.27,0,0,-5.244235411,-11.23445826,-26.15352474,2.6969,2.5288,5181.84,4873.38,-0.9294,0,0,Normal,130.25,5416.02,92.8479,12.9819
2024-09-08,2024,9,Sep,Q3,Sun,6,8,FY24-25,1,0,0,4915.62,56165.45,122.39,11157.35,161.59,17899.76,0,0,-2.247914951,-12.53483885,-34.69264034,2.4822,2.5633,5153.47,4870.6,-0.4281,0,0,Normal,114.26,5199.6,94.5384,17.3097
2024-09-09,2024,9,Sep,Q3,Mon,0,9,FY24-25,0,0,0,5084.25,79490.57,157.51,22842.64,296.81,142600.91,0,0,3.430493,28.69515483,83.68092085,2.9081,2.6392,5149.54,4872.77,0.522,0,0.522,Normal,156.35,5538.57,91.7972,11.1909
2024-09-10,2024,9,Sep,Q3,Tue,1,10,FY24-25,0,0,0,5114.5,78254.62,159.03,22639.93,351.44,145025.07,0,0,0.594974677,0.965018094,18.40571409,2.8926,2.551,5143.19,4881.86,0.0476,0,0.0476,Normal,153.01,5624.97,90.9249,10.0192
2024-09-11,2024,9,Sep,Q3,Wed,2,11,FY24-25,0,0,0,5145.97,75806.41,154.11,21852.61,323.21,142198.15,0,0,0.615309414,-3.093755895,-8.032665604,2.7285,2.525,5124.5,4888.45,0.051,0,0.051,Normal,147.31,5623.29,91.5117,10.781
2024-09-12,2024,9,Sep,Q3,Thu,3,12,FY24-25,0,0,0,4988.13,70296.67,149.43,19790.65,290.4,132888.23,0,0,-3.06725457,-3.036791902,-10.15129482,2.909,2.5926,5083.44,4890.1,-0.5652,0,0,Normal,140.93,5427.96,91.897,11.341
2024-09-13,2024,9,Sep,Q3,Fri,4,13,FY24-25,0,0,0,5079.2,70079.7,145.36,19735.65,294.35,168456,0,0,1.825734293,-2.72368333,1.360192837,3.0388,2.5529,5050.9,4889.75,0.2535,0,0.2535,Normal,137.97,5518.91,92.0327,11.5512
2024-09-14,2024,9,Sep,Q3,Sat,5,14,FY24-25,1,0,0,5096.63,65219.02,137.74,16284.97,182.15,36184.52,0,0,0.343164278,-5.242157402,-38.11788687,2.2396,2.3065,5060.61,4899.77,0.0054,0,0.0054,Normal,127.96,5416.52,94.0942,15.9324
2024-09-15,2024,9,Sep,Q3,Sun,6,15,FY24-25,1,0,0,4946.03,53280.38,123.79,10684.44,159.74,19243.28,0,0,-2.954893724,-10.12777697,-12.30304694,2.3806,2.375,5064.96,4903.46,-0.5464,0,0,Normal,107.72,5229.56,94.5783,17.4445
2024-09-16,2024,9,Sep,Q3,Mon,0,16,FY24-25,0,0,0,4923.31,63984.34,140.29,16477.54,224.63,101630.72,0,0,-0.459358314,13.32902496,40.62226117,1.8779,2.3682,5041.97,4904.47,-0.1288,0,0,Normal,129.96,5288.23,93.0994,13.4915
2024-09-17,2024,9,Sep,Q3,Tue,1,17,FY24-25,0,0,0,4689.13,59687.43,135.04,17366.02,261.55,122972.19,0,0,-4.756556057,-3.7422482,16.43591684,2.4012,2.5025,4981.2,4894.91,-0.8478,0,0,Normal,127.29,5085.72,92.2019,11.8236
2024-09-18,2024,9,Sep,Q3,Wed,2,18,FY24-25,0,0,0,4991.37,66289.32,136.48,18598.65,248.48,104908.38,0,0,6.445545336,1.066350711,-4.997132479,3.7636,2.6906,4959.11,4901.46,1.0264,0,1.0264,Normal,132.81,5376.33,92.8397,12.9659
2024-09-19,2024,9,Sep,Q3,Thu,3,19,FY24-25,0,0,0,5006.81,68177.63,140.86,19863.1,255.02,146593.01,0,0,0.30933391,3.20926143,2.632002576,3.5725,2.5255,4961.78,4916.1,-0.0002,0,0,Normal,136.17,5402.69,92.6725,12.6473
2024-09-20,2024,9,Sep,Q3,Fri,4,20,FY24-25,0,0,0,5002.7,65412.69,139.49,18684.32,263.21,142746.98,0,0,-0.082088196,-0.972596905,3.211512823,3.4915,2.5088,4950.85,4927.69,-0.0657,0,0,Normal,130.75,5405.4,92.55,12.4229
2024-09-21,2024,9,Sep,Q3,Sat,5,21,FY24-25,1,0,0,4950.98,63704.4,136.08,17163.33,220.8,81866.13,0,0,-1.033841725,-2.444619686,-16.1126097,3.4969,2.5193,4930.05,4937.72,-0.225,0,0,Normal,128.67,5307.86,93.2764,13.873
2024-09-22,2024,9,Sep,Q3,Sun,6,22,FY24-25,1,0,0,4905.15,50664.47,116.54,10377.15,156.69,17280.01,0,0,-0.925675321,-14.35920047,-29.03532609,3.326,2.522,4924.21,4947.36,-0.2069,0,0,Normal,103.29,5178.38,94.7236,17.9525
2024-09-23,2024,9,Sep,Q3,Mon,0,23,FY24-25,0,0,0,4887.96,66590.44,140.96,19047.83,262.09,135762.22,0,0,-0.350447999,20.95417882,67.26657732,3.3241,2.5168,4919.16,4957.69,-0.1106,0,0,Normal,136.23,5291.01,92.3824,12.1274
2024-09-24,2024,9,Sep,Q3,Tue,1,24,FY24-25,0,0,0,4824.49,63656.76,134.98,18596.16,253.49,130088.21,0,0,-1.298496714,-4.242338252,-3.281315579,2.7093,2.5308,4938.49,4964.81,-0.2692,0,0,Normal,131.95,5212.96,92.548,12.4192
2024-09-25,2024,9,Sep,Q3,Wed,2,25,FY24-25,0,0,0,4812.32,66166.94,138.49,19881.63,264.52,150467.19,0,0,-0.252254642,2.600385242,4.35125646,0.5795,2.5315,4912.92,4971.71,-0.0942,0,0,Normal,137.49,5215.33,92.2726,11.9409
2024-09-26,2024,9,Sep,Q3,Thu,3,26,FY24-25,0,0,0,4804.61,66459.08,136.94,19404.51,262.63,144270.86,0,0,-0.160213785,-1.119214384,-0.714501739,0.4875,2.5043,4884.03,4981.15,-0.0788,0,0,Normal,138.32,5204.18,92.3221,12.0245
2024-09-27,2024,9,Sep,Q3,Fri,4,27,FY24-25,0,0,0,4938.88,66716.07,136.37,20312.86,288.35,200069.76,0,0,2.794607679,-0.416240689,9.79324525,1.3795,2.5124,4874.91,4991.22,0.4156,0,0.4156,Normal,135.08,5363.6,92.0814,11.6286
2024-09-28,2024,9,Sep,Q3,Sat,5,28,FY24-25,1,1,0,4956.68,61976.27,132.45,17083.73,182.66,38430.82,0,0,0.360405598,-2.874532522,-36.65337264,1.3348,2.5103,4875.73,5002.38,0.0083,0,0.0083,Normal,125.04,5271.79,94.0227,15.73
2024-09-29,2024,9,Sep,Q3,Sun,6,29,FY24-25,1,1,0,4773.76,50108.87,117.1,11321.58,161.27,21990.54,0,0,-3.690373395,-11.58927897,-11.7102814,1.9362,2.5404,4856.96,5002.27,-0.6694,0,0,Normal,104.97,5052.13,94.49,17.149
2024-09-30,2024,9,Sep,Q3,Mon,0,30,FY24-25,0,1,0,5306.08,91327.62,163.51,28668.65,466.57,365122.83,0,0,11.15095857,39.63279249,189.309853,4.7671,3.1901,4916.69,5013.92,1.8137,0,1.8137,Normal,172.12,5936.16,89.3857,8.4213
2024-10-01,2024,10,Oct,Q4,Tue,1,1,FY24-25,0,0,1,5465.34,92658.75,177.97,27122.24,474.11,236161.56,0,0,3.001462473,8.843495811,1.616049039,4.6564,3.1847,5008.24,5025.62,0.4502,0,0.4502,Normal,169.54,6117.42,89.3406,8.3814
2024-10-02,2024,10,Oct,Q4,Wed,2,2,FY24-25,0,0,1,5447.42,77705,156.25,18435.14,189.91,35177.19,0,0,-0.32788445,-12.2043041,-59.94389488,4.6623,3.186,5098.97,5036.81,-0.1068,0,0,Normal,142.65,5793.58,94.0251,15.7367
2024-10-03,2024,10,Oct,Q4,Thu,3,3,FY24-25,0,0,1,5482.69,88839.15,161.69,24682.45,323.71,178536.53,0,0,0.647462468,3.4816,70.45442578,4.6132,3.1845,5195.84,5047.6,0.0563,0,0.0563,Normal,162.04,5968.09,91.8667,11.2952
2024-10-04,2024,10,Oct,Q4,Fri,4,4,FY24-25,0,0,0,5448.27,86830.46,163.25,24833.89,369.05,191441.15,0,0,-0.627794021,0.964809203,14.00636372,4.6945,3.1646,5268.61,5053.31,-0.157,0,0,Normal,159.37,5980.57,91.0995,10.2353
2024-10-05,2024,10,Oct,Q4,Sat,5,5,FY24-25,1,0,0,5473.27,84513.18,158.01,22115.72,397.17,140506.44,0,0,0.458861253,-3.209800919,7.619563745,4.6906,3.1649,5342.4,5059.91,0.0248,0,0.0248,Normal,154.41,6028.45,90.7907,9.8586
2024-10-06,2024,10,Oct,Q4,Sun,6,6,FY24-25,1,0,0,5357.65,66431.56,137.24,14308.37,170.83,24275.78,0,0,-2.112448317,-13.14473767,-56.98819145,4.4294,3.1909,5425.82,5061.6,-0.4054,0,0,Normal,123.99,5665.72,94.5626,17.391
2024-10-07,2024,10,Oct,Q4,Mon,0,7,FY24-25,0,0,0,5507.49,92458.79,168.77,25539.97,371.75,181475.22,0,0,2.796748574,22.9743515,117.6140022,1.8404,3.0634,5454.59,5077.56,0.4159,0,0.4159,Normal,167.88,6048.01,91.0628,10.1892
2024-10-08,2024,10,Oct,Q4,Tue,1,8,FY24-25,0,0,0,5510.62,85158.96,159.88,23594.33,350.54,161234.16,0,0,0.056831696,-5.267523849,-5.705447209,1.4891,3.0248,5461.06,5097.39,-0.0425,0,0,Normal,154.54,6021.04,91.5227,10.7962
2024-10-09,2024,10,Oct,Q4,Wed,2,9,FY24-25,0,0,0,5598.86,85547.24,161.02,23360.87,330.16,146573.54,0,0,1.601271726,0.713034776,-5.813887146,1.5673,2.9802,5482.69,5114.54,0.2159,0,0.2159,Normal,152.79,6090.04,91.9347,11.3988
2024-10-10,2024,10,Oct,Q4,Thu,3,10,FY24-25,0,0,0,5589.33,82983.3,163.36,22444.46,347.63,159442.81,0,0,-0.170213222,1.453235623,5.291373879,1.5765,2.9814,5497.93,5130.37,-0.0805,0,0,Normal,148.47,6100.32,91.6236,10.9382
2024-10-11,2024,10,Oct,Q4,Fri,4,11,FY24-25,0,0,0,5355.89,69918.71,148.51,18107.21,255.17,117064.02,0,0,-4.176529208,-9.090352595,-26.5972442,2.3164,3.0923,5484.73,5137.37,-0.7508,0,0,Normal,130.55,5759.57,92.9911,13.2677
2024-10-12,2024,10,Oct,Q4,Sat,5,12,FY24-25,1,0,0,5167.94,56546.43,132.63,12402.38,168.9,22719.93,0,0,-3.50922069,-10.69288263,-33.80883333,2.5915,3.1093,5441.11,5143.36,-0.6391,0,0,Normal,109.42,5469.47,94.487,17.1391
2024-10-13,2024,10,Oct,Q4,Sun,6,13,FY24-25,1,0,0,5068.84,53064.06,124.84,10321.52,155.04,17712.98,0,0,-1.917591923,-5.873482621,-8.206039076,2.5759,3.1154,5399.85,5143.02,-0.3728,0,0,Normal,104.69,5348.72,94.7673,18.1108
2024-10-14,2024,10,Oct,Q4,Mon,0,14,FY24-25,0,0,0,5162.22,75016.77,149.98,21136.64,319.09,156002.6,0,0,1.842236093,20.13777635,105.8114035,2.3736,3.1324,5350.53,5145.2,0.2562,0,0.2562,Normal,145.32,5631.29,91.6703,11.0052
2024-10-15,2024,10,Oct,Q4,Tue,1,15,FY24-25,0,0,0,5067.63,73329.45,144.45,20541.14,272.07,180154.29,0,0,-1.832351198,-3.687158288,-14.73565452,2.3545,3.1014,5287.24,5149.26,-0.3585,0,0,Normal,144.7,5484.15,92.405,12.1666
2024-10-16,2024,10,Oct,Q4,Wed,2,16,FY24-25,0,0,0,5202.53,72971.45,143.1,19923.99,284.45,139134.24,0,0,2.661993871,-0.934579439,4.550299555,2.5851,3.1333,5230.63,5158.56,0.3934,0,0.3934,Normal,140.26,5630.08,92.406,12.1682
2024-10-17,2024,10,Oct,Q4,Thu,3,17,FY24-25,0,0,0,5157.11,70391.28,141.23,19232.54,274.97,128204.47,0,0,-0.873036772,-1.306778477,-3.332747407,2.5604,2.9974,5168.88,5174.16,-0.198,0,0,Normal,136.49,5573.31,92.5323,12.3909
2024-10-18,2024,10,Oct,Q4,Fri,4,18,FY24-25,0,0,0,5214.61,68930.91,141.73,19595.42,294.07,168853.04,0,0,1.114965552,0.354032429,6.946212314,2.2706,2.7739,5148.7,5181.6,0.1346,0,0.1346,Normal,132.19,5650.41,92.2873,11.9656
2024-10-19,2024,10,Oct,Q4,Sat,5,19,FY24-25,1,0,0,5262.23,70977.77,136.72,18031.71,239.82,83039.83,0,0,0.91320348,-3.534890284,-18.44798857,1.8181,2.777,5162.17,5190.12,0.1008,0,0.1008,Normal,134.88,5638.77,93.3223,13.9752
2024-10-20,2024,10,Oct,Q4,Sun,6,20,FY24-25,1,0,0,5289.9,57448.79,124.59,11504.88,165.87,20161.15,0,0,0.525822703,-8.872147455,-30.83562672,1.5409,2.7771,5193.75,5199.69,0.036,0,0.036,Normal,108.6,5580.36,94.795,18.2121
2024-10-21,2024,10,Oct,Q4,Mon,0,21,FY24-25,0,0,0,5100.34,73501.45,149.19,21329.1,283.59,134361.94,0,0,-3.583432579,19.74476282,70.97124254,2.0911,2.8548,5184.91,5204.67,-0.6515,0,0,Normal,144.11,5533.12,92.1784,11.7851
2024-10-22,2024,10,Oct,Q4,Tue,1,22,FY24-25,0,0,0,5105.26,72169.83,143.46,20772.49,274.99,141336.84,0,0,0.096464157,-3.840739996,-3.032546987,1.9557,2.8477,5190.28,5211.34,-0.0358,0,0,Normal,141.36,5523.71,92.4245,12.2004
2024-10-23,2024,10,Oct,Q4,Wed,2,23,FY24-25,0,0,0,5197.53,72706.64,144.44,21141.48,285.16,133832.95,0,0,1.807351633,0.683117245,3.698316302,1.7904,2.8613,5189.57,5221.66,0.2504,0,0.2504,Normal,139.89,5627.13,92.3656,12.0985
2024-10-24,2024,10,Oct,Q4,Thu,3,24,FY24-25,0,0,0,5104.26,69192.29,142.57,20103.79,279.37,143865.72,0,0,-1.794506237,-1.29465522,-2.030439052,1.896,2.872,5182.02,5230.99,-0.3522,0,0,Normal,135.56,5526.2,92.3647,12.0971
2024-10-25,2024,10,Oct,Q4,Fri,4,25,FY24-25,0,0,0,5179.06,74389.67,145.23,21865.79,334.2,198303.28,0,0,1.465442591,1.865750158,19.62630204,1.9386,2.8792,5176.94,5243.21,0.1932,0,0.1932,Normal,143.64,5658.49,91.5272,10.8025
2024-10-26,2024,10,Oct,Q4,Sat,5,26,FY24-25,1,0,0,5250.97,68761.95,141.45,18064.56,194.99,37604.36,0,0,1.388475901,-2.602768023,-41.65469779,1.9869,2.8848,5175.33,5258.09,0.1803,0,0.1803,Normal,130.95,5587.41,93.9786,15.6074
2024-10-27,2024,10,Oct,Q4,Sun,6,27,FY24-25,1,0,0,5197.99,57620.64,130.5,11995.09,167.54,19151.15,0,0,-1.00895644,-7.741251326,-14.07764501,2.0021,2.8565,5162.2,5266.73,-0.2208,0,0,Normal,110.85,5496.03,94.5772,17.4406
2024-10-28,2024,10,Oct,Q4,Mon,0,28,FY24-25,0,1,0,5325.86,82704.73,166.84,25027.12,399.75,231139.95,0,0,2.459989342,27.8467433,138.5997374,1.5736,2.8859,5194.42,5279.03,0.3596,0,0.3596,Normal,155.29,5892.45,90.3845,9.3998
2024-10-29,2024,10,Oct,Q4,Tue,1,29,FY24-25,0,1,0,5652.74,87452.79,170.64,25372.94,384.08,207445.25,0,0,6.137600312,2.277631263,-3.919949969,2.5718,2.9762,5272.63,5308.33,0.9749,0,0.9749,Normal,154.71,6207.46,91.0637,10.1903
2024-10-30,2024,10,Oct,Q4,Wed,2,30,FY24-25,0,1,0,5464.63,94276.43,185.49,28742.32,579.28,315618.97,0,0,-3.327766711,8.702531646,50.82274526,3.1376,2.3057,5310.79,5313.62,-0.6087,0,0,Normal,172.52,6229.4,87.7232,7.1455
2024-10-31,2024,10,Oct,Q4,Thu,3,31,FY24-25,0,1,0,6441.18,85323.03,153.2,17731.97,246.12,101896.43,0,0,17.87037732,-17.40794652,-57.51277448,6.9529,3.9543,5501.78,5346.14,2.9379,1,2.9379,Elevated,132.46,6840.5,94.1624,16.1304
2024-11-01,2024,11,Nov,Q4,Fri,4,1,FY24-25,0,0,1,5175.79,74047.52,148.35,17442.97,263.26,80618.6,0,0,-19.64531344,-3.165796345,6.964082561,11.2612,5.4164,5501.31,5337.09,-3.3388,0,0,Normal,143.07,5587.4,92.6332,12.5745
2024-11-02,2024,11,Nov,Q4,Sat,5,2,FY24-25,1,0,1,5217.82,75055.57,133.47,16112.34,203.16,49785.44,0,0,0.812049948,-10.03033367,-22.82914229,11.2562,5.4172,5496.57,5328.26,0.0839,0,0.0839,Normal,143.84,5554.45,93.9395,15.5002
2024-11-03,2024,11,Nov,Q4,Sun,6,3,FY24-25,1,0,1,5047.98,63120.41,121.98,12471.82,156.7,19222.5,0,0,-3.254999214,-8.608676107,-22.86867494,11.3371,5.4485,5475.14,5314.92,-0.5966,0,0,Normal,125.04,5326.66,94.7682,18.1139
2024-11-04,2024,11,Nov,Q4,Mon,0,4,FY24-25,0,0,0,5265.56,89858.79,157,24381.75,286.97,154485.99,0,0,4.310238947,28.70962453,83.13337588,11.4212,5.5074,5466.53,5307.99,0.6692,0,0.6692,Normal,170.65,5709.53,92.2241,11.8602
2024-11-05,2024,11,Nov,Q4,Tue,1,5,FY24-25,0,0,0,5280.91,85256.12,153.28,22797.14,300.77,148972.64,0,0,0.291516952,-2.369426752,4.808865038,11.1433,5.4927,5413.41,5305.44,-0.0032,0,0,Normal,161.44,5734.96,92.0828,11.6307
2024-11-06,2024,11,Nov,Q4,Wed,2,6,FY24-25,0,0,0,5294.49,81865.72,148.65,22313.52,286.52,141125.66,0,0,0.25715265,-3.020615866,-4.737839545,11.0696,5.4693,5389.1,5298.34,-0.009,0,0,Normal,154.62,5729.66,92.405,12.1665
2024-11-07,2024,11,Nov,Q4,Thu,3,7,FY24-25,0,0,0,5212.97,77688.12,143.75,20938.51,306.37,140695.2,0,0,-1.539713929,-3.29633367,6.927963144,7.8312,5.4766,5213.65,5288.41,-0.3096,0,0,Normal,149.03,5663.09,92.0517,11.5813
2024-11-08,2024,11,Nov,Q4,Fri,4,8,FY24-25,0,0,0,5217.96,74332.91,140.2,20446.86,296.5,153189.32,0,0,0.095722784,-2.469565217,-3.221594804,2.3176,5.468,5219.67,5275.72,-0.036,0,0,Normal,142.46,5654.66,92.2772,11.9486
2024-11-09,2024,11,Nov,Q4,Sat,5,9,FY24-25,1,0,0,5311.83,73528.63,136.64,17666.92,193.44,34339.12,0,0,1.798978911,-2.539229672,-34.75885329,2.3942,5.4788,5233.1,5266.47,0.249,0,0.249,Normal,138.42,5641.91,94.1495,16.0926
2024-11-10,2024,11,Nov,Q4,Sun,6,10,FY24-25,1,0,0,5308.02,62533.33,124.74,12165.52,160.78,18362.61,0,0,-0.071726693,-8.709016393,-16.88378825,1.8517,5.4224,5270.25,5264.87,-0.064,0,0,Normal,117.81,5593.54,94.8955,18.5907
2024-11-11,2024,11,Nov,Q4,Mon,0,11,FY24-25,0,0,0,5345.5,82436.94,151.13,22395.37,355.34,160940.81,0,0,0.706101333,21.15600449,121.0100759,0.9944,5.3796,5281.67,5270.79,0.0662,0,0.0662,Normal,154.22,5851.97,91.3453,10.5544
2024-11-12,2024,11,Nov,Q4,Tue,1,12,FY24-25,0,0,0,5260.88,77463.41,144.07,20603.45,297.26,130807.87,0,0,-1.58301375,-4.671474889,-16.3449091,1.2025,5.3753,5278.81,5277.19,-0.3168,0,0,Normal,147.24,5702.21,92.2604,11.9205
2024-11-13,2024,11,Nov,Q4,Wed,2,13,FY24-25,0,0,0,5285.16,75100.7,140.36,19898.01,278.94,138231.56,0,0,0.461519746,-2.575137086,-6.162954989,1.2136,5.3673,5277.47,5281.29,0.0252,0,0.0252,Normal,142.1,5704.46,92.6496,12.6047
2024-11-14,2024,11,Nov,Q4,Thu,3,14,FY24-25,0,0,0,5226.87,73219.2,141.97,19893.46,276.35,156102.23,0,0,-1.102899439,1.147050442,-0.928515093,1.1307,5.3593,5279.46,5286.6,-0.2365,0,0,Normal,140.08,5645.19,92.5898,12.4949
2024-11-15,2024,11,Nov,Q4,Fri,4,15,FY24-25,0,0,0,5032.81,63789.6,130.76,16523.75,228.32,73540.64,0,0,-3.712738216,-7.896034373,-17.38013389,1.8123,5.3865,5253.01,5280.94,-0.6732,0,0,Normal,126.75,5391.89,93.3404,14.0158
2024-11-16,2024,11,Nov,Q4,Sat,5,16,FY24-25,1,0,0,5258.89,69831.22,129.84,17118.19,238.04,88611.71,0,0,4.492122691,-0.703579076,4.257182901,2.5268,5.4441,5245.45,5284.33,0.6996,0,0.6996,Normal,132.79,5626.77,93.462,14.2951
2024-11-17,2024,11,Nov,Q4,Sun,6,17,FY24-25,1,0,0,5098.52,54171.35,113.52,10148.82,157.44,17292.02,0,0,-3.049502842,-12.56931608,-33.85985549,2.7582,5.4733,5215.52,5280.46,-0.5622,0,0,Normal,106.25,5369.48,94.9537,18.8165
2024-11-18,2024,11,Nov,Q4,Mon,0,18,FY24-25,0,0,0,5094.88,70983.16,135.49,19014.64,277.76,129811.3,0,0,-0.071393267,19.3534179,76.42276423,2.7149,5.4711,5179.72,5274.89,-0.0639,0,0,Normal,139.32,5508.13,92.4975,12.3288
2024-11-19,2024,11,Nov,Q4,Tue,1,19,FY24-25,0,0,0,5027.08,69585.3,134.79,19012.96,291.96,138193.16,0,0,-1.330747731,-0.516643295,5.112327189,2.7022,5.4759,5146.32,5266.12,-0.2746,0,0,Normal,138.42,5453.83,92.1752,11.7799
2024-11-20,2024,11,Nov,Q4,Wed,2,20,FY24-25,0,0,0,5057.32,67834.29,128.64,17522.38,235.79,94571.08,0,0,0.601542048,-4.562653016,-19.23893684,2.712,5.4352,5113.77,5264.69,0.0487,0,0.0487,Normal,134.13,5421.75,93.2784,13.8773
2024-11-21,2024,11,Nov,Q4,Thu,3,21,FY24-25,0,0,0,5086.23,70642.19,131.14,19179.29,255.46,138431.36,0,0,0.571646643,1.94340796,8.342168879,2.7336,5.4358,5093.68,5264.06,0.0437,0,0.0437,Normal,138.89,5472.83,92.936,13.1563
2024-11-22,2024,11,Nov,Q4,Fri,4,22,FY24-25,0,0,0,5102.01,66901.25,129.58,18451.7,276.72,145063.16,0,0,0.310249438,-1.1895684,8.32224223,2.2988,5.4268,5103.56,5260.87,-0.0001,0,0,Normal,131.13,5508.31,92.6239,12.5572
2024-11-23,2024,11,Nov,Q4,Sat,5,23,FY24-25,1,0,0,4991.83,60675.87,118.76,14869.92,180.96,28771.42,0,0,-2.159541044,-8.350054021,-34.60537728,1.4587,5.4315,5065.41,5257.12,-0.4133,0,0,Normal,121.55,5291.55,94.3359,16.655
2024-11-24,2024,11,Nov,Q4,Sun,6,24,FY24-25,1,0,0,5005.79,51421.51,106.56,9840.09,158.4,14445.23,0,0,0.279656959,-10.27281913,-12.4668435,1.0678,5.4254,5052.16,5251.35,-0.0052,0,0,Normal,102.72,5270.75,94.973,18.8926
2024-11-25,2024,11,Nov,Q4,Mon,0,25,FY24-25,0,0,0,5021.61,71726.73,137.98,20504.35,292.38,162918,0,0,0.316034033,29.48573574,84.58333333,1.0888,5.4197,5041.7,5243.7,0.0009,0,0.0009,Normal,142.84,5451.97,92.1063,11.6684
2024-11-26,2024,11,Nov,Q4,Tue,1,26,FY24-25,0,0,0,4952.67,70195.84,132.08,19171.11,276.06,134642.35,0,0,-1.372866471,-4.275982026,-5.581777139,1.0962,5.4224,5031.07,5235.53,-0.2817,0,0,Normal,141.73,5360.81,92.3866,12.1347
2024-11-27,2024,11,Nov,Q4,Wed,2,27,FY24-25,0,0,0,5038.54,68595.69,138.69,20052.26,261.01,127343.06,0,0,1.733812267,5.004542701,-5.451713396,1.3001,5.4126,5028.38,5225.95,0.2381,0,0.2381,Normal,136.14,5438.24,92.6502,12.6058
2024-11-28,2024,11,Nov,Q4,Thu,3,28,FY24-25,0,1,0,5049.35,71091.2,134.46,20657.94,273.66,169833.57,0,0,0.214546277,-3.049967554,4.846557603,1.2786,5.286,5023.11,5205.84,-0.0161,0,0,Normal,140.79,5457.47,92.5218,12.3722
2024-11-29,2024,11,Nov,Q4,Fri,4,29,FY24-25,0,1,0,5199.23,77537.16,144.02,23205.53,398.44,250472.89,0,0,2.968302851,7.109921166,45.59672586,1.7335,5.2841,5037,5196.99,0.4446,0,0.4446,Normal,149.13,5741.69,90.5523,9.5845
2024-11-30,2024,11,Nov,Q4,Sat,5,30,FY24-25,1,1,0,5351.71,84697.68,147.28,23527.03,304.72,140063.18,0,0,2.932741964,2.263574504,-23.52173477,1.6011,4.1136,5088.41,5160.67,0.4387,0,0.4387,Normal,158.26,5803.71,92.2119,11.8401
2024-12-01,2024,12,Dec,Q4,Sun,6,1,FY24-25,1,0,1,5504.49,75107.21,145.71,16430.96,184.44,23103.28,0,0,2.854788469,-1.065996741,-39.47230244,1.6982,2.0315,5159.66,5171.63,0.4257,0,0.4257,Normal,136.45,5834.64,94.3416,16.6727
2024-12-02,2024,12,Dec,Q4,Mon,0,2,FY24-25,0,0,1,5605.05,95915.61,166.01,25541.57,388.64,180014.1,0,0,1.826872244,13.93178231,110.7135112,1.6355,2.0499,5243.01,5184.54,0.2537,0,0.2537,Normal,171.12,6159.7,90.9955,10.1056
2024-12-03,2024,12,Dec,Q4,Tue,1,3,FY24-25,0,0,1,5553.85,89993.99,157.96,23841.5,305.66,146758.94,0,0,-0.913461967,-4.849105476,-21.35137917,1.5002,1.9539,5328.89,5201.4,-0.2048,0,0,Normal,162.04,6017.47,92.2954,11.9793
2024-12-04,2024,12,Dec,Q4,Wed,2,4,FY24-25,0,0,0,5619.83,90193.49,157.89,23758.47,303.52,144587.24,0,0,1.188004717,-0.044315016,-0.700124321,1.5099,1.813,5411.93,5213.21,0.1468,0,0.1468,Normal,160.49,6081.24,92.4126,12.1797
2024-12-05,2024,12,Dec,Q4,Thu,3,5,FY24-25,0,0,0,5562.69,86499.53,151.94,22331.39,319.86,155001.14,0,0,-1.016756735,-3.768446387,5.383500264,1.7486,1.8272,5485.26,5222.6,-0.2221,0,0,Normal,155.5,6034.49,92.1816,11.7904
2024-12-06,2024,12,Dec,Q4,Fri,4,6,FY24-25,0,0,0,5480.22,79287.54,145.83,21289.67,306.03,153586.84,0,0,-1.482556101,-4.021324207,-4.323766648,1.8893,1.8524,5525.41,5228.79,-0.3,0,0,Normal,144.68,5932.08,92.3828,12.1281
2024-12-07,2024,12,Dec,Q4,Sat,5,7,FY24-25,1,0,0,5577.86,79101.01,146.52,19611.34,295.96,93118.11,0,0,1.781680298,0.473153672,-3.290527073,1.7114,1.8484,5557.71,5240.96,0.2461,0,0.2461,Normal,141.81,6020.34,92.6502,12.6059
2024-12-08,2024,12,Dec,Q4,Sun,6,8,FY24-25,1,0,0,5496.59,64347.24,121.46,12373.27,170.15,19493.19,0,0,-1.457010395,-17.1034671,-42.50912285,1.5336,1.8742,5556.58,5250.24,-0.2958,0,0,Normal,117.07,5788.2,94.962,18.8491
2024-12-09,2024,12,Dec,Q4,Mon,0,9,FY24-25,0,0,0,5466.05,86326.84,157.68,22770.43,294.05,138582.74,0,0,-0.55561721,29.82051704,72.81810167,1.3052,1.8537,5536.73,5255.38,-0.1449,0,0,Normal,157.93,5917.78,92.3666,12.1003
2024-12-10,2024,12,Dec,Q4,Tue,1,10,FY24-25,0,0,0,5513.79,84053,153.28,21888.31,323.76,143703.08,0,0,0.873391206,-2.790461695,10.10372386,1.3508,1.8585,5531,5262.24,0.0941,0,0.0941,Normal,152.44,5990.83,92.0372,11.5583
2024-12-11,2024,12,Dec,Q4,Wed,2,11,FY24-25,0,0,0,5505.84,80326.73,149.27,21023.09,279.39,146178.33,0,0,-0.144183946,-2.616127349,-13.704596,1.2281,1.8561,5514.72,5267.59,-0.0761,0,0,Normal,145.89,5934.5,92.7768,12.8443
2024-12-12,2024,12,Dec,Q4,Thu,3,12,FY24-25,0,0,0,5333.41,76196.74,141.94,20164.27,275.2,173292.55,0,0,-3.131765543,-4.910564748,-1.499695766,1.6317,1.9252,5481.97,5270.01,-0.576,0,0,Normal,142.87,5750.55,92.7461,12.7857
2024-12-13,2024,12,Dec,Q4,Fri,4,13,FY24-25,0,0,0,5411.65,74454.16,141.6,20172.79,325.38,160083.01,0,0,1.466978912,-0.239537833,18.23401163,1.7395,1.941,5472.17,5274.22,0.1935,0,0.1935,Normal,137.58,5878.63,92.0563,11.5886
2024-12-14,2024,12,Dec,Q4,Sat,5,14,FY24-25,1,0,0,5388.81,68218.53,133.49,16140.54,188.59,35968.03,0,0,-0.422052424,-5.72740113,-42.04007622,1.5128,1.9305,5445.16,5279.62,-0.1226,0,0,Normal,126.59,5710.89,94.3602,16.7313
2024-12-15,2024,12,Dec,Q4,Sun,6,15,FY24-25,1,0,0,5357.74,57635.58,115,10645.89,167.24,17472.09,0,0,-0.576565141,-13.85122481,-11.32085476,1.4536,1.796,5425.33,5290.45,-0.1484,0,0,Normal,107.57,5639.98,94.9957,18.9829
2024-12-16,2024,12,Dec,Q4,Mon,0,16,FY24-25,0,0,0,5378.44,76984.49,145.62,20848.39,293.34,159906.09,0,0,0.386356934,26.62608696,75.40062186,1.4754,1.606,5412.81,5294.44,0.0127,0,0.0127,Normal,143.14,5817.4,92.4544,12.2527
2024-12-17,2024,12,Dec,Q4,Tue,1,17,FY24-25,0,0,0,5372.01,77394.28,144.12,20148.59,268.72,147562.6,0,0,-0.119551394,-1.030078286,-8.392991068,1.3984,1.4938,5392.56,5303.55,-0.072,0,0,Normal,144.07,5784.85,92.8634,13.0123
2024-12-18,2024,12,Dec,Q4,Wed,2,18,FY24-25,0,0,0,5342.22,73236.05,143.77,19534.84,271.68,132134.07,0,0,-0.554541038,-0.242853178,1.101518309,1.3963,1.4993,5369.18,5311.8,-0.1448,0,0,Normal,137.09,5757.67,92.7844,12.8589
2024-12-19,2024,12,Dec,Q4,Thu,3,19,FY24-25,0,0,0,5354.3,74296.62,139.57,20229.94,266.43,139079.67,0,0,0.226123222,-2.921332684,-1.932420495,0.7259,1.4723,5372.17,5322.7,-0.0141,0,0,Normal,138.76,5760.3,92.9518,13.1879
2024-12-20,2024,12,Dec,Q4,Fri,4,20,FY24-25,0,0,0,5352.75,73223.48,141.48,20040.98,276.69,153686.34,0,0,-0.028948695,1.36848893,3.850917689,0.3795,1.4711,5363.75,5332.55,-0.0568,0,0,Normal,136.8,5770.92,92.7538,12.8004
2024-12-21,2024,12,Dec,Q4,Sat,5,21,FY24-25,1,0,0,5379.54,68924.5,143.41,17748.72,220.93,83633.47,0,0,0.500490402,1.36415041,-20.15251726,0.4286,1.4706,5362.43,5342.33,0.0318,0,0.0318,Normal,128.12,5743.88,93.6569,14.7652
2024-12-22,2024,12,Dec,Q4,Sun,6,22,FY24-25,1,0,0,5285.35,54933.41,115.79,10601.13,163.73,17498.63,0,0,-1.750893199,-19.25946587,-25.89055357,0.7727,1.5127,5352.09,5348.44,-0.3449,0,0,Normal,103.94,5564.87,94.9771,18.9087
2024-12-23,2024,12,Dec,Q4,Mon,0,23,FY24-25,0,0,0,5282.19,75243.27,144.54,21343.73,273.51,147763,0,0,-0.059787904,24.82943259,67.04941062,0.7345,1.4504,5338.34,5358.12,-0.062,0,0,Normal,142.45,5700.24,92.6661,12.6353
2024-12-24,2024,12,Dec,Q4,Tue,1,24,FY24-25,0,0,0,5269.66,71475.66,141.44,20339.13,280.41,163873.26,0,0,-0.237212217,-2.144735021,2.52275968,0.7323,1.4525,5323.72,5366.91,-0.0917,0,0,Normal,135.64,5691.51,92.5881,12.4918
2024-12-25,2024,12,Dec,Q4,Wed,2,25,FY24-25,0,0,0,5174.29,61906.4,125.04,14135.67,183.97,32169.93,0,0,-1.80979418,-11.59502262,-34.3924967,0.9378,1.4969,5299.73,5372,-0.3548,0,0,Normal,119.64,5483.3,94.3645,16.7447
2024-12-26,2024,12,Dec,Q4,Thu,3,26,FY24-25,0,0,0,5183.96,71169.36,140.4,20343.59,270,169097.64,0,0,0.186885544,12.2840691,46.76305919,0.9332,1.4704,5275.39,5379.71,-0.0207,0,0,Normal,137.29,5594.36,92.664,12.6315
2024-12-27,2024,12,Dec,Q4,Fri,4,27,FY24-25,0,0,0,5085.77,68528.35,140.78,20015.26,272.55,161313.09,0,0,-1.894111837,0.270655271,0.944444444,1.0496,1.4859,5237.25,5381.29,-0.3689,0,0,Normal,134.75,5499.1,92.4837,12.3044
2024-12-28,2024,12,Dec,Q4,Sat,5,28,FY24-25,1,1,0,5149.14,64526.76,132,16481.43,183.28,35622.96,0,0,1.246025676,-6.236681347,-32.75362319,1.2187,1.5019,5204.34,5384.61,0.1565,0,0.1565,Normal,125.32,5464.42,94.2303,16.332
2024-12-29,2024,12,Dec,Q4,Sun,6,29,FY24-25,1,1,0,5112.26,53660.5,115.13,10794.88,158.78,17607.17,0,0,-0.716236109,-12.78030303,-13.3675251,1.1167,1.4047,5179.61,5381.72,-0.1718,0,0,Normal,104.96,5386.17,94.9146,18.664
2024-12-30,2024,12,Dec,Q4,Mon,0,30,FY24-25,0,1,0,5252.9,78391.76,149.79,23869.34,336.75,239159.68,0,0,2.751033789,30.10509858,112.085905,1.6611,1.3918,5175.43,5378.42,0.4083,0,0.4083,Normal,149.24,5739.44,91.5229,10.7964
2024-12-31,2024,12,Dec,Q4,Tue,1,31,FY24-25,0,1,0,5947.44,93147.85,163.18,27090.04,458.4,283915.7,0,0,13.22202974,8.939181521,36.1247216,5.2799,2.7565,5272.25,5393.19,2.1602,1,2.1602,Elevated,156.62,6569.02,90.5377,9.5683
2025-01-01,2025,1,Jan,Q1,Wed,2,1,FY24-25,0,0,1,5684.29,81015.79,155.02,20804.92,381.77,160793.42,0,0,-4.424592766,-5.00061282,-16.71684119,5.6611,2.8705,5345.11,5395.83,-0.7923,0,0,Normal,142.53,6221.08,91.3714,10.5894
2025-01-02,2025,1,Jan,Q1,Thu,3,2,FY24-25,0,0,1,5652.23,94429.32,160.25,24384.76,316.73,154236.88,0,0,-0.564010633,3.373758225,-17.03643555,5.6967,2.867,5412,5399.11,-0.1463,0,0,Normal,167.07,6129.21,92.2179,11.85
2025-01-03,2025,1,Jan,Q1,Fri,4,3,FY24-25,0,0,1,5594.45,86371.9,156.84,22955.7,336.82,161465.48,0,0,-1.022251395,-2.127925117,6.342941938,5.6224,2.8664,5484.67,5398.26,-0.223,0,0,Normal,154.39,6088.11,91.8914,11.3326
2025-01-04,2025,1,Jan,Q1,Sat,5,4,FY24-25,1,0,0,5623.49,87686.56,151.14,21673.8,343.39,114437.07,0,0,0.51908588,-3.63427697,1.950596758,5.6346,2.8609,5552.44,5400.29,0.0349,0,0.0349,Normal,155.93,6118.02,91.9168,11.3714
2025-01-05,2025,1,Jan,Q1,Sun,6,5,FY24-25,1,0,0,5569.97,70700.73,136,13586.89,167.18,21455.79,0,0,-0.951722151,-10.01720259,-51.31483153,5.65,2.8526,5617.82,5403.28,-0.2112,0,0,Normal,126.93,5873.15,94.8379,18.3718
2025-01-06,2025,1,Jan,Q1,Mon,0,6,FY24-25,0,0,0,5596.41,92101.54,155.46,23549.36,307.33,150222.61,0,0,0.474688374,14.30882353,83.83179806,5.6221,2.8358,5666.9,5403.9,0.0274,0,0.0274,Normal,164.57,6059.2,92.3622,12.0928
2025-01-07,2025,1,Jan,Q1,Tue,1,7,FY24-25,0,0,0,5583.26,86148.85,160.66,23356.28,380.28,160573.26,0,0,-0.234972062,3.344911874,23.73669996,1.6782,2.8222,5614.87,5406.79,-0.0913,0,0,Normal,154.3,6124.2,91.1672,10.3214
2025-01-08,2025,1,Jan,Q1,Wed,2,8,FY24-25,0,0,0,5729.69,86474.61,155.86,22425.16,314.34,151388.48,0,0,2.622661313,-2.987675837,-17.33985484,1.2646,2.8566,5621.36,5415.58,0.3868,0,0.3868,Normal,150.92,6199.89,92.416,12.1856
2025-01-09,2025,1,Jan,Q1,Thu,3,9,FY24-25,0,0,0,5681.22,85038.14,158.97,22442.58,291.55,144814.45,0,0,-0.845944545,1.99538047,-7.250111344,1.2942,2.8598,5625.5,5421.16,-0.1935,0,0,Normal,149.68,6131.74,92.6527,12.6104
2025-01-10,2025,1,Jan,Q1,Fri,4,10,FY24-25,0,0,0,5787.6,86039.63,157.9,22370.88,359.47,174672.3,0,0,1.872485135,-0.673082972,23.29617561,1.3447,2.8766,5653.09,5430.55,0.2613,0,0.2613,Normal,148.66,6304.97,91.7943,11.1866
2025-01-11,2025,1,Jan,Q1,Sat,5,11,FY24-25,1,0,0,5682.68,76848.16,149.27,17988.47,195.95,34424.57,0,0,-1.812841247,-5.465484484,-45.48919242,1.6017,2.8336,5661.55,5442.19,-0.3553,0,0,Normal,135.23,6027.9,94.273,16.461
2025-01-12,2025,1,Jan,Q1,Sun,6,12,FY24-25,1,0,0,5670.88,63403,129.5,11779.66,170.1,18552.03,0,0,-0.207648504,-13.24445635,-13.19214085,1.539,2.8252,5675.96,5450.83,-0.0867,0,0,Normal,111.8,5970.48,94.982,18.9282
2025-01-13,2025,1,Jan,Q1,Mon,0,13,FY24-25,0,0,0,5556.74,78541.07,154.16,21567.63,324.12,172235.14,0,0,-2.012738764,19.04247104,90.54673721,1.7551,2.852,5670.3,5456.43,-0.3887,0,0,Normal,141.34,6035.02,92.0749,11.6182
2025-01-14,2025,1,Jan,Q1,Tue,1,14,FY24-25,0,0,0,5226.89,66339.87,136.12,16050,230.43,95317.36,0,0,-5.936034437,-11.70212766,-28.90596076,2.8288,3.0587,5619.39,5452.07,-1.0451,0,0,Normal,126.92,5593.44,93.4468,14.2597
2025-01-15,2025,1,Jan,Q1,Wed,2,15,FY24-25,0,0,0,5335.38,72564.96,139.83,18496.26,259.69,128361.13,0,0,2.075612841,2.725536292,12.69799939,2.7206,3.0823,5563.06,5450.63,0.2953,0,0.2953,Normal,136.01,5734.9,93.0335,13.3545
2025-01-16,2025,1,Jan,Q1,Thu,3,16,FY24-25,0,0,0,5330.99,71787.04,139.63,18512.19,275.75,126357.36,0,0,-0.082280925,-0.143030823,6.184296661,2.7422,3.0822,5513.02,5449.26,-0.0657,0,0,Normal,134.66,5746.37,92.7714,12.834
2025-01-17,2025,1,Jan,Q1,Fri,4,17,FY24-25,0,0,0,5374.03,71032.39,138.64,18784.9,258.49,138485.85,0,0,0.807354731,-0.709016687,-6.259292838,2.5898,3.0835,5453.94,5450.32,0.0831,0,0.0831,Normal,132.18,5771.16,93.1187,13.5322
2025-01-18,2025,1,Jan,Q1,Sat,5,18,FY24-25,1,0,0,5391.77,68860.95,134.85,17320.29,231.82,85149.97,0,0,0.330106084,-2.733698788,-10.31761383,2.6076,3.0838,5412.38,5451.57,0.0033,0,0.0033,Normal,127.71,5758.44,93.6325,14.7047
2025-01-19,2025,1,Jan,Q1,Sun,6,19,FY24-25,1,0,0,5306.5,56364.25,115.81,10797.15,163.73,17791.86,0,0,-1.581484373,-14.11939192,-29.37192649,2.6145,3.0985,5360.33,5450.03,-0.3166,0,0,Normal,106.22,5586.04,94.9957,18.983
2025-01-20,2025,1,Jan,Q1,Mon,0,20,FY24-25,0,0,0,5436.44,78187.93,142.8,20775.52,266.73,139316.11,0,0,2.448694997,23.30541404,62.90844683,2.8365,3.1292,5343.14,5451.93,0.3577,0,0.3577,Normal,143.82,5845.97,92.9947,13.2748
2025-01-21,2025,1,Jan,Q1,Tue,1,21,FY24-25,0,0,0,5308.28,72609.39,136.16,19446.53,260.63,129801.38,0,0,-2.35742508,-4.649859944,-2.286956848,1.7676,3.1434,5354.77,5452.69,-0.4464,0,0,Normal,136.79,5705.07,93.045,13.3781
2025-01-22,2025,1,Jan,Q1,Wed,2,22,FY24-25,0,0,0,5415.29,72846.1,137.57,19635.02,271.37,132374.31,0,0,2.015907224,1.035546416,4.120784254,1.7573,3.1635,5366.19,5457.13,0.2853,0,0.2853,Normal,134.52,5824.23,92.9786,13.2423
2025-01-23,2025,1,Jan,Q1,Thu,3,23,FY24-25,0,0,0,5268.29,69306.15,136.03,19211.85,262.05,137288.24,0,0,-2.714536064,-1.119430108,-3.434425323,2.0853,3.2054,5357.23,5457.08,-0.5061,0,0,Normal,131.55,5666.37,92.9747,13.2342
2025-01-24,2025,1,Jan,Q1,Fri,4,24,FY24-25,0,0,0,5367.16,69561.04,136.07,19647.63,277.34,147466.2,0,0,1.87670003,0.029405278,5.834764358,2.203,3.2024,5356.25,5463.51,0.262,0,0.262,Normal,129.6,5780.57,92.8483,12.9827
2025-01-25,2025,1,Jan,Q1,Sat,5,25,FY24-25,1,0,0,5530.17,67121.44,133.09,16547.72,184.05,32067.04,0,0,3.037174222,-2.190049239,-33.63741256,2.4891,3.245,5376.02,5475.05,0.4562,0,0.4562,Normal,121.37,5847.31,94.5763,17.4376
2025-01-26,2025,1,Jan,Q1,Sun,6,26,FY24-25,1,0,0,5173.03,51023.09,111.25,10042.85,162.06,16428.04,0,0,-6.458029319,-16.40994816,-11.94784026,3.5772,3.4502,5356.95,5477.96,-1.1325,0,0,Normal,98.63,5446.34,94.9818,18.9273
2025-01-27,2025,1,Jan,Q1,Mon,0,27,FY24-25,0,0,0,5346.75,74950.26,142.36,21772.1,284.03,160739.98,0,0,3.358186595,27.96404494,75.26224855,3.7081,3.4953,5344.14,5484.55,0.5099,0,0.5099,Normal,140.18,5773.14,92.6142,12.5396
2025-01-28,2025,1,Jan,Q1,Tue,1,28,FY24-25,0,1,0,5327.98,72270.63,140,20963.59,287.98,146822.39,0,0,-0.351054379,-1.657769036,1.390698166,3.5871,3.4927,5346.95,5491.74,-0.1107,0,0,Normal,135.64,5755.96,92.5646,12.4491
2025-01-29,2025,1,Jan,Q1,Wed,2,29,FY24-25,0,1,0,5327.46,70929.65,138.66,20661.66,265.61,135597.75,0,0,-0.009759796,-0.957142857,-7.767900549,3.4879,3.4593,5334.41,5494.23,-0.0536,0,0,Normal,133.14,5731.73,92.9468,13.178
2025-01-30,2025,1,Jan,Q1,Thu,3,30,FY24-25,0,1,0,5359.41,76012.84,142.84,22204.78,286.13,192686.98,0,0,0.599722945,3.014568008,7.72561274,3.3068,2.4202,5347.42,5474.62,0.0484,0,0.0484,Normal,141.83,5788.38,92.5891,12.4937
2025-01-31,2025,1,Jan,Q1,Fri,4,31,FY24-25,0,1,0,5721.28,91469.83,159.49,26664.04,451.03,266709.52,0,0,6.752049199,11.65639877,57.63114668,4.1114,2.6183,5398.01,5475.86,1.0777,0,1.0777,Normal,159.88,6331.8,90.3579,9.3712
2025-02-01,2025,2,Feb,Q1,Sat,5,1,FY24-25,1,0,1,6047.54,99835.69,171.11,25602.95,363.39,146082.54,0,0,5.702570054,7.285723243,-19.43107997,4.4427,2.8102,5471.92,5489.03,0.9021,0,0.9021,Normal,165.08,6582.04,91.8794,11.3144
2025-02-02,2025,2,Feb,Q1,Sun,6,2,FY24-25,1,0,1,5916.04,75620.6,138.32,15250.31,169.88,21962.56,0,0,-2.174437871,-19.16311145,-53.25132777,3.3438,2.8361,5578.07,5499.75,-0.4158,0,0,Normal,127.82,6224.24,95.0484,19.1955
2025-02-03,2025,2,Feb,Q1,Mon,0,3,FY24-25,0,0,1,5823.91,93245.74,162.08,24923.88,317.94,156751.41,0,0,-1.557291702,17.17755928,87.15563927,3.5183,2.854,5646.23,5506.43,-0.3125,0,0,Normal,160.11,6303.93,92.3854,12.1326
2025-02-04,2025,2,Feb,Q1,Tue,1,4,FY24-25,0,0,0,5764.18,91126.6,160.1,24509.35,294.39,142691.34,0,0,-1.02559964,-1.221618954,-7.407057935,3.5792,2.855,5708.55,5512.91,-0.2236,0,0,Normal,158.09,6218.67,92.6915,12.6827
2025-02-05,2025,2,Feb,Q1,Wed,2,5,FY24-25,0,0,0,5856.8,89847.56,153.99,23458.74,335.59,148421.53,0,0,1.606820051,-3.816364772,13.99504059,3.5413,2.8668,5784.17,5521.59,0.2169,0,0.2169,Normal,153.41,6346.38,92.2857,11.9629
2025-02-06,2025,2,Feb,Q1,Thu,3,6,FY24-25,0,0,0,5793.2,85577.46,152.62,22837.8,310.18,161747.99,0,0,-1.085917224,-0.88966816,-7.571739325,3.6612,2.8754,5846.14,5528.59,-0.2337,0,0,Normal,147.72,6256,92.6023,12.5177
2025-02-07,2025,2,Feb,Q1,Fri,4,7,FY24-25,0,0,0,5821.64,83661.64,150.6,22504.01,359.23,179991.14,0,0,0.490920389,-1.323548683,15.81339867,2.7135,2.8386,5860.47,5531.65,0.0302,0,0.0302,Normal,143.71,6331.47,91.9477,11.4188
2025-02-08,2025,2,Feb,Q1,Sat,5,8,FY24-25,1,0,0,5848.37,78394.48,137.1,18148.02,209.75,36393.43,0,0,0.459148968,-8.964143426,-41.61122401,1.3463,2.8338,5832.02,5537.22,0.0248,0,0.0248,Normal,134.05,6195.22,94.4013,16.8614
2025-02-09,2025,2,Feb,Q1,Sun,6,9,FY24-25,1,0,0,5846.95,67170.58,120.97,12707.59,165.08,19552.29,0,0,-0.02428027,-11.76513494,-21.29678188,1.1185,2.8148,5822.15,5539.2,-0.056,0,0,Normal,114.88,6133,95.3359,20.4403
2025-02-10,2025,2,Feb,Q1,Mon,0,10,FY24-25,0,0,0,5928.16,92183.3,158.69,24140.94,383.31,190853.68,0,0,1.388929271,31.18128462,132.1965108,1.0588,2.8015,5837.04,5547.38,0.1804,0,0.1804,Normal,155.5,6470.16,91.6231,10.9376
2025-02-11,2025,2,Feb,Q1,Tue,1,11,FY24-25,0,0,0,5810.57,85320.26,152.37,21789.69,289.96,141361.04,0,0,-1.983583439,-3.9826076,-24.35365631,1.2893,2.8286,5843.67,5552.04,-0.3839,0,0,Normal,146.84,6252.9,92.926,13.1363
2025-02-12,2025,2,Feb,Q1,Wed,2,12,FY24-25,0,0,0,5894.27,82436.06,151.06,21166.83,308.99,137058.8,0,0,1.440478301,-0.859749294,6.562974203,1.2585,2.809,5849.02,5563.29,0.189,0,0.189,Normal,139.86,6354.32,92.76,12.8122
2025-02-13,2025,2,Feb,Q1,Thu,3,13,FY24-25,0,0,0,5742.83,77947.95,143.91,20062.28,280.3,144526.84,0,0,-2.569274906,-4.733218589,-9.285090132,1.5759,2.6145,5841.83,5580.49,-0.4818,0,0,Normal,135.73,6167.04,93.1213,13.5377
2025-02-14,2025,2,Feb,Q1,Fri,4,14,FY24-25,0,0,0,5872.38,77266.11,145.96,20149.61,273.73,141385.24,0,0,2.255856433,1.424501425,-2.343917232,1.8123,2.6188,5849.08,5598.39,0.3254,0,0.3254,Normal,131.58,6292.07,93.3299,13.9922
2025-02-15,2025,2,Feb,Q1,Sat,5,15,FY24-25,1,0,0,5710.54,76162.54,140.65,18617.42,233.23,93830.17,0,0,-2.755952442,-3.637983009,-14.79560151,2.1017,2.6789,5829.39,5611.04,-0.5131,0,0,Normal,133.37,6084.42,93.8551,15.2737
2025-02-16,2025,2,Feb,Q1,Sun,6,16,FY24-25,1,0,0,5530.48,59017.87,117.47,11097.68,157.56,18840.44,0,0,-3.153116868,-16.48062567,-32.44436822,2.3465,2.7479,5784.18,5616.26,-0.5795,0,0,Normal,106.71,5805.51,95.2626,20.1086
2025-02-17,2025,2,Feb,Q1,Mon,0,17,FY24-25,0,0,0,5624.3,77737.39,142.75,20553.09,275.75,141906.88,0,0,1.696416948,21.52038818,75.01269358,2.396,2.7626,5740.77,5624.01,0.2318,0,0.2318,Normal,138.22,6042.8,93.0744,13.4392
2025-02-18,2025,2,Feb,Q1,Tue,1,18,FY24-25,0,0,0,5571.15,73824.81,141.24,19751,271.61,142378.06,0,0,-0.94500649,-1.057793345,-1.501359927,2.3364,2.751,5706.56,5632.83,-0.2101,0,0,Normal,132.51,5984,93.1008,13.4944
2025-02-19,2025,2,Feb,Q1,Wed,2,19,FY24-25,0,0,0,5647.58,73200.56,135.54,18838.37,247.5,105940.99,0,0,1.371889107,-4.035683942,-8.876698207,2.3267,2.7276,5671.32,5639.87,0.1776,0,0.1776,Normal,129.61,6030.62,93.6484,14.7441
2025-02-20,2025,2,Feb,Q1,Thu,3,20,FY24-25,0,0,0,5621.19,74075.68,139.65,19697.03,261.1,148666.55,0,0,-0.467279791,3.032315184,5.494949495,2.1575,2.6889,5653.95,5650.3,-0.1302,0,0,Normal,131.78,6021.94,93.3452,14.0267
2025-02-21,2025,2,Feb,Q1,Fri,4,21,FY24-25,0,0,0,5647.7,71739.87,137.17,19435.42,270.24,151610.81,0,0,0.471608325,-1.775868242,3.500574493,1.8969,2.6682,5621.85,5658.04,0.0269,0,0.0269,Normal,127.02,6055.11,93.2716,13.8624
2025-02-22,2025,2,Feb,Q1,Sat,5,22,FY24-25,1,0,0,5654.72,67795.92,131.19,16198.37,178.89,33805.64,0,0,0.124298387,-4.359553838,-33.80328597,1.6297,2.6119,5613.87,5670.92,-0.0312,0,0,Normal,119.89,5964.8,94.8015,18.2363
2025-02-23,2025,2,Feb,Q1,Sun,6,23,FY24-25,1,0,0,5605.4,54660.38,114.29,10319.1,157.14,17236.57,0,0,-0.872191727,-12.88207943,-12.15830958,1.0486,2.6018,5624.58,5678.87,-0.1979,0,0,Normal,97.51,5876.83,95.3814,20.6514
2025-02-24,2025,2,Feb,Q1,Mon,0,24,FY24-25,0,0,0,5634.82,75820.65,143.89,20947.11,284.27,167722.07,0,0,0.524851037,25.89902879,80.90238004,0.8427,2.5464,5626.08,5682.35,0.0358,0,0.0358,Normal,134.56,6062.98,92.9381,13.1605
2025-02-25,2025,2,Feb,Q1,Tue,1,25,FY24-25,0,0,0,5765.01,76593.92,154.04,21884.91,278.84,171575.46,0,0,2.310455347,7.053999583,-1.910155838,1.08,2.255,5653.77,5702.09,0.3346,0,0.3346,Normal,132.86,6197.89,93.0157,13.3178
2025-02-26,2025,2,Feb,Q1,Wed,2,26,FY24-25,0,0,0,5520.81,62994.82,136.75,16813.06,205.81,70222.37,0,0,-4.235898984,-11.22435731,-26.19064697,2.0049,2.3347,5635.66,5707.89,-0.7607,0,0,Normal,114.1,5863.37,94.1576,16.1163
2025-02-27,2025,2,Feb,Q1,Thu,3,27,FY24-25,0,0,0,5554.77,75714.97,150.09,23003.61,290.93,194872.65,0,0,0.615127128,9.755027422,41.35853457,2.0319,2.3345,5626.18,5715.45,0.0509,0,0.0509,Normal,136.31,5995.79,92.6445,12.5953
2025-02-28,2025,2,Feb,Q1,Fri,4,28,FY24-25,0,1,0,6006.62,97508.29,164.69,28673.47,473.37,312714.87,0,0,8.134450211,9.727496835,62.70924277,3.7562,2.75,5677.45,5738.09,1.309,0,1.309,Normal,162.33,6644.68,90.3974,9.4139
2025-03-01,2025,3,Mar,Q1,Sat,5,1,FY24-25,1,0,1,6314.25,101627.92,176.71,27119.01,367.64,157212.5,0,0,5.121515927,7.298560933,-22.33559372,4.0389,2.8801,5771.67,5769.92,0.8049,0,0.8049,Normal,160.95,6858.6,92.0632,11.5996
2025-03-02,2025,3,Mar,Q1,Sun,6,2,FY24-25,1,0,1,6080.29,79157.48,144.57,16408.07,168.79,22989.44,0,0,-3.705269826,-18.18799162,-54.08823849,4.4551,2.7375,5839.51,5781.88,-0.6719,0,0,Normal,130.19,6393.65,95.0989,19.4035
2025-03-03,2025,3,Mar,Q1,Mon,0,3,FY24-25,0,0,1,5994.47,97185.42,167.42,26726.99,334.23,175760.58,0,0,-1.411445836,15.80549215,98.01528527,4.5665,2.5496,5890.89,5780.11,-0.2881,0,0,Normal,162.13,6496.12,92.2777,11.9495
2025-03-04,2025,3,Mar,Q1,Tue,1,4,FY24-25,0,0,0,5945.58,93483.95,164.97,25855.04,297.12,152099.65,0,0,-0.815585031,-1.463385498,-11.10313257,4.5671,2.5215,5916.68,5781.1,-0.1884,0,0,Normal,157.23,6407.67,92.7885,12.8667
2025-03-05,2025,3,Mar,Q1,Wed,2,5,FY24-25,0,0,0,5962.65,93034.38,158.56,24933.61,340.24,164141.46,0,0,0.287104034,-3.885554949,14.51265482,4.0739,2.5035,5979.8,5785.72,-0.0039,0,0,Normal,156.03,6461.45,92.2804,11.954
2025-03-06,2025,3,Mar,Q1,Thu,3,6,FY24-25,0,0,0,5841,87477.02,154.02,23869.74,342.5,177897.69,0,0,-2.040200247,-2.863269425,0.664237009,4.2544,2.5261,6020.69,5788.28,-0.3933,0,0,Normal,149.76,6337.52,92.1654,11.7639
2025-03-07,2025,3,Mar,Q1,Fri,4,7,FY24-25,0,0,0,5979.96,87218.22,158.2,24111.52,374.97,184632.74,0,0,2.379044684,2.713933255,9.480291971,2.9585,2.5461,6016.89,5792.39,0.3461,0,0.3461,Normal,145.85,6513.13,91.8139,11.2159
2025-03-08,2025,3,Mar,Q1,Sat,5,8,FY24-25,1,0,0,6057.62,81507.5,146.57,19627.6,225.79,41541.21,0,0,1.298670894,-7.351453856,-39.78451609,2.0689,2.545,5980.22,5801.2,0.1653,0,0.1653,Normal,134.55,6429.98,94.209,16.2682
2025-03-09,2025,3,Mar,Q1,Sun,6,9,FY24-25,1,0,0,6047.83,68403.22,134.96,13525.73,168.59,20306.09,0,0,-0.161614628,-7.921129836,-25.33327428,1.5408,2.545,5975.59,5808.74,-0.079,0,0,Normal,113.1,6351.38,95.2207,19.9237
2025-03-10,2025,3,Mar,Q1,Mon,0,10,FY24-25,0,0,0,6110.43,95763.57,167.09,26165.1,372.82,195109.92,0,0,1.035082005,23.80705394,121.1400439,1.4602,2.5495,5992.15,5817.48,0.1212,0,0.1212,Normal,156.72,6650.34,91.8815,11.3175
2025-03-11,2025,3,Mar,Q1,Tue,1,11,FY24-25,0,0,0,5778.13,84906.83,159.96,24429.29,322.49,177852.38,0,0,-5.43824248,-4.26716141,-13.49981224,2.6226,2.7482,5968.23,5815.18,-0.9618,0,0,Normal,146.95,6260.58,92.2938,11.9766
2025-03-12,2025,3,Mar,Q1,Wed,2,12,FY24-25,0,0,0,6017.22,87615.79,160.87,23858.44,327.14,173570.22,0,0,4.137843905,0.568892223,1.441905175,3.1383,2.8405,5976.03,5818.15,0.6403,0,0.6403,Normal,145.61,6505.23,92.4982,12.3301
2025-03-13,2025,3,Mar,Q1,Thu,3,13,FY24-25,0,0,0,6421.01,85570.94,155.2,21598.4,292.4,179684.55,0,0,6.710573986,-3.524585069,-10.61930672,3.7859,3.057,6058.89,5838.5,1.0708,0,1.0708,Normal,133.27,6868.61,93.4834,14.3454
2025-03-14,2025,3,Mar,Q1,Fri,4,14,FY24-25,0,0,0,5149.85,51067.26,108.13,11917.66,196.58,55955.68,0,0,-19.79688554,-30.32860825,-32.77017784,8.8045,4.7774,5940.3,5813.69,-3.3642,0,0,Normal,99.16,5454.56,94.4137,16.9008
2025-03-15,2025,3,Mar,Q1,Sat,5,15,FY24-25,1,0,0,5807.63,71801.28,131.76,17649.28,199.83,90749.78,0,0,12.77279921,21.8533247,1.653270933,10.3908,5.3198,5904.59,5815.85,2.085,1,2.085,Elevated,123.63,6139.22,94.5988,17.5145
2025-03-16,2025,3,Mar,Q1,Sun,6,16,FY24-25,1,0,0,5721.5,59622.54,123,11261.05,154.64,18588.99,0,0,-1.483049023,-6.64845173,-22.61422209,10.4039,5.3133,5857.97,5810.82,-0.3001,0,0,Normal,104.21,5999.14,95.372,20.6076
2025-03-17,2025,3,Mar,Q1,Mon,0,17,FY24-25,0,0,0,5803.52,80668.23,145.45,21653.8,282.82,162529.41,0,0,1.433540156,18.25203252,82.88929126,10.4135,5.2918,5814.12,5813.92,0.1879,0,0.1879,Normal,139,6231.79,93.1277,13.5511
2025-03-18,2025,3,Mar,Q1,Tue,1,18,FY24-25,0,0,0,5726.43,76988.31,142.96,20920.05,275.27,155560.46,0,0,-1.328331771,-1.711928498,-2.669542465,10.1848,5.2624,5806.74,5820.45,-0.2742,0,0,Normal,134.44,6144.66,93.1936,13.6921
2025-03-19,2025,3,Mar,Q1,Wed,2,19,FY24-25,0,0,0,5761.34,76504.71,141.58,20778,283.69,172017.79,0,0,0.609629385,-0.96530498,3.058814982,10.0525,5.2559,5770.18,5825.02,0.05,0,0.05,Normal,132.79,6186.61,93.126,13.5475
2025-03-20,2025,3,Mar,Q1,Thu,3,20,FY24-25,0,0,0,5758.2,78037.44,142.14,21416.5,276.89,173955.34,0,0,-0.05450121,0.395536093,-2.396982622,9.5974,5.2516,5675.5,5831.25,-0.0611,0,0,Normal,135.52,6177.23,93.2165,13.7417
2025-03-21,2025,3,Mar,Q1,Fri,4,21,FY24-25,0,0,0,5763.75,74557.68,139.39,20907.41,284.67,239234.68,0,0,0.096384287,-1.934712256,2.809780057,4.9802,5.2474,5763.2,5835.12,-0.0359,0,0,Normal,129.36,6187.81,93.1468,13.5918
2025-03-22,2025,3,Mar,Q1,Sat,5,22,FY24-25,1,0,0,5842.26,70233.03,134.15,17287.8,184.82,38769.09,0,0,1.362134027,-3.759236674,-35.07570169,1.1691,5.2499,5768.14,5842.49,0.1759,0,0.1759,Normal,120.22,6161.23,94.8229,18.316
2025-03-23,2025,3,Mar,Q1,Sun,6,23,FY24-25,1,0,0,5874.4,58953.84,128.85,11750.32,160.1,20151.57,0,0,0.550129573,-3.950801342,-13.37517585,0.9437,5.25,5789.99,5850.05,0.0401,0,0.0401,Normal,100.36,6163.35,95.3118,20.3302
2025-03-24,2025,3,Mar,Q1,Mon,0,24,FY24-25,0,0,0,5784.36,79820.41,152.25,23329.44,326.8,232811.81,0,0,-1.532752281,18.16065192,104.1224235,1.0522,5.2603,5787.25,5854.37,-0.3084,0,0,Normal,137.99,6263.41,92.3516,12.0746
2025-03-25,2025,3,Mar,Q1,Tue,1,25,FY24-25,0,0,0,5817.44,79710.62,154.61,24149.74,414.89,224245.01,0,0,0.57188695,1.550082102,26.95532436,0.8992,5.2566,5800.25,5861.44,0.0437,0,0.0437,Normal,137.02,6386.94,91.0834,10.215
2025-03-26,2025,3,Mar,Q1,Wed,2,26,FY24-25,0,0,0,5505.09,75842.65,152.96,24230.29,315.21,238573.03,0,0,-5.369200198,-1.067201345,-24.02564535,2.2708,5.3558,5763.64,5857.11,-0.9503,0,0,Normal,137.77,5973.26,92.1622,11.7587
2025-03-27,2025,3,Mar,Q1,Thu,3,27,FY24-25,0,0,0,5974.65,81231.4,149.1,24784.37,303.89,242391.81,0,0,8.529560825,-2.523535565,-3.591256623,4.1612,5.5619,5794.56,5864.1,1.3751,0,1.3751,Normal,135.96,6427.64,92.9525,13.1894
2025-03-28,2025,3,Mar,Q1,Fri,4,28,FY24-25,0,1,0,6052.43,84515.18,155.14,27620.32,390.75,368110.11,0,0,1.30183358,4.050972502,28.58271085,4.1618,5.4986,5835.8,5881.82,0.1658,0,0.1658,Normal,139.64,6598.32,91.7268,11.0873
2025-03-29,2025,3,Mar,Q1,Sat,5,29,FY24-25,1,1,0,6271.91,87115.79,161.12,27522.03,366.8,279719.29,0,0,3.626312076,3.854582957,-6.129238644,4.3009,5.5289,5897.18,5905.73,0.5547,0,0.5547,Normal,138.9,6799.83,92.2363,11.8804
2025-03-30,2025,3,Mar,Q1,Sun,6,30,FY24-25,1,1,0,6192.67,71617.99,141.43,16968.29,229.5,85215.89,0,0,-1.263410986,-12.22070506,-37.43184297,4.3929,5.3483,5942.65,5911.93,-0.2634,0,0,Normal,115.65,6563.6,94.3487,16.695
2025-03-31,2025,3,Mar,Q1,Mon,0,31,FY24-25,0,1,0,5657.21,75980.99,163.27,25437.91,427.08,232930.3,0,0,-8.646674213,15.44226826,86.09150327,5.67,5.5041,5924.49,5890.03,-1.4987,0,0,Normal,134.31,6247.56,90.5507,9.5828
2025-04-01,2025,4,Apr,Q2,Tue,1,1,FY25-26,0,0,1,5297.18,74937,207.65,24387.86,63.18,41915.72,0,0,-6.364091133,27.18196852,-85.20651869,6.1062,5.5831,5850.16,5863.92,-1.1168,0,0,Normal,141.47,5568.01,95.136,19.5591
2025-04-02,2025,4,Apr,Q2,Wed,2,2,FY25-26,0,0,1,6192.75,102791.42,203.84,29841.6,378.53,299963.02,0,0,16.90654273,-1.834818204,499.1294714,8.7743,6.3994,5948.4,5870.53,2.7766,1,2.7766,Elevated,165.99,6775.12,91.4043,10.6337
2025-04-03,2025,4,Apr,Q2,Thu,3,3,FY25-26,0,0,1,6069.85,95332.97,160.46,25749.33,304,154666.66,0,0,-1.984578741,-21.28139717,-19.68932449,8.3631,6.41,5962,5874.68,-0.384,0,0,Normal,157.06,6534.31,92.892,13.0686
2025-04-04,2025,4,Apr,Q2,Fri,4,4,FY25-26,0,0,0,6186.86,94268,160.98,25478.59,298.49,166765.01,0,0,1.927724738,0.324068304,-1.8125,8.3763,6.4172,5981.2,5882.15,0.2705,0,0.2705,Normal,152.37,6646.33,93.0869,13.4652
2025-04-05,2025,4,Apr,Q2,Sat,5,5,FY25-26,1,0,0,6295.81,90299.35,157.52,22564.22,382.95,123522.31,0,0,1.760990228,-2.149335321,28.2957553,8.2933,6.4063,5984.62,5897.31,0.2427,0,0.2427,Normal,143.43,6836.28,92.0941,11.6488
2025-04-06,2025,4,Apr,Q2,Sun,6,6,FY25-26,1,0,0,5882.73,68150.47,130.36,13689.48,161.71,22916.21,0,0,-6.561189108,-17.24225495,-57.77255516,8.6953,6.5206,5940.34,5894.07,-1.1497,0,0,Normal,115.85,6174.8,95.27,20.1415
2025-04-07,2025,4,Apr,Q2,Mon,0,7,FY25-26,0,0,0,6185.68,98216.32,160.24,25808.3,331.54,160130.78,0,0,5.149819897,22.92114145,105.0213345,8.0611,6.5815,6015.84,5898.34,0.8096,0,0.8096,Normal,158.78,6677.46,92.6352,12.5781
2025-04-08,2025,4,Apr,Q2,Tue,1,8,FY25-26,0,0,0,6248.95,89887.4,161.63,23545.17,291.18,153260.28,0,0,1.022846316,0.867448827,-12.17349339,7.3003,6.5823,6151.8,5905.04,0.1192,0,0.1192,Normal,143.84,6701.76,93.2434,13.8004
2025-04-09,2025,4,Apr,Q2,Wed,2,9,FY25-26,0,0,0,6296.92,91452.18,157.99,23791.99,321.41,174476.22,0,0,0.767648965,-2.252057168,10.38189436,3.682,6.5815,6166.69,5911.26,0.0765,0,0.0765,Normal,145.23,6776.32,92.9254,13.135
2025-04-10,2025,4,Apr,Q2,Thu,3,10,FY25-26,0,0,0,6054.15,83751.64,148.94,20343.02,234.72,72732.41,0,0,-3.855376914,-5.728210646,-26.97178059,3.9345,6.54,6164.44,5920.46,-0.697,0,0,Normal,138.34,6437.81,94.0405,15.78
2025-04-11,2025,4,Apr,Q2,Fri,4,11,FY25-26,0,0,0,6202.63,85297.83,152.48,22674.21,315.6,185336.5,0,0,2.45253256,2.376796025,34.45807771,3.9814,6.5136,6166.7,5926.64,0.3584,0,0.3584,Normal,137.52,6670.71,92.9831,13.2512
2025-04-12,2025,4,Apr,Q2,Sat,5,12,FY25-26,1,0,0,5542.96,68876.63,140.63,17463.7,182.65,36613.2,0,0,-10.63532727,-7.771511018,-42.126109,5.5644,6.6933,6059.15,5897.37,-1.8314,0,0,Normal,124.26,5866.24,94.4891,17.146
2025-04-13,2025,4,Apr,Q2,Sun,6,13,FY25-26,1,0,0,6139.76,65305.33,131.32,11785.7,157.78,18537.08,0,0,10.76681051,-6.620209059,-13.61620586,6.7513,5.897,6095.86,5930.37,1.7494,0,1.7494,Normal,106.36,6428.86,95.5031,21.2375
2025-04-14,2025,4,Apr,Q2,Mon,0,14,FY25-26,0,0,0,5826.86,70514.53,137.17,15907.33,206.39,60570.46,0,0,-5.096290409,4.454766981,30.808721,6.7642,5.532,6044.6,5931.01,-0.9046,0,0,Normal,121.02,6170.42,94.4321,16.9602
2025-04-15,2025,4,Apr,Q2,Tue,1,15,FY25-26,0,0,0,6089.39,83768.29,151,22512.24,276.24,191553.53,0,0,4.505514119,10.08237953,33.84369398,7.0309,5.5787,6021.81,5943.27,0.7018,0,0.7018,Normal,137.56,6516.63,93.4439,14.2529
2025-04-16,2025,4,Apr,Q2,Wed,2,16,FY25-26,0,0,0,6063.92,82446.94,149.62,21881.24,281.12,175757.97,0,0,-0.418268497,-0.913907285,1.766579786,7.0192,5.5766,5988.52,5951.95,-0.122,0,0,Normal,135.96,6494.66,93.3678,14.0779
2025-04-17,2025,4,Apr,Q2,Thu,3,17,FY25-26,0,0,0,5983.05,79567.11,147.63,21343.96,273.7,257438.97,0,0,-1.333625773,-1.330036091,-2.639442231,6.871,5.5766,5978.37,5960.51,-0.2751,0,0,Normal,132.99,6404.38,93.4212,14.2004
2025-04-18,2025,4,Apr,Q2,Fri,4,18,FY25-26,0,0,0,5781.75,67342.78,129.54,15659.83,194.16,57915.82,0,0,-3.364504726,-12.25360699,-29.06101571,6.8816,5.6159,5918.24,5961.19,-0.6149,0,0,Normal,116.47,6105.45,94.6982,17.8614
2025-04-19,2025,4,Apr,Q2,Sat,5,19,FY25-26,1,0,0,6039.46,74613.71,140.91,18841.76,226.84,95072.28,0,0,4.45730099,8.777211672,16.83147919,5.5136,5.6701,5989.17,5970.56,0.6938,0,0.6938,Normal,123.54,6407.21,94.2604,16.4227
2025-04-20,2025,4,Apr,Q2,Sun,6,20,FY25-26,1,0,0,5878.92,60985.01,122.27,11497.17,157.73,19540.07,0,0,-2.658184672,-13.22830175,-30.46640804,3.7483,5.6959,5951.91,5974.4,-0.4967,0,0,Normal,103.74,6158.92,95.4537,20.9961
2025-04-21,2025,4,Apr,Q2,Mon,0,21,FY25-26,0,0,0,5892.08,79430.34,146.15,21070.12,268.15,140759.79,0,0,0.223850639,19.53054715,70.00570595,3.1694,5.6918,5961.22,5976.06,-0.0145,0,0,Normal,134.81,6306.38,93.4305,14.2218
2025-04-22,2025,4,Apr,Q2,Tue,1,22,FY25-26,0,0,0,5820.08,75876.17,142.51,20612.75,253.42,138370.98,0,0,-1.221979335,-2.490591858,-5.493194108,2.5524,5.6971,5922.75,5974.25,-0.2564,0,0,Normal,130.37,6216.01,93.6305,14.6998
2025-04-23,2025,4,Apr,Q2,Wed,2,23,FY25-26,0,0,0,5822.96,74632.32,139.34,20026.38,262.8,128452.21,0,0,0.049483856,-2.224405305,3.701365322,2.5646,5.6886,5888.33,5975.54,-0.0437,0,0,Normal,128.17,6225.1,93.54,14.4799
2025-04-24,2025,4,Apr,Q2,Thu,3,24,FY25-26,0,0,0,5801.95,73457.31,138.96,19977.01,253.16,142084.49,0,0,-0.360813057,-0.272714224,-3.668188737,2.5413,5.6889,5862.46,5975.02,-0.1123,0,0,Normal,126.61,6194.07,93.6694,14.7964
2025-04-25,2025,4,Apr,Q2,Fri,4,25,FY25-26,0,0,0,5850.48,74213.96,143.04,20809.31,260.82,163991.19,0,0,0.83644292,2.936096718,3.025754464,2.2007,5.5935,5872.28,5986.53,0.088,0,0.088,Normal,126.85,6254.34,93.5427,14.4864
2025-04-26,2025,4,Apr,Q2,Sat,5,26,FY25-26,1,0,0,5831.23,69855.94,135.52,17174.29,176.55,36667.83,0,0,-0.329032831,-5.257270694,-32.30963883,1.143,5.3765,5842.53,5981.75,-0.107,0,0,Normal,119.8,6143.3,94.9202,18.6856
2025-04-27,2025,4,Apr,Q2,Sun,6,27,FY25-26,1,0,0,5784.71,57359.23,122.73,11382.92,154.87,18703.21,0,0,-0.797773369,-9.43772137,-12.27980742,0.6776,5.3733,5829.07,5972.83,-0.1855,0,0,Normal,99.16,6062.31,95.4209,20.8383
2025-04-28,2025,4,Apr,Q2,Mon,0,28,FY25-26,0,1,0,5832.17,79646.93,150.96,23050.16,302.85,179280.03,0,0,0.820438708,23.00171107,95.55110738,0.7745,5.332,5820.51,5958.17,0.0853,0,0.0853,Normal,136.56,6285.98,92.7806,12.8516
2025-04-29,2025,4,Apr,Q2,Tue,1,29,FY25-26,0,1,0,5879.09,81121.96,153.71,23935.02,290.6,191020.36,0,0,0.804503298,1.821674616,-4.044906719,0.6767,5.33,5828.94,5947.72,0.0826,0,0.0826,Normal,137.98,6323.4,92.9736,13.232
2025-04-30,2025,4,Apr,Q2,Wed,2,30,FY25-26,0,1,0,6159.91,101526.8,167.43,28861.71,424.36,289333.31,0,0,4.776589574,8.925899421,46.02890571,1.8702,5.1426,5877.08,5964.47,0.7472,0,0.7472,Normal,164.82,6751.7,91.2349,10.4089
2025-05-01,2025,5,May,Q2,Thu,3,1,FY25-26,0,0,1,6270.44,96949.94,171.11,24668.1,304.59,117449.96,0,0,1.794344398,2.197933465,-28.22367801,1.8199,4.9854,5944,5996.92,0.2482,0,0.2482,Normal,154.61,6746.14,92.9486,13.1815
2025-05-02,2025,5,May,Q2,Fri,4,2,FY25-26,0,0,1,6372.71,100248.07,165.88,25877.73,333.8,174000.49,0,0,1.630986023,-3.056513354,9.589940576,1.8234,3.9419,6018.61,6002.92,0.2209,0,0.2209,Normal,157.31,6872.39,92.7292,12.7536
2025-05-03,2025,5,May,Q2,Sat,5,3,FY25-26,1,0,1,6381.16,95776.08,160.62,23617.27,277.62,102511.45,0,0,0.13259665,-3.170966964,-16.83043739,1.7644,3.9208,6097.17,6013.29,-0.0298,0,0,Normal,150.09,6819.4,93.5736,14.5609
2025-05-04,2025,5,May,Q2,Sun,6,4,FY25-26,1,0,0,6276.41,78825.85,149.25,16166.9,164.98,23330.62,0,0,-1.641551066,-7.078819574,-40.57344572,1.9513,3.9221,6167.41,6016.28,-0.3266,0,0,Normal,125.59,6590.64,95.2322,19.9739
2025-05-05,2025,5,May,Q2,Mon,0,5,FY25-26,0,0,0,6295.88,99229.03,167.81,25901.93,313.42,154683.21,0,0,0.31020918,12.43551089,89.97454237,1.9766,3.9101,6233.66,6016.28,-0.0001,0,0,Normal,157.61,6777.11,92.8992,13.0829
2025-05-06,2025,5,May,Q2,Tue,1,6,FY25-26,0,0,0,6084.19,89592.71,156.56,23654.59,350.76,150803.82,0,0,-3.362357605,-6.704010488,11.91372599,2.6114,3.7638,6262.96,6023,-0.6145,0,0,Normal,147.25,6591.51,92.3034,11.9928
2025-05-07,2025,5,May,Q2,Wed,2,7,FY25-26,0,0,0,6156.02,89345.34,159.53,23269.95,360.73,151172.23,0,0,1.180600869,1.89703628,2.842399361,1.888,3.6512,6262.4,6022.01,0.1455,0,0.1455,Normal,145.13,6676.28,92.2073,11.8326
2025-05-08,2025,5,May,Q2,Thu,3,8,FY25-26,0,0,0,6220.41,88440.61,156.89,22669.22,302.15,149160.09,0,0,1.045968012,-1.654861155,-16.23929255,1.7884,3.6514,6255.25,6021.05,0.123,0,0.123,Normal,142.18,6679.45,93.1276,13.5509
2025-05-09,2025,5,May,Q2,Fri,4,9,FY25-26,0,0,0,6130.56,86292.19,156.6,22547.41,321.14,159528.4,0,0,-1.44443855,-0.184842884,6.284957802,1.6657,3.6587,6220.66,6015.51,-0.2936,0,0,Normal,140.76,6608.3,92.7706,12.8324
2025-05-10,2025,5,May,Q2,Sat,5,10,FY25-26,1,0,0,6176.41,83538.15,149.7,18864.66,196.3,40632.5,0,0,0.747892525,-4.406130268,-38.87401133,1.7224,3.5884,6191.41,6019.58,0.0732,0,0.0732,Normal,135.25,6522.41,94.6952,17.8509
2025-05-11,2025,5,May,Q2,Sun,6,11,FY25-26,1,0,0,6023.18,65341.59,126.85,11968.05,159.97,21309.12,0,0,-2.480891003,-15.26386106,-18.50738665,1.844,3.5912,6155.24,6013.6,-0.4671,0,0,Normal,108.48,6310,95.4545,20.9999
2025-05-12,2025,5,May,Q2,Mon,0,12,FY25-26,0,0,0,5586.78,78333.03,148.45,20548.08,244.48,95674.4,0,0,-7.245342161,17.02798581,52.82865537,3.0551,3.2866,6053.94,6015.06,-1.2642,0,0,Normal,140.21,5979.71,93.4289,14.2183
2025-05-13,2025,5,May,Q2,Tue,1,13,FY25-26,0,0,0,6050.66,84780.86,151.3,22066.17,291.15,164593.31,0,0,8.303172847,1.919838329,19.08949607,4.7033,3.0312,6049.15,6012.09,1.3372,0,1.3372,Normal,140.12,6493.11,93.1859,13.6754
2025-05-14,2025,5,May,Q2,Wed,2,14,FY25-26,0,0,0,6097.36,84134.23,152.53,22108.19,268.92,150415.65,0,0,0.771816628,0.812954395,-7.635239567,4.6889,2.8767,6040.77,6021.11,0.0772,0,0.0772,Normal,137.98,6518.81,93.5349,14.4676
2025-05-15,2025,5,May,Q2,Thu,3,15,FY25-26,0,0,0,6064.93,83793.22,148.61,21745.28,274.37,157574.77,0,0,-0.53186953,-2.569986232,2.026625019,4.6657,2.7608,6018.55,6020.3,-0.141,0,0,Normal,138.16,6487.91,93.4805,14.3386
2025-05-16,2025,5,May,Q2,Fri,4,16,FY25-26,0,0,0,6031.17,78259.65,143.51,20345.93,272.38,156962.47,0,0,-0.556642863,-3.431801359,-0.725297955,4.6404,2.7617,6004.36,6019.2,-0.1451,0,0,Normal,129.76,6447.06,93.5492,14.5018
2025-05-17,2025,5,May,Q2,Sat,5,17,FY25-26,1,0,0,6058.72,75787.32,137.53,18346.27,224.24,82125.63,0,0,0.456793624,-4.166957006,-17.67383802,4.6324,2.7508,5987.54,6021.73,0.0244,0,0.0244,Normal,125.09,6420.49,94.3654,16.7474
2025-05-18,2025,5,May,Q2,Sun,6,18,FY25-26,1,0,0,5950.87,60347.3,125.28,11279.79,161.05,19778.98,0,0,-1.780078961,-8.907147531,-28.17962897,4.5818,2.6971,5977.21,6027.36,-0.3498,0,0,Normal,101.41,6237.2,95.4093,20.7833
2025-05-19,2025,5,May,Q2,Mon,0,19,FY25-26,0,0,0,5948.07,80321.57,150.37,21142.41,274.98,133983.6,0,0,-0.047051944,20.02713921,70.74200559,3.3481,2.5704,6028.83,6024.32,-0.0599,0,0,Normal,135.04,6373.42,93.3262,13.9839
2025-05-20,2025,5,May,Q2,Tue,1,20,FY25-26,0,0,0,5844.7,78514.86,150.22,21024.04,255.95,137109.93,0,0,-1.737874638,-0.09975394,-6.920503309,0.9927,2.5431,5999.4,6023.18,-0.3427,0,0,Normal,134.34,6250.87,93.5022,14.3898
2025-05-21,2025,5,May,Q2,Wed,2,21,FY25-26,0,0,0,5910.06,77375.62,147.34,20545.39,336.93,128845.88,0,0,1.118278098,-1.917188124,31.63899199,1.0715,2.551,5972.65,6023.78,0.1351,0,0.1351,Normal,130.92,6394.33,92.4266,12.2041
2025-05-22,2025,5,May,Q2,Thu,3,22,FY25-26,0,0,0,5895.76,75556,146.77,20153.52,244.17,127092.84,0,0,-0.241960319,-0.386860323,-27.53094115,1.073,2.5405,5948.48,6026.3,-0.0925,0,0,Normal,128.15,6286.7,93.7815,15.081
2025-05-23,2025,5,May,Q2,Fri,4,23,FY25-26,0,0,0,5917.59,73524.04,147.97,20444.01,260.25,153098.03,0,0,0.37026609,0.817605778,6.585575624,1.1069,2.541,5932.25,6029.45,0.01,0,0.01,Normal,124.25,6325.81,93.5468,14.4961
2025-05-24,2025,5,May,Q2,Sat,5,24,FY25-26,1,0,0,5854.68,69120.98,140.12,16417.8,174.08,33965.95,0,0,-1.063101702,-5.305129418,-33.1104707,1.0904,2.5485,5903.1,6031.21,-0.2298,0,0,Normal,118.06,6168.88,94.9067,18.6336
2025-05-25,2025,5,May,Q2,Sun,6,25,FY25-26,1,0,0,5835.6,58284.01,127.58,11003.42,157.61,18514.35,0,0,-0.325893132,-8.949471881,-9.461167279,0.9286,2.5452,5886.64,6030.71,-0.1065,0,0,Normal,99.88,6120.79,95.3406,20.4621
2025-05-26,2025,5,May,Q2,Mon,0,26,FY25-26,0,0,0,5785.37,76999.96,149.98,21220.72,261.05,160798.62,0,0,-0.860751251,17.55761091,65.6303534,0.9461,2.5495,5863.39,6029.19,-0.196,0,0,Normal,133.09,6196.4,93.3666,14.0753
2025-05-27,2025,5,May,Q2,Tue,1,27,FY25-26,0,0,0,5775.12,74452.63,143.83,20638.01,244.03,133111.31,0,0,-0.177171037,-4.10054674,-6.519823789,0.7366,2.5453,5853.45,6028.87,-0.0816,0,0,Normal,128.92,6162.98,93.7066,14.8897
2025-05-28,2025,5,May,Q2,Wed,2,28,FY25-26,0,1,0,5817.54,75951.73,144.8,20842.62,261.86,139998.76,0,0,0.734530192,0.674407286,7.306478712,0.6317,2.5444,5840.24,6028.38,0.0709,0,0.0709,Normal,130.56,6224.2,93.4665,14.3057
2025-05-29,2025,5,May,Q2,Thu,3,29,FY25-26,0,1,0,5793.6,76027.13,147.31,21809.38,251.91,150393.44,0,0,-0.411514145,1.733425414,-3.799740319,0.6358,2.5412,5825.64,6025.53,-0.1208,0,0,Normal,131.23,6192.82,93.5535,14.5123
2025-05-30,2025,5,May,Q2,Fri,4,30,FY25-26,0,1,0,5992.32,86128.51,153.23,25046.57,378.3,259801.04,0,0,3.429991715,4.018735999,50.17268072,1.5401,2.4644,5836.32,6019.94,0.5219,0,0.5219,Normal,143.73,6523.85,91.8525,11.2737
2025-05-31,2025,5,May,Q2,Sat,5,31,FY25-26,1,1,0,6176.33,93024.8,159.07,24933.98,292.29,144682.08,0,0,3.070763911,3.811264113,-22.73592387,1.757,2.5082,5882.27,6016.81,0.4618,0,0.4618,Normal,150.62,6627.69,93.1898,13.6838
2025-07-01,2025,7,Jul,Q3,Tue,1,1,FY25-26,0,0,1,6535.13,110062.3,190.34,29733.77,418.1,229348.05,0,0,5.809275087,19.6580122,43.04286838,2.4905,2.7108,5982.2,6022.22,0.92,0,0.92,Normal,168.42,7143.57,91.4827,10.7408
2025-07-02,2025,7,Jul,Q3,Wed,2,2,FY25-26,0,0,1,6649.96,104976.26,177.12,26353.82,336.2,148232.62,0,0,1.757118833,-6.945466008,-19.58861516,2.2328,2.7273,6105.71,6031.18,0.242,0,0.242,Normal,157.86,7163.28,92.834,12.9548
2025-07-03,2025,7,Jul,Q3,Thu,3,3,FY25-26,0,0,1,6446.99,95041.19,170.38,24593.26,288.29,155656.76,0,0,-3.05219881,-3.80532972,-14.25044616,2.8778,2.7714,6201.7,6036.87,-0.5626,0,0,Normal,147.42,6905.66,93.3581,14.0558
2025-07-04,2025,7,Jul,Q3,Fri,4,4,FY25-26,0,0,0,6483.11,92737.86,171.07,24048.39,299.78,157167.54,0,0,0.560261455,0.40497711,3.985570086,2.8875,2.7724,6296.78,6043.11,0.0418,0,0.0418,Normal,143.05,6953.96,93.229,13.7689
2025-07-05,2025,7,Jul,Q3,Sat,5,5,FY25-26,1,0,0,6561.36,92883.49,163.86,22049.58,403.84,129958.54,0,0,1.206982451,-4.214648974,34.71212222,2.7621,2.6982,6406.46,6059.01,0.15,0,0.15,Normal,141.56,7129.06,92.0368,11.5578
2025-07-06,2025,7,Jul,Q3,Sun,6,6,FY25-26,1,0,0,6234.23,69207.26,135.92,13326.6,169.86,23299.28,0,0,-4.985704183,-17.05114122,-57.93878764,3.6397,2.8579,6441.02,6061.62,-0.8861,0,0,Normal,111.01,6540.01,95.3245,20.388
2025-07-07,2025,7,Jul,Q3,Mon,0,7,FY25-26,0,0,0,6415.8,95194.06,168.03,24276.02,339.33,155376.47,0,0,2.912468741,23.6241907,99.77039915,3.6224,2.8996,6475.23,6068.13,0.4353,0,0.4353,Normal,148.37,6923.16,92.6716,12.6455
2025-07-08,2025,7,Jul,Q3,Tue,1,8,FY25-26,0,0,0,6481.43,89965.21,162.66,22665.74,294.44,138136.98,0,0,1.022943359,-3.195857883,-13.22901011,2.8435,2.888,6467.55,6079.83,0.1192,0,0.1192,Normal,138.8,6938.53,93.4121,14.1795
2025-07-09,2025,7,Jul,Q3,Wed,2,9,FY25-26,0,0,0,6381.36,87860.16,161.86,22130.75,280.74,133486.23,0,0,-1.543949406,-0.491823435,-4.652900421,2.76,2.904,6429.18,6086.66,-0.3103,0,0,Normal,137.68,6823.96,93.514,14.4179
2025-07-10,2025,7,Jul,Q3,Thu,3,10,FY25-26,0,0,0,6555.67,90757.83,165.39,22757.54,302.04,147765.44,0,0,2.731549388,2.180897072,7.587091259,2.7533,2.8971,6444.71,6104.41,0.405,0,0.405,Normal,138.44,7023.1,93.3444,14.0249
2025-07-11,2025,7,Jul,Q3,Fri,4,11,FY25-26,0,0,0,6460.48,85108.8,162.4,21686.86,301.69,153558.76,0,0,-1.452025499,-1.807848117,-0.115878692,2.8224,2.5472,6441.48,6133.53,-0.2949,0,0,Normal,131.74,6924.57,93.2979,13.9207
2025-07-12,2025,7,Jul,Q3,Sat,5,12,FY25-26,1,0,0,6446.34,77724.93,152.06,17366.41,193.79,36053.22,0,0,-0.218869186,-6.366995074,-35.76518943,2.7704,2.0814,6425.04,6146.72,-0.0886,0,0,Normal,120.57,6792.19,94.9081,18.6391
2025-07-13,2025,7,Jul,Q3,Sun,6,13,FY25-26,1,0,0,6348.89,64248.65,134.11,11509.29,172.27,22645.21,0,0,-1.511710521,-11.80455084,-11.10480417,1.9697,2.1027,6441.42,6155.11,-0.3049,0,0,Normal,101.2,6655.27,95.3964,20.7223
2025-07-14,2025,7,Jul,Q3,Mon,0,14,FY25-26,0,0,0,6286.84,86145.07,162.06,22424.22,342.21,162441.54,0,0,-0.977336196,20.84110059,98.64747199,1.6199,2.1092,6423,6162.5,-0.2155,0,0,Normal,137.02,6791.11,92.5746,12.4672
2025-07-15,2025,7,Jul,Q3,Tue,1,15,FY25-26,0,0,0,6346.66,84602.21,160.44,21457.39,290.44,161093.36,0,0,0.951511411,-0.999629767,-15.12813769,1.6106,2.11,6403.75,6173.02,0.1072,0,0.1072,Normal,133.3,6797.54,93.367,14.0762
2025-07-16,2025,7,Jul,Q3,Wed,2,16,FY25-26,0,0,0,6313.62,81454.6,155.44,21212.1,292.65,143317.67,0,0,-0.520588782,-3.116429818,0.760914475,1.5216,2.1133,6394.07,6181.52,-0.1391,0,0,Normal,129.01,6761.71,93.3731,14.0901
2025-07-17,2025,7,Jul,Q3,Thu,3,17,FY25-26,0,0,0,6182.45,76195.17,152.22,19518.07,284.85,132818.91,0,0,-2.077571979,-2.071538857,-2.665299846,1.006,2.1234,6340.75,6189.24,-0.3996,0,0,Normal,123.24,6619.52,93.3973,14.1452
2025-07-18,2025,7,Jul,Q3,Fri,4,18,FY25-26,0,0,0,6213.91,73841.65,147.02,19151,258.33,154071.25,0,0,0.508859756,-3.416108264,-9.310163244,1.0745,2.1241,6305.53,6198.1,0.0332,0,0.0332,Normal,118.83,6619.26,93.8762,15.3297
2025-07-19,2025,7,Jul,Q3,Sat,5,19,FY25-26,1,0,0,6244.42,72515.93,143.55,18011.16,222.15,83270.33,0,0,0.490995203,-2.360223099,-14.005342,1.1422,2.0939,6276.68,6211.42,0.0302,0,0.0302,Normal,116.13,6610.12,94.4676,17.0753
2025-07-20,2025,7,Jul,Q3,Sun,6,20,FY25-26,1,0,0,6252.9,60707.39,127.77,11023.12,163.3,18975.65,0,0,0.135801243,-10.99268548,-26.49110961,1.0528,2.0874,6262.97,6222.85,-0.0293,0,0,Normal,97.09,6543.97,95.5521,21.4825
2025-07-21,2025,7,Jul,Q3,Mon,0,21,FY25-26,0,0,0,6126.68,77296.08,154.98,20204.96,254.77,128840.88,0,0,-2.018583377,21.29607889,56.01347214,1.2364,2.1255,6240.09,6230.55,-0.3897,0,0,Normal,126.16,6536.43,93.7313,14.9522
2025-07-22,2025,7,Jul,Q3,Tue,1,22,FY25-26,0,0,0,6096.52,73274.46,149.79,19340.66,246.37,128229.33,0,0,-0.49227314,-3.348819202,-3.297091494,1.093,2.1282,6204.36,6236.51,-0.1343,0,0,Normal,120.19,6492.68,93.8984,15.389
2025-07-23,2025,7,Jul,Q3,Wed,2,23,FY25-26,0,0,0,6094.14,72901.37,150.5,19513.33,258.98,121671.98,0,0,-0.039038665,0.473996929,5.118317977,1.1114,2.1167,6173,6244.49,-0.0585,0,0,Normal,119.63,6503.62,93.7038,14.8826
2025-07-24,2025,7,Jul,Q3,Thu,3,24,FY25-26,0,0,0,6022.45,70319.08,149.33,19510.21,242.5,137952.09,0,0,-1.176375994,-0.777408638,-6.363425747,0.9365,2.1291,6150.15,6250.72,-0.2488,0,0,Normal,116.76,6414.28,93.8913,15.3701
2025-07-25,2025,7,Jul,Q3,Fri,4,25,FY25-26,0,0,0,5974.38,72926.31,150.5,19903.67,259.5,155114.65,0,0,-0.798180143,0.783499632,7.010309278,0.8591,2.1281,6115.93,6257.02,-0.1855,0,0,Normal,122.07,6384.38,93.5781,14.5717
2025-07-26,2025,7,Jul,Q3,Sat,5,26,FY25-26,1,0,0,6032.41,67031.53,141.53,15874.33,183.13,35267.99,0,0,0.971314178,-5.96013289,-29.42967245,0.9689,2.1327,6085.64,6265.6,0.1105,0,0.1105,Normal,111.12,6357.07,94.8929,18.5807
2025-07-27,2025,7,Jul,Q3,Sun,6,27,FY25-26,1,0,0,6094.34,55840.25,127.18,10359.3,160.14,18106.21,0,0,1.026621201,-10.1391931,-12.55392344,1.1124,2.1361,6062.99,6274.82,0.1198,0,0.1198,Normal,91.63,6381.66,95.4977,21.211
2025-07-28,2025,7,Jul,Q3,Mon,0,28,FY25-26,0,1,0,6075.99,76306.71,156.73,21204.14,284.92,172529.41,0,0,-0.301099053,23.23478534,77.91932059,0.8426,2.1351,6055.75,6284.24,-0.1024,0,0,Normal,125.59,6517.64,93.2238,13.7575
2025-07-29,2025,7,Jul,Q3,Tue,1,29,FY25-26,0,1,0,5908.51,73041.58,151.13,20539.38,246.67,140643.51,0,0,-2.756423233,-3.573023671,-13.424821,1.314,2.1091,6028.89,6281.44,-0.5132,0,0,Normal,123.62,6306.31,93.692,14.853
2025-07-30,2025,7,Jul,Q3,Wed,2,30,FY25-26,0,1,0,6077.25,79458.74,155.75,22322.71,281.59,188053.41,0,0,2.855880755,3.05697082,14.15656545,1.8193,2.0985,6026.48,6278.14,0.4258,0,0.4258,Normal,130.75,6514.59,93.2868,13.8959
2025-07-31,2025,7,Jul,Q3,Thu,3,31,FY25-26,0,1,0,6335.26,98871.97,170.78,27343.46,427.26,280876.92,0,0,4.24550578,9.650080257,51.73124046,2.3301,1.9635,6071.16,6271.48,0.6583,0,0.6583,Normal,156.07,6933.3,91.3744,10.5934
